setup,symbol,primary,split,scenario,cost_per_side,opt_tick_usd,trades,days,win_rate,avg_win_bps,avg_loss_bps,expectancy_bps,usd_per_trade,profit_factor,total_usd,max_dd_usd,avg_hold_min,eod_exits,avg_r_gross,pub_sizing_pct,ci_lo_bps,ci_hi_bps,random_expectancy_bps,vs_random_bps,p_vs_random,coin_expectancy_bps,vs_coin_bps,p_vs_coin
EMA9_21_PULLBACK_5M,QQQ,True,all,gross,0.0,,1265,513,0.3549407114624506,39.091568092383085,-21.409345852634342,0.0648915871386444,0.00648915871386444,1.0046987827446063,8.208785773038606,209.66706385260173,70.29881422924902,0,-0.020546499631953968,,-2.1176437013961014,2.2215232666119777,0.8174227282007779,-0.7525311410621335,0.6606696651674163,-0.026701891932663268,0.09159347907130767,0.4707646176911544
EMA9_21_PULLBACK_5M,QQQ,True,all,quoted,0.25,,1265,513,0.3549407114624506,38.591568092383085,-21.909345852634342,-0.4351084128613556,-0.04351084128613556,0.9692129245349953,-55.04121422696144,238.11396733157204,70.29881422924902,0,-0.020546499631953968,,-2.617643701396102,1.7215232666119773,0.31742272820077794,-0.7525311410621336,0.6606696651674163,-0.5267018919326629,0.09159347907130733,0.4707646176911544
EMA9_21_PULLBACK_5M,QQQ,True,all,low,0.5,,1265,513,0.35177865612648224,38.43554742025999,-22.300891151567445,-0.9351084128613556,-0.09351084128613557,0.9353130880084032,-118.29121422696146,266.613967331572,70.29881422924902,0,-0.020546499631953968,,-3.117643701396102,1.2215232666119775,-0.1825772717992219,-0.7525311410621337,0.6606696651674163,-1.026701891932663,0.09159347907130733,0.4707646176911544
EMA9_21_PULLBACK_5M,QQQ,True,all,realistic,1.5,,1265,513,0.35177865612648224,36.43554742025999,-24.300891151567445,-2.935108412861356,-0.2935108412861356,0.8136717864101004,-371.29121422696176,432.83579404752777,70.29881422924902,0,-0.020546499631953968,,-5.117643701396101,-0.7784767333880223,-2.1825772717992225,-0.7525311410621334,0.6606696651674163,-3.026701891932663,0.0915934790713071,0.4707646176911544
EMA9_21_PULLBACK_5M,QQQ,True,all,pessimistic,4.0,,1265,513,0.3391304347826087,32.69423668562415,-28.784377608136808,-7.935108412861356,-0.7935108412861357,0.5828615055022168,-1003.7912142269608,1014.4029290581719,70.29881422924902,0,-0.020546499631953968,,-10.117643701396101,-5.778476733388024,-7.182577271799223,-0.7525311410621329,0.6606696651674163,-8.026701891932664,0.09159347907130755,0.4707646176911544
EMA9_21_PULLBACK_5M,QQQ,True,all,opt_bach,200.0,0.01,1265,513,0.2727272727272727,4560.580250322692,-3664.714460432889,-1421.4522665904576,-142.14522665904576,0.46667144530245136,-179813.7117236928,182245.24481816863,70.29881422924902,0,-0.020546499631953968,,-1714.4986562803456,-1109.37006471324,-1177.8071694186708,-243.6450971717868,0.9015492253873063,-1490.9567019662795,69.50443537582191,0.33833083458270863
EMA9_21_PULLBACK_5M,QQQ,True,all,opt_bach_pess,500.0,0.02,1265,513,0.2490118577075099,4360.185485390936,-4137.468994879025,-2021.4522665904576,-202.14522665904576,0.34942756437967376,-255713.7117236925,257005.24481816834,70.29881422924902,0,-0.020546499631953968,,-2314.498656280345,-1709.3700647132398,-1777.5739715250834,-243.87829506537423,0.9015492253873063,-2090.9567019662795,69.50443537582191,0.33833083458270863
EMA9_21_PULLBACK_5M,QQQ,True,all,opt_delta_no_decay,200.0,0.01,1265,513,0.35177865612648224,4193.078613435122,-2711.6730433375114,-282.72878463093286,-28.272878463093285,0.8391543294480277,-35765.1912558129,41068.095321832145,70.29881422924902,0,-0.020546499631953968,,-527.0557445624984,-32.81972067657124,-82.30721065586938,-200.4215739750635,0.8860569715142429,-303.24632779635266,20.517543165419795,0.4472763618190905
EMA9_21_PULLBACK_5M,QQQ,True,IS,gross,0.0,,649,257,0.3220338983050847,38.25642106719198,-21.837588134442896,-2.4852800864587827,-0.24852800864587826,0.8321340202517642,-161.29467761117505,209.66706385260173,66.17565485362096,0,-0.10834734477377561,,-5.817336543848536,0.8096714088762917,-0.46044196802041404,-2.024838118438369,0.767616191904048,-1.0267155721977668,-1.458564514261016,0.7501249375312344
EMA9_21_PULLBACK_5M,QQQ,True,IS,quoted,0.25,,649,257,0.3220338983050847,37.75642106719198,-22.337588134442896,-2.9852800864587823,-0.2985280086458782,0.8028753999301669,-193.74467761117498,238.11396733157204,66.17565485362096,0,-0.10834734477377561,,-6.317336543848537,0.3096714088762917,-0.960441968020414,-2.0248381184383684,0.767616191904048,-1.5267155721977668,-1.4585645142610155,0.7501249375312344
EMA9_21_PULLBACK_5M,QQQ,True,IS,low,0.5,,649,257,0.3204930662557781,37.43766235594551,-22.78680395952022,-3.4852800864587823,-0.3485280086458782,0.7749078361009754,-226.19467761117502,266.613967331572,66.17565485362096,0,-0.10834734477377561,,-6.817336543848537,-0.19032859112370804,-1.4604419680204137,-2.0248381184383684,0.767616191904048,-2.0267155721977668,-1.4585645142610155,0.7501249375312344
EMA9_21_PULLBACK_5M,QQQ,True,IS,realistic,1.5,,649,257,0.3204930662557781,35.43766235594552,-24.78680395952022,-5.485280086458784,-0.5485280086458784,0.6743250286575514,-355.9946776111749,380.613967331572,66.17565485362096,0,-0.10834734477377561,,-8.817336543848537,-2.190328591123708,-3.460441968020414,-2.0248381184383697,0.767616191904048,-4.026715572197766,-1.4585645142610177,0.7501249375312344
EMA9_21_PULLBACK_5M,QQQ,True,IS,pessimistic,4.0,,649,257,0.31278890600924497,31.256268528761726,-29.48423607051655,-10.485280086458783,-1.0485280086458784,0.4825123445264604,-680.494677611175,691.2118832100161,66.17565485362096,0,-0.10834734477377561,,-13.817336543848535,-7.190328591123708,-8.460441968020413,-2.0248381184383692,0.767616191904048,-9.026715572197766,-1.4585645142610169,0.7501249375312344
EMA9_21_PULLBACK_5M,QQQ,True,IS,opt_bach,200.0,0.01,649,257,0.24499229583975346,4116.294164103394,-3517.0125331576132,-1646.9112005466732,-164.69112005466732,0.3797812605605572,-106884.53691547911,108228.73800883922,66.17565485362096,0,-0.10834734477377561,,-1993.1754044234538,-1262.0870186520876,-1319.515646865738,-327.3955536809351,0.8630684657671165,-1633.374098597041,-13.537101949632188,0.527736131934033
EMA9_21_PULLBACK_5M,QQQ,True,IS,opt_bach_pess,500.0,0.02,649,257,0.21879815100154082,3963.7954135279724,-3986.399049064621,-2246.911200546673,-224.6911200546673,0.2784907952265188,-145824.53691547894,147048.73800883905,66.17565485362096,0,-0.10834734477377561,,-2593.175404423454,-1862.0870186520872,-1919.1267594243973,-327.7844411222759,0.863568215892054,-2233.374098597041,-13.53710194963196,0.527736131934033
EMA9_21_PULLBACK_5M,QQQ,True,IS,opt_delta_no_decay,200.0,0.01,649,257,0.3204930662557781,4001.8654582055947,-2666.1609116818686,-529.1046945222503,-52.91046945222503,0.7079472061216998,-34338.894674494026,41068.095321832145,66.17565485362096,0,-0.10834734477377561,,-836.5399263294453,-194.20817337313696,-265.68949398240835,-263.4152005398419,0.8470764617691154,-350.4882090240455,-178.61648549820478,0.8030984507746127
EMA9_21_PULLBACK_5M,QQQ,True,OOS,gross,0.0,,616,256,0.38961038961038963,39.818841960153684,-20.908211267539226,2.751679600393077,0.27516796003930766,1.2156124585217616,169.5034633842135,41.8592645222442,74.64285714285714,0,0.07195796221389382,,-0.005121772451227279,5.551091359593501,2.163744461719534,0.5879351386735427,0.4017991004497751,1.0171219114678636,1.7345576889252132,0.20939530234882558
EMA9_21_PULLBACK_5M,QQQ,True,OOS,quoted,0.25,,616,256,0.38961038961038963,39.318841960153684,-21.408211267539226,2.251679600393077,0.22516796003930767,1.1723134106075337,138.7034633842137,52.08254463021868,74.64285714285714,0,0.07195796221389382,,-0.5051217724512275,5.051091359593501,1.663744461719534,0.5879351386735427,0.4017991004497751,0.5171219114678635,1.7345576889252134,0.20939530234882558
EMA9_21_PULLBACK_5M,QQQ,True,OOS,low,0.5,,616,256,0.3847402597402597,39.31132840497479,-21.7354886494377,1.751679600393077,0.1751679600393077,1.1309865688918534,107.90346338421362,62.38254463021869,74.64285714285714,0,0.07195796221389382,,-1.0051217724512274,4.551091359593501,1.163744461719534,0.587935138673543,0.4017991004497751,0.017121911467863484,1.7345576889252134,0.20939530234882558
EMA9_21_PULLBACK_5M,QQQ,True,OOS,realistic,1.5,,616,256,0.3847402597402597,37.31132840497479,-23.7354886494377,-0.2483203996069236,-0.02483203996069236,0.9829958188268119,-15.296536615786465,104.14530208792564,74.64285714285714,0,0.07195796221389382,,-3.005121772451228,2.551091359593501,-0.8362555382804662,0.5879351386735425,0.4017991004497751,-1.9828780885321364,1.7345576889252128,0.20939530234882558
EMA9_21_PULLBACK_5M,QQQ,True,OOS,pessimistic,4.0,,616,256,0.36688311688311687,33.98586295041649,-27.984026648594853,-5.248320399606924,-0.5248320399606924,0.7037719092710908,-323.29653661578686,325.73590874643617,74.64285714285714,0,0.07195796221389382,,-8.005121772451227,-2.448908640406499,-5.836255538280467,0.5879351386735427,0.4017991004497751,-6.982878088532136,1.7345576889252117,0.20939530234882558
EMA9_21_PULLBACK_5M,QQQ,True,OOS,opt_bach,200.0,0.01,616,256,0.30194805194805197,4940.3731949940275,-3833.0259589558777,-1183.9151754580168,-118.39151754580168,0.5575226102608363,-72929.17480821387,77782.46098601806,74.64285714285714,0,0.07195796221389382,,-1635.2070631806346,-669.0791911536714,-1028.507166394082,-155.40800906393474,0.7551224387806097,-1342.3000670069318,158.384891548915,0.272863568215892
EMA9_21_PULLBACK_5M,QQQ,True,OOS,opt_bach_pess,500.0,0.02,616,256,0.28084415584415584,4685.546122411403,-4310.3639441519435,-1783.9151754580164,-178.39151754580163,0.4245107113378178,-109889.17480821384,110782.46098601805,74.64285714285714,0,0.07195796221389382,,-2235.207063180634,-1269.0791911536714,-1628.4379985597352,-155.4771768982812,0.7551224387806097,-1942.300067006932,158.38489154891568,0.272863568215892
EMA9_21_PULLBACK_5M,QQQ,True,OOS,opt_delta_no_decay,200.0,0.01,616,256,0.3847402597402597,4360.894378362302,-2764.6304313589844,-23.154165281152082,-2.3154165281152084,0.9863876362087858,-1426.296581318968,11629.32392369441,74.64285714285714,0,0.07195796221389382,,-359.5026273884356,363.0765651063611,110.89912356316273,-134.0532888443148,0.7401299350324838,-253.9348022482084,230.78063696705632,0.1724137931034483
EMA9_21_PULLBACK_5M,QQQ,True,Y2024,gross,0.0,,215,82,0.2930232558139535,35.16466833284592,-18.630513923065923,-2.867274471333614,-0.2867274471333614,0.7823095862058417,-61.64640113367271,84.69054393922681,58.96279069767442,0,-0.16972247788870629,,-7.019621958633275,1.5478573118529917,-2.351708613509242,-0.515565857824372,0.5887056471764118,-0.46135436995232715,-2.405920101381287,0.7881059470264867
EMA9_21_PULLBACK_5M,QQQ,True,Y2024,quoted,0.25,,215,82,0.2930232558139535,34.66466833284592,-19.130513923065923,-3.367274471333614,-0.33672744713336145,0.751030152855821,-72.39640113367268,95.1905439392268,58.96279069767442,0,-0.16972247788870629,,-7.519621958633275,1.0478573118529917,-2.8517086135092424,-0.5155658578243716,0.5887056471764118,-0.9613543699523273,-2.4059201013812865,0.7881059470264867
EMA9_21_PULLBACK_5M,QQQ,True,Y2024,low,0.5,,215,82,0.2930232558139535,34.16466833284592,-19.630513923065923,-3.867274471333614,-0.38672744713336143,0.7213441282913577,-83.14640113367271,105.69054393922683,58.96279069767442,0,-0.16972247788870629,,-8.019621958633275,0.5478573118529917,-3.351708613509242,-0.515565857824372,0.5887056471764118,-1.4613543699523273,-2.4059201013812865,0.7881059470264867
EMA9_21_PULLBACK_5M,QQQ,True,Y2024,realistic,1.5,,215,82,0.2930232558139535,32.16466833284592,-21.630513923065923,-5.867274471333615,-0.5867274471333616,0.6163241720811917,-126.1464011336727,147.6905439392268,58.96279069767442,0,-0.16972247788870629,,-10.019621958633275,-1.4521426881470083,-5.351708613509243,-0.515565857824372,0.5887056471764118,-3.461354369952327,-2.405920101381288,0.7881059470264867
EMA9_21_PULLBACK_5M,QQQ,True,Y2024,pessimistic,4.0,,215,82,0.28837209302325584,27.64143283897545,-26.472110113419642,-10.867274471333612,-1.0867274471333612,0.4231284720177044,-233.64640113367278,252.6905439392269,58.96279069767442,0,-0.16972247788870629,,-15.019621958633275,-6.452142688147007,-10.351708613509242,-0.5155658578243703,0.5887056471764118,-8.461354369952328,-2.405920101381284,0.7881059470264867
EMA9_21_PULLBACK_5M,QQQ,True,Y2024,opt_bach,200.0,0.01,215,82,0.2372093023255814,3816.4058398400816,-3391.6755612414954,-1681.851600984936,-168.1851600984936,0.34991823707529945,-36159.809421176134,38209.09108949032,58.96279069767442,0,-0.16972247788870629,,-2260.7965731951185,-1097.5753099585575,-1349.1221890087513,-332.7294119761848,0.711144427786107,-1789.383507132776,107.53190614783989,0.40929535232383807
EMA9_21_PULLBACK_5M,QQQ,True,Y2024,opt_bach_pess,500.0,0.02,215,82,0.21395348837209302,3588.5337947611597,-3879.7079808921567,-2281.851600984936,-228.1851600984936,0.2517613909795793,-49059.80942117613,50809.09108949031,58.96279069767442,0,-0.16972247788870629,,-2860.796573195118,-1697.5753099585572,-1948.4626411550744,-333.3889598298615,0.7116441779110445,-2389.383507132776,107.53190614783989,0.40929535232383807
EMA9_21_PULLBACK_5M,QQQ,True,Y2024,opt_delta_no_decay,200.0,0.01,215,82,0.2930232558139535,3990.395496428238,-2629.299048126909,-689.5746001874936,-68.95746001874936,0.6290322601531152,-14825.853904031097,17115.51448463317,58.96279069767442,0,-0.16972247788870629,,-1216.333118847067,-152.74731843904001,-483.9914537185116,-205.58314646898202,0.6831584207896052,-477.75947197988376,-211.81512820760986,0.7161419290354822
EMA9_21_PULLBACK_5M,QQQ,True,Y2025,gross,0.0,,616,247,0.3538961038961039,38.448256471799276,-22.547356992936493,-0.9612470330137703,-0.09612470330137703,0.9340162473392263,-59.21281723364832,160.08141396586507,69.2711038961039,0,-0.02641937679589229,,-4.39523116118861,2.558853320542215,1.044227854486885,-2.0054748875006556,0.7581209395302348,-0.9737455571157753,0.012498524102004915,0.49025487256371814
EMA9_21_PULLBACK_5M,QQQ,True,Y2025,quoted,0.25,,616,247,0.3538961038961039,37.948256471799276,-23.047356992936493,-1.4612470330137703,-0.14612470330137703,0.9018703717566012,-90.01281723364822,173.57831744483545,69.2711038961039,0,-0.02641937679589229,,-4.89523116118861,2.058853320542215,0.5442278544868849,-2.005474887500655,0.7581209395302348,-1.4737455571157756,0.012498524102005248,0.49025487256371814
EMA9_21_PULLBACK_5M,QQQ,True,Y2025,low,0.5,,616,247,0.35064935064935066,37.79720826658619,-23.430812894797747,-1.9612470330137703,-0.19612470330137702,0.8710962165759176,-120.81281723364862,187.18692151183166,69.2711038961039,0,-0.02641937679589229,,-5.39523116118861,1.5588533205422153,0.04422785448688499,-2.005474887500655,0.7581209395302348,-1.9737455571157758,0.01249852410200547,0.49025487256371814
EMA9_21_PULLBACK_5M,QQQ,True,Y2025,realistic,1.5,,616,247,0.35064935064935066,35.79720826658619,-25.43081289479775,-3.9612470330137706,-0.39612470330137706,0.7601209030919684,-244.0128172336483,256.6959179905889,69.2711038961039,0,-0.02641937679589229,,-7.395231161188609,-0.4411466794577843,-1.9557721455131152,-2.0054748875006556,0.7581209395302348,-3.9737455571157754,0.012498524102004804,0.49025487256371814
EMA9_21_PULLBACK_5M,QQQ,True,Y2025,pessimistic,4.0,,616,247,0.33766233766233766,32.06855224990783,-29.878399608620867,-8.961247033013771,-0.8961247033013772,0.5471736742992865,-552.0128172336485,552.0128172336485,69.2711038961039,0,-0.02641937679589229,,-12.39523116118861,-5.441146679457785,-6.955772145513114,-2.0054748875006574,0.7581209395302348,-8.973745557115775,0.012498524102003472,0.49025487256371814
EMA9_21_PULLBACK_5M,QQQ,True,Y2025,opt_bach,200.0,0.01,616,247,0.2662337662337662,4853.432565540501,-3659.978613638887,-1393.42109190931,-139.342109190931,0.4811448763242003,-85834.73926161352,85834.73926161352,69.2711038961039,0,-0.02641937679589229,,-1829.4168713586153,-849.8708840053068,-1096.9970453152828,-296.42404659402723,0.8450774612693653,-1483.440720730203,90.0196288208931,0.34782608695652173
EMA9_21_PULLBACK_5M,QQQ,True,Y2025,opt_bach_pess,500.0,0.02,616,247,0.2418831168831169,4705.7736963617,-4130.851548980789,-1993.4210919093102,-199.34210919093104,0.36346352794893877,-122794.73926161343,122794.73926161343,69.2711038961039,0,-0.02641937679589229,,-2429.4168713586155,-1449.8708840053066,-1696.715018832103,-296.7060730772073,0.8460769615192404,-2083.440720730203,90.01962882089265,0.34782608695652173
EMA9_21_PULLBACK_5M,QQQ,True,Y2025,opt_delta_no_decay,200.0,0.01,616,247,0.35064935064935066,4275.8169253899205,-2767.0029643057087,-297.44274324360504,-29.7442743243605,0.8344556075638004,-18322.47298380609,24927.599679355415,69.2711038961039,0,-0.02641937679589229,,-645.9056724550909,103.193991791217,-32.70415526168477,-264.73858798192026,0.8520739630184908,-334.1690410315148,36.72629778790974,0.4332833583208396
EMA9_21_PULLBACK_5M,QQQ,True,Y2026,gross,0.0,,434,184,0.3870967741935484,41.39892891463377,-21.294511339304055,2.9739171460912317,0.29739171460912317,1.227860622367257,129.0680041403596,41.627187791774546,77.37327188940093,0,0.06168973921179659,,-0.4294001827381399,6.511770819973526,2.065467153720161,0.9084499923710707,0.3568215892053973,1.5412857939665183,1.4326313521247134,0.3028485757121439
EMA9_21_PULLBACK_5M,QQQ,True,Y2026,quoted,0.25,,434,184,0.3870967741935484,40.89892891463377,-21.794511339304055,2.4739171460912317,0.24739171460912315,1.185202185552884,107.3680041403594,45.139905591485345,77.37327188940093,0,0.06168973921179659,,-0.92940018273814,6.011770819973526,1.5654671537201612,0.9084499923710705,0.3568215892053973,1.0412857939665183,1.4326313521247134,0.3028485757121439
EMA9_21_PULLBACK_5M,QQQ,True,Y2026,low,0.5,,434,184,0.3824884792626728,40.88703320158904,-22.1289830972395,1.9739171460912315,0.19739171460912314,1.1444516137331628,85.66800414035949,49.26825589997999,77.37327188940093,0,0.06168973921179659,,-1.42940018273814,5.511770819973526,1.065467153720161,0.9084499923710705,0.3568215892053973,0.5412857939665183,1.4326313521247132,0.3028485757121439
EMA9_21_PULLBACK_5M,QQQ,True,Y2026,realistic,1.5,,434,184,0.3824884792626728,38.88703320158904,-24.1289830972395,-0.02608285390876833,-0.002608285390876833,0.9982494640860369,-1.1319958596405164,70.46825589998,77.37327188940093,0,0.06168973921179659,,-3.429400182738139,3.511770819973526,-0.934532846279839,0.9084499923710707,0.3568215892053973,-1.4587142060334821,1.4326313521247138,0.3028485757121439
EMA9_21_PULLBACK_5M,QQQ,True,Y2026,pessimistic,4.0,,434,184,0.3663594470046083,35.48301782475125,-28.44770833720674,-5.0260828539087665,-0.5026082853908767,0.7211700681583604,-218.1319958596403,222.2810402382422,77.37327188940093,0,0.06168973921179659,,-8.429400182738139,-1.4882291800264755,-5.934532846279838,0.9084499923710716,0.3568215892053973,-6.458714206033482,1.4326313521247158,0.3028485757121439
EMA9_21_PULLBACK_5M,QQQ,True,Y2026,opt_bach,200.0,0.01,434,184,0.2995391705069124,4483.081136775712,-3819.0532177298537,-1332.2387797443155,-133.22387797443153,0.5019849045748936,-57819.163040903346,59548.30228166783,77.37327188940093,0,0.06168973921179659,,-1778.5260643111205,-860.8055247506826,-1207.6373704228638,-124.60140932145168,0.7041479260369815,-1362.6886573293013,30.44987758498587,0.46926536731634183
EMA9_21_PULLBACK_5M,QQQ,True,Y2026,opt_bach_pess,500.0,0.02,434,184,0.2764976958525346,4226.879938176983,-4286.042111433984,-1932.2387797443157,-193.22387797443156,0.3768904008036348,-83859.16304090334,84508.30228166781,77.37327188940093,0,0.06168973921179659,,-2378.5260643111205,-1460.8055247506827,-1807.6846878578674,-124.5540918864483,0.703648175912044,-1962.6886573293016,30.44987758498587,0.46926536731634183
EMA9_21_PULLBACK_5M,QQQ,True,Y2026,opt_delta_no_decay,200.0,0.01,434,184,0.3824884792626728,4162.341029032695,-2675.8106511163637,-60.29641400865963,-6.029641400865963,0.9635085566334147,-2616.864367975828,8127.201829318527,77.37327188940093,0,0.06168973921179659,,-423.64035890587155,329.03717769535837,46.27949472581348,-106.5759087344731,0.6761619190404797,-177.3191076319257,117.02269362326606,0.35332333833083457
EMA9_21_PULLBACK_5M,SPY,True,all,gross,0.0,,1291,513,0.3601859024012393,27.414175608227715,-15.34629170570496,0.05542580086257873,0.0055425800862578724,1.0056448801152895,7.1554708913590055,149.07777468841667,66.70255615801705,0,-0.006434379033812088,,-1.4864248134929194,1.5797331590123058,0.0862284453276754,-0.030802644465096674,0.511744127936032,0.2112808330510749,-0.15585503218849617,0.5502248875562219
EMA9_21_PULLBACK_5M,SPY,True,all,quoted,0.25,,1291,513,0.3578621223857475,27.090003395623654,-15.789537828545884,-0.4445741991374211,-0.04445741991374211,0.9561523271825618,-57.39452910864101,182.22777468841687,66.70255615801705,0,-0.006434379033812088,,-1.9864248134929194,1.0797331590123056,-0.4137715546723246,-0.03080264446509645,0.511744127936032,-0.28871916694892513,-0.15585503218849595,0.5502248875562219
EMA9_21_PULLBACK_5M,SPY,True,all,low,0.5,,1291,513,0.3570875290472502,26.64798355824422,-16.270079170406017,-0.9445741991374209,-0.0944574199137421,0.909698583596791,-121.94452910864109,215.3777746884168,66.70255615801705,0,-0.006434379033812088,,-2.486424813492919,0.5797331590123057,-0.9137715546723247,-0.030802644465096174,0.511744127936032,-0.7887191669489251,-0.15585503218849583,0.5502248875562219
EMA9_21_PULLBACK_5M,SPY,True,all,realistic,1.5,,1291,513,0.35398915569326106,24.871508101764178,-18.186720016298132,-2.9445741991374215,-0.29445741991374214,0.7493727359900114,-380.14452910864105,394.9437663599778,66.70255615801705,0,-0.006434379033812088,,-4.48642481349292,-1.4202668409876944,-2.913771554672324,-0.030802644465097284,0.511744127936032,-2.7887191669489253,-0.15585503218849617,0.5502248875562219
EMA9_21_PULLBACK_5M,SPY,True,all,pessimistic,4.0,,1291,513,0.32610379550735863,21.751178289277288,-22.31458775962316,-7.9445741991374215,-0.7944574199137422,0.47169010232432457,-1025.6445291086409,1032.4442162244368,66.70255615801705,0,-0.006434379033812088,,-9.486424813492919,-6.420266840987694,-7.913771554672325,-0.03080264446509684,0.511744127936032,-7.788719166948925,-0.15585503218849617,0.5502248875562219
EMA9_21_PULLBACK_5M,SPY,True,all,opt_bach,200.0,0.01,1291,513,0.28350116189000774,4183.725118933183,-3679.9009356468723,-1450.5538125048893,-145.05538125048892,0.4498485943573884,-187266.49719438123,188535.400176022,66.70255615801705,0,-0.006434379033812088,,-1708.3357091069433,-1182.0631637063052,-1347.6054722789534,-102.94834022593591,0.7151424287856072,-1414.6719991619677,-35.88181334292153,0.6111944027986007
EMA9_21_PULLBACK_5M,SPY,True,all,opt_bach_pess,500.0,0.02,1291,513,0.2656855151045701,3839.4702190678804,-4181.64900536297,-2050.5538125048893,-205.05538125048892,0.3322075584259947,-264726.4971943811,265875.40017602185,66.70255615801705,0,-0.006434379033812088,,-2308.3357091069433,-1782.063163706305,-1947.407986732299,-103.14582577259034,0.7156421789105447,-2014.671999161968,-35.881813342921305,0.6111944027986007
EMA9_21_PULLBACK_5M,SPY,True,all,opt_delta_no_decay,200.0,0.01,1291,513,0.35398915569326106,3934.342955648165,-2698.655779657679,-350.6461576322951,-35.06461576322951,0.7988677170104181,-45268.418950329404,50264.71005406175,66.70255615801705,0,-0.006434379033812088,,-562.5285737623155,-131.53332333615006,-306.2357576663685,-44.410399965926615,0.6036981509245377,-305.0563698556232,-45.589787776671926,0.6296851574212894
EMA9_21_PULLBACK_5M,SPY,True,IS,gross,0.0,,654,257,0.30428134556574926,29.061485377710856,-15.433008262472049,-1.894163867370522,-0.1894163867370522,0.8235858929317645,-123.87831692603207,141.9841047728129,61.36544342507645,0,-0.165996419731772,,-4.215830528686113,0.5715154478203315,1.2537592563660893,-3.147923123736611,0.9750124937531235,-0.3341853589786325,-1.5599785083918893,0.841079460269865
EMA9_21_PULLBACK_5M,SPY,True,IS,quoted,0.25,,654,257,0.30275229357798167,28.70655663605738,-15.898424085964216,-2.394163867370522,-0.2394163867370522,0.7840204160021643,-156.57831692603222,173.68410477281307,61.36544342507645,0,-0.165996419731772,,-4.715830528686113,0.07151544782033135,0.7537592563660893,-3.147923123736611,0.9750124937531235,-0.8341853589786326,-1.5599785083918893,0.841079460269865
EMA9_21_PULLBACK_5M,SPY,True,IS,low,0.5,,654,257,0.3012232415902141,28.350441956912785,-16.362845152674268,-2.894163867370522,-0.2894163867370522,0.7468803595386246,-189.27831692603218,205.38410477281303,61.36544342507645,0,-0.165996419731772,,-5.215830528686113,-0.42848455217966847,0.25375925636608937,-3.147923123736611,0.9750124937531235,-1.3341853589786326,-1.5599785083918893,0.841079460269865
EMA9_21_PULLBACK_5M,SPY,True,IS,realistic,1.5,,654,257,0.2966360856269113,26.76767130683716,-18.247198701710285,-4.894163867370522,-0.4894163867370522,0.6186689039371004,-320.0783169260321,332.18410477281293,61.36544342507645,0,-0.165996419731772,,-7.215830528686113,-2.4284845521796687,-1.7462407436339102,-3.1479231237366117,0.9750124937531235,-3.3341853589786328,-1.5599785083918891,0.841079460269865
EMA9_21_PULLBACK_5M,SPY,True,IS,pessimistic,4.0,,654,257,0.27217125382262997,23.913541835684686,-22.536541210109654,-9.894163867370521,-0.989416386737052,0.39679819713133896,-647.0783169260322,652.2492749035724,61.36544342507645,0,-0.165996419731772,,-12.215830528686114,-7.428484552179669,-6.746240743633911,-3.14792312373661,0.9750124937531235,-8.334185358978633,-1.5599785083918878,0.841079460269865
EMA9_21_PULLBACK_5M,SPY,True,IS,opt_bach,200.0,0.01,654,257,0.23547400611620795,3625.638125578802,-3383.5139412236417,-1733.040824575972,-173.30408245759722,0.3300404733294581,-113340.86992726868,114609.77290890944,61.36544342507645,0,-0.165996419731772,,-2039.5535163256957,-1432.5160600514123,-1074.5330822304577,-658.5077423455143,0.9995002498750625,-1547.5635056081082,-185.47731896786377,0.8465767116441779
EMA9_21_PULLBACK_5M,SPY,True,IS,opt_bach_pess,500.0,0.02,654,257,0.2217125382262997,3226.7048536622524,-3916.858355704739,-2333.040824575972,-233.3040824575972,0.23467757707082856,-152580.86992726862,153729.7729089094,61.36544342507645,0,-0.165996419731772,,-2639.5535163256964,-2032.5160600514123,-1674.1296935052744,-658.9111310706974,0.9995002498750625,-2147.5635056081082,-185.47731896786354,0.8465767116441779
EMA9_21_PULLBACK_5M,SPY,True,IS,opt_delta_no_decay,200.0,0.01,654,257,0.2966360856269113,3660.5265959982744,-2508.49112121025,-678.5378534144492,-67.85378534144492,0.6154246632473187,-44376.37561330496,46804.99779773474,61.36544342507645,0,-0.165996419731772,,-947.3190718631298,-406.7381701265888,-127.85942731371013,-550.678426100739,0.9975012493753124,-392.4705883331584,-286.06726508129077,0.953023488255872
EMA9_21_PULLBACK_5M,SPY,True,OOS,gross,0.0,,637,256,0.4175824175824176,26.18178972805048,-15.23994121155665,2.0570453346529205,0.20570453346529208,1.2317533892286046,131.033787817391,37.01173180755036,72.18210361067504,0,0.1573859892808909,,0.11205114273983395,4.038564951490726,-1.1124609587839773,3.169506293436898,0.022488755622188907,0.7517972411240699,1.3052480935288506,0.14342828585707146
EMA9_21_PULLBACK_5M,SPY,True,OOS,quoted,0.25,,637,256,0.41444270015698587,25.87758846529836,-15.656422189450018,1.5570453346529207,0.15570453346529206,1.1698397469825434,99.18378781739113,46.01173180755032,72.18210361067504,0,0.1573859892808909,,-0.38794885726016587,3.5385649514907267,-1.612460958783977,3.169506293436898,0.022488755622188907,0.2517972411240701,1.3052480935288506,0.14342828585707146
EMA9_21_PULLBACK_5M,SPY,True,OOS,low,0.5,,637,256,0.41444270015698587,25.37758846529836,-16.156422189450016,1.0570453346529207,0.10570453346529207,1.1117323725931747,67.33378781739091,55.41210196217602,72.18210361067504,0,0.1573859892808909,,-0.887948857260166,3.0385649514907267,-2.112460958783977,3.169506293436898,0.022488755622188907,-0.24820275887592994,1.3052480935288506,0.14342828585707146
EMA9_21_PULLBACK_5M,SPY,True,OOS,realistic,1.5,,637,256,0.41287284144427,23.47281737254685,-18.112334467395485,-0.9429546653470792,-0.09429546653470793,0.9113284675163466,-60.06621218260898,111.18066332031576,72.18210361067504,0,0.1573859892808909,,-2.887948857260166,1.0385649514907263,-4.112460958783978,3.169506293436899,0.022488755622188907,-2.24820275887593,1.305248093528851,0.14342828585707146
EMA9_21_PULLBACK_5M,SPY,True,OOS,pessimistic,4.0,,637,256,0.3814756671899529,20.167224744995323,-22.0464409514212,-5.942954665347079,-0.5942954665347079,0.5641800180722075,-378.5662121826092,380.900317664951,72.18210361067504,0,0.1573859892808909,,-7.887948857260167,-3.9614350485092733,-9.112460958783977,3.169506293436898,0.022488755622188907,-7.248202758875931,1.305248093528852,0.14342828585707146
EMA9_21_PULLBACK_5M,SPY,True,OOS,opt_bach,200.0,0.01,637,256,0.3328100470957614,4589.127934860422,-4028.5915173212607,-1160.5279005826155,-116.05279005826155,0.5682296116513044,-73925.62726711258,77329.37679582127,72.18210361067504,0,0.1573859892808909,,-1568.7561656847347,-709.3225405143183,-1627.9655085296856,467.4376079470701,0.050474762618690654,-1282.986404752543,122.45850416992744,0.28285857071464265
EMA9_21_PULLBACK_5M,SPY,True,OOS,opt_bach_pess,500.0,0.02,637,256,0.3108320251177394,4288.212532117456,-4488.661398702466,-1760.5279005826158,-176.05279005826156,0.43088376014747054,-112145.62726711277,112392.28375810977,72.18210361067504,0,0.1573859892808909,,-2168.7561656847347,-1309.3225405143182,-2227.979421222839,467.4515206402232,0.04997501249375312,-1882.9864047525434,122.45850416992766,0.28285857071464265
EMA9_21_PULLBACK_5M,SPY,True,OOS,opt_delta_no_decay,200.0,0.01,637,256,0.41287284144427,4136.321563146563,-2932.5481403149447,-14.00382004747749,-1.4003820047477489,0.9918666548740497,-892.043337024312,13790.08971550423,72.18210361067504,0,0.1573859892808909,,-353.4517260717994,340.1309768955187,-489.3725238369158,475.3687037894383,0.028985507246376812,-218.43538385066094,204.43156380318345,0.16241879060469766
EMA9_21_PULLBACK_5M,SPY,True,Y2024,gross,0.0,,209,82,0.2966507177033493,24.90914681959394,-11.914909591781935,-0.9910268285986628,-0.09910268285986627,0.8817438838017264,-20.712460717712048,46.29887818760148,61.18181818181818,0,-0.17189053605293048,,-3.7925263569866132,1.9530951225582236,-0.8964243652095609,-0.09460246338910183,0.5297351324337831,1.3383681733140644,-2.329395001912727,0.8525737131434283
EMA9_21_PULLBACK_5M,SPY,True,Y2024,quoted,0.25,,209,82,0.2966507177033493,24.409146819593936,-12.414909591781935,-1.4910268285986625,-0.14910268285986628,0.8292460149429961,-31.162460717712072,55.130523270962925,61.18181818181818,0,-0.17189053605293048,,-4.292526356986613,1.4530951225582236,-1.396424365209561,-0.09460246338910161,0.5297351324337831,0.8383681733140642,-2.3293950019127267,0.8525737131434283
EMA9_21_PULLBACK_5M,SPY,True,Y2024,low,0.5,,209,82,0.2966507177033493,23.909146819593936,-12.914909591781935,-1.9910268285986625,-0.19910268285986626,0.7808130501771398,-41.61246071771205,64.1305232709629,61.18181818181818,0,-0.17189053605293048,,-4.792526356986612,0.9530951225582237,-1.8964243652095611,-0.09460246338910139,0.5297351324337831,0.3383681733140643,-2.3293950019127267,0.8525737131434283
EMA9_21_PULLBACK_5M,SPY,True,Y2024,realistic,1.5,,209,82,0.291866028708134,22.292135833122327,-14.823951979713394,-3.9910268285986623,-0.3991026828598662,0.6198060353113711,-83.41246071771204,100.87251115220502,61.18181818181818,0,-0.17189053605293048,,-6.792526356986612,-1.0469048774417766,-3.8964243652095614,-0.09460246338910094,0.5297351324337831,-1.661631826685936,-2.3293950019127263,0.8525737131434283
EMA9_21_PULLBACK_5M,SPY,True,Y2024,pessimistic,4.0,,209,82,0.27751196172248804,18.320642764198478,-19.481601903977698,-8.991026828598661,-0.8991026828598662,0.36121609076591654,-187.912460717712,197.4376812829644,61.18181818181818,0,-0.17189053605293048,,-11.792526356986613,-6.0469048774417775,-8.89642436520956,-0.09460246338910139,0.5297351324337831,-6.6616318266859365,-2.329395001912725,0.8525737131434283
EMA9_21_PULLBACK_5M,SPY,True,Y2024,opt_bach,200.0,0.01,209,82,0.24401913875598086,3819.6839407681136,-3372.9767789102434,-1617.8299047303572,-161.7829904730357,0.3655334846280008,-33812.645008864456,35618.349818501745,61.18181818181818,0,-0.17189053605293048,,-2203.6475806341355,-946.9903264514393,-1441.3936124088596,-176.4362923214976,0.6751624187906047,-1026.9094774358632,-590.920427294494,0.960519740129935
EMA9_21_PULLBACK_5M,SPY,True,Y2024,opt_bach_pess,500.0,0.02,209,82,0.23444976076555024,3355.4818467274595,-3924.6566286143143,-2217.829904730357,-221.7829904730357,0.26183598026589827,-46352.64500886448,47918.34981850177,61.18181818181818,0,-0.17189053605293048,,-2803.647580634136,-1546.9903264514394,-2041.125931057788,-176.7039736725692,0.6756621689155422,-1626.9094774358637,-590.9204272944935,0.960519740129935
EMA9_21_PULLBACK_5M,SPY,True,Y2024,opt_delta_no_decay,200.0,0.01,209,82,0.291866028708134,3963.056557696282,-2479.0129124965333,-598.7916795694441,-59.879167956944414,0.6589001418092933,-12514.746103001384,16420.35482584497,61.18181818181818,0,-0.17189053605293048,,-1087.6676280492343,-41.190968895343936,-519.1529660088139,-79.63871356063021,0.6011994002998501,-47.09443719092838,-551.6972423785157,0.953023488255872
EMA9_21_PULLBACK_5M,SPY,True,Y2025,gross,0.0,,628,247,0.35509554140127386,29.14571944770922,-16.70019232632357,-0.42051346388835975,-0.042051346388835974,0.9609552134192229,-26.40824553218891,118.20079420976396,63.845541401273884,0,-0.019958022296999705,,-3.0117825909818787,2.1007829394969586,1.287219194502768,-1.7077326583911279,0.8355822088955522,-0.18758188207190857,-0.23293158181645118,0.5472263868065967
EMA9_21_PULLBACK_5M,SPY,True,Y2025,quoted,0.25,,628,247,0.3535031847133758,28.77548675952278,-17.158227871763415,-0.9205134638883598,-0.09205134638883597,0.917016581038299,-57.808245532188984,139.40079420976403,63.845541401273884,0,-0.019958022296999705,,-3.5117825909818796,1.6007829394969582,0.787219194502768,-1.7077326583911279,0.8355822088955522,-0.6875818820719086,-0.23293158181645113,0.5472263868065967
EMA9_21_PULLBACK_5M,SPY,True,Y2025,low,0.5,,628,247,0.3519108280254777,28.404058426183322,-17.61518272115087,-1.4205134638883599,-0.142051346388836,0.8755704769418671,-89.2082455321891,160.60079420976405,63.845541401273884,0,-0.019958022296999705,,-4.01178259098188,1.1007829394969584,0.28721919450276784,-1.7077326583911276,0.8355822088955522,-1.187581882071909,-0.2329315818164508,0.5472263868065967
EMA9_21_PULLBACK_5M,SPY,True,Y2025,realistic,1.5,,628,247,0.3471337579617834,26.77707574007579,-19.476792601605887,-3.42051346388836,-0.34205134638883594,0.7310016280425392,-214.80824553218912,253.37304171493363,63.845541401273884,0,-0.019958022296999705,,-6.011782590981879,-0.8992170605030417,-1.712780805497232,-1.7077326583911279,0.8355822088955522,-3.1875818820719086,-0.23293158181645124,0.5472263868065967
EMA9_21_PULLBACK_5M,SPY,True,Y2025,pessimistic,4.0,,628,247,0.3200636942675159,23.798577015866005,-23.586876898152124,-8.42051346388836,-0.842051346388836,0.47495091873648804,-528.8082455321886,530.7869315498718,63.845541401273884,0,-0.019958022296999705,,-11.011782590981879,-5.899217060503042,-6.712780805497234,-1.7077326583911265,0.8355822088955522,-8.187581882071909,-0.23293158181645168,0.5472263868065967
EMA9_21_PULLBACK_5M,SPY,True,Y2025,opt_bach,200.0,0.01,628,247,0.27388535031847133,4217.338452510545,-3549.2081923530586,-1422.0648437598425,-142.20648437598425,0.4481986918537958,-89305.67218811816,89332.18038853304,63.845541401273884,0,-0.019958022296999705,,-1809.1112357379398,-985.258989851223,-1057.4749539617792,-364.58988979806327,0.9175412293853074,-1422.7344013697884,0.6695576099459686,0.4927536231884058
EMA9_21_PULLBACK_5M,SPY,True,Y2025,opt_bach_pess,500.0,0.02,628,247,0.25796178343949044,3855.4969407962676,-4065.337395472482,-2022.0648437598425,-202.20648437598425,0.32969538329769527,-126985.67218811825,126985.67218811825,63.845541401273884,0,-0.019958022296999705,,-2409.1112357379398,-1585.258989851223,-1657.0113554753495,-365.0534882844929,0.9175412293853074,-2022.7344013697887,0.669557609946196,0.4927536231884058
EMA9_21_PULLBACK_5M,SPY,True,Y2025,opt_delta_no_decay,200.0,0.01,628,247,0.3471337579617834,3853.451330221342,-2682.7942126395646,-413.84273438530084,-41.38427343853008,0.7637217415375805,-25989.323719396893,34894.687830257375,63.845541401273884,0,-0.019958022296999705,,-718.4994659373821,-95.14885758366223,-81.24880224223392,-332.5939321430669,0.9290354822588706,-335.74200875129077,-78.10072563401008,0.6656671664167916
EMA9_21_PULLBACK_5M,SPY,True,Y2026,gross,0.0,,454,184,0.3964757709251101,26.131828434288373,-15.186012214450027,1.1955105097193832,0.11955105097193833,1.1304412474746575,54.276177141259986,36.45354459730654,73.19603524229075,0,0.0884404773236275,,-1.0577268360941456,3.564712657383992,-1.1226873103544293,2.3181978200738125,0.1089455272363818,0.22687457726762777,0.9686359324517555,0.2638680659670165
EMA9_21_PULLBACK_5M,SPY,True,Y2026,quoted,0.25,,454,184,0.3920704845814978,25.921665198591278,-15.57353128237916,0.6955105097193828,0.06955105097193827,1.0734621049286714,31.57617714125997,40.14317850864262,73.19603524229075,0,0.0884404773236275,,-1.5577268360941456,3.064712657383992,-1.6226873103544293,2.318197820073812,0.1089455272363818,-0.27312542273237217,0.9686359324517549,0.2638680659670165
EMA9_21_PULLBACK_5M,SPY,True,Y2026,low,0.5,,454,184,0.3920704845814978,25.421665198591278,-16.07353128237916,0.19551050971938297,0.019551050971938298,1.0200080875453112,8.876177141259955,45.99354866326824,73.19603524229075,0,0.0884404773236275,,-2.0577268360941456,2.564712657383992,-2.1226873103544293,2.318197820073812,0.1089455272363818,-0.773125422732372,0.9686359324517549,0.2638680659670165
EMA9_21_PULLBACK_5M,SPY,True,Y2026,realistic,1.5,,454,184,0.3920704845814978,23.421665198591278,-18.073531282379157,-1.8044894902806174,-0.18044894902806174,0.83576787485368,-81.92382285873998,87.56211002140802,73.19603524229075,0,0.0884404773236275,,-4.057726836094145,0.5647126573839922,-4.122687310354429,2.318197820073812,0.1089455272363818,-2.773125422732372,0.9686359324517546,0.2638680659670165
EMA9_21_PULLBACK_5M,SPY,True,Y2026,pessimistic,4.0,,454,184,0.3568281938325991,20.439103699217032,-21.919085711851228,-6.804489490280617,-0.6804489490280617,0.5173346592237555,-308.92382285874004,312.99738975510786,73.19603524229075,0,0.0884404773236275,,-9.057726836094146,-4.435287342616007,-9.12268731035443,2.318197820073812,0.1089455272363818,-7.773125422732372,0.9686359324517548,0.2638680659670165
EMA9_21_PULLBACK_5M,SPY,True,Y2026,opt_bach,200.0,0.01,454,184,0.31497797356828194,4273.127963066835,-4027.45690897924,-1412.9555065506302,-141.295550655063,0.4878548696455116,-64148.17999739857,64795.69257248699,73.19603524229075,0,0.0884404773236275,,-1814.0761211196793,-1010.5827582607802,-1705.7557899354188,292.8002833847886,0.1679160419790105,-1581.523284540595,168.56777798996472,0.2223888055972014
EMA9_21_PULLBACK_5M,SPY,True,Y2026,opt_bach_pess,500.0,0.02,454,184,0.2907488986784141,3999.463410921531,-4477.673820545429,-2012.9555065506302,-201.295550655063,0.36615699363328347,-91388.17999739869,91975.69257248711,73.19603524229075,0,0.0884404773236275,,-2414.076121119679,-1610.58275826078,-2305.958722559032,293.003216008402,0.1679160419790105,-2181.523284540595,168.56777798996472,0.2223888055972014
EMA9_21_PULLBACK_5M,SPY,True,Y2026,opt_delta_no_decay,200.0,0.01,454,184,0.3920704845814978,4023.572419794864,-2839.9977608796953,-148.99447418350263,-14.899447418350263,0.9137023568444933,-6764.349127931026,9884.385558112726,73.19603524229075,0,0.0884404773236275,,-521.1147416268791,232.86280458570792,-519.4342410645744,370.43976688107176,0.10444777611194403,-382.29268817194713,233.2982139884445,0.1619190404797601
GAP_FADE_SPY,QQQ,True,all,gross,0.0,,228,228,0.5,69.32560059207364,-67.34702122460682,0.9892896837334065,0.09892896837334064,1.029378869792446,22.555804789121623,83.52441140971725,226.35526315789474,0,-0.020572664366217148,,-9.54580789991676,12.215234684062798,5.997632804990891,-5.008343121257485,0.7451274362818591,-11.99798781221728,12.987277495950687,0.06196901549225387
GAP_FADE_SPY,QQQ,True,all,quoted,0.25,,228,228,0.4956140350877193,69.43515510329861,-67.25751720679587,0.48928968373340653,0.04892896837334065,1.0144232202131414,11.155804789121687,85.17441140971724,226.35526315789474,0,-0.020572664366217148,,-10.04580789991676,11.715234684062798,5.497632804990891,-5.008343121257485,0.7451274362818591,-12.49798781221728,12.987277495950687,0.06196901549225387
GAP_FADE_SPY,QQQ,True,all,low,0.5,,228,228,0.49122807017543857,69.55451967056939,-67.17713926907375,-0.010710316266593472,-0.001071031626659347,0.999686629834023,-0.24419521087837381,86.82441140971723,226.35526315789474,0,-0.020572664366217148,,-10.54580789991676,11.215234684062796,4.997632804990891,-5.008343121257485,0.7451274362818591,-12.99798781221728,12.987277495950687,0.06196901549225387
GAP_FADE_SPY,QQQ,True,all,realistic,1.5,,228,228,0.4868421052631579,68.16826138709104,-68.59076039381102,-2.0107103162665934,-0.20107103162665932,0.9428741238545211,-45.844195210878325,93.42441140971721,226.35526315789474,0,-0.020572664366217148,,-12.54580789991676,9.215234684062798,2.997632804990892,-5.008343121257486,0.7451274362818591,-14.99798781221728,12.987277495950687,0.06196901549225387
GAP_FADE_SPY,QQQ,True,all,pessimistic,4.0,,228,228,0.4605263157894737,66.91182649120272,-70.11531490800868,-7.010710316266593,-0.7010710316266593,0.8146558559663505,-159.8441952108783,173.96997748127353,226.35526315789474,0,-0.020572664366217148,,-17.54580789991676,4.215234684062796,-2.0023671950091084,-5.008343121257484,0.7451274362818591,-19.997987812217282,12.98727749595069,0.06196901549225387
GAP_FADE_SPY,QQQ,True,all,opt_bach,200.0,0.01,228,228,0.36403508771929827,7003.511957240629,-7972.449713895859,-2520.6741932628393,-252.06741932628393,0.5028450461721947,-57471.371606392786,58052.388391821834,226.35526315789474,0,-0.020572664366217148,,-3496.5427852083753,-1449.4094260029824,-2615.1017304637303,94.42753720089104,0.41679160419790107,-3455.3531386559057,934.6789453930664,0.0734632683658171
GAP_FADE_SPY,QQQ,True,all,opt_bach_pess,500.0,0.02,228,228,0.3508771929824561,6652.046513033548,-8403.225926396022,-3120.6741932628393,-312.0674193262839,0.4278952927543264,-71151.3716063928,71672.38839182185,226.35526315789474,0,-0.020572664366217148,,-4096.542785208375,-2049.409426002983,-3215.1017304637303,94.42753720089104,0.41679160419790107,-4055.3531386559057,934.6789453930664,0.0734632683658171
GAP_FADE_SPY,QQQ,True,all,opt_delta_no_decay,200.0,0.01,228,228,0.4824561403508772,5488.2973309759545,-5703.680327632152,-304.04198356683685,-30.404198356683686,0.8970014240713032,-6932.157225323881,11409.556297883408,226.35526315789474,0,-0.020572664366217148,,-1112.8598752631508,572.0927711312759,340.249395356338,-644.2913789231749,0.8510744627686156,-1027.9823469186676,723.9403633518308,0.11544227886056972
GAP_FADE_SPY,QQQ,True,IS,gross,0.0,,97,97,0.5154639175257731,81.93247820398534,-77.61022387755234,4.628282350044403,0.46282823500444026,1.123076400253936,44.89433879543066,52.30951340365042,223.659793814433,0,0.04485804077454164,,-15.62890117567199,26.349343274186957,13.220813469834823,-8.59253111979042,0.7656171914042978,-23.892587878814147,28.52087022885855,0.047476261869065464
GAP_FADE_SPY,QQQ,True,IS,quoted,0.25,,97,97,0.5051546391752577,83.09546876276765,-76.48405377961059,4.128282350044403,0.41282823500444027,1.109075946816582,40.04433879543071,52.60951340365041,223.659793814433,0,0.04485804077454164,,-16.128901175671988,25.849343274186957,12.720813469834823,-8.59253111979042,0.7656171914042978,-24.392587878814147,28.52087022885855,0.047476261869065464
GAP_FADE_SPY,QQQ,True,IS,low,0.5,,97,97,0.5051546391752577,82.59546876276765,-76.98405377961059,3.628282350044403,0.3628282350044403,1.0952425022551446,35.194338795430696,52.90951340365042,223.659793814433,0,0.04485804077454164,,-16.628901175671988,25.349343274186957,12.220813469834823,-8.59253111979042,0.7656171914042978,-24.892587878814147,28.52087022885855,0.047476261869065464
GAP_FADE_SPY,QQQ,True,IS,realistic,1.5,,97,97,0.5051546391752577,80.59546876276765,-78.98405377961059,1.6282823500444021,0.1628282350044402,1.041660146467406,15.794338795430704,54.10951340365041,223.659793814433,0,0.04485804077454164,,-18.628901175671988,23.349343274186957,10.220813469834823,-8.59253111979042,0.7656171914042978,-26.892587878814144,28.520870228858545,0.047476261869065464
GAP_FADE_SPY,QQQ,True,IS,pessimistic,4.0,,97,97,0.5051546391752577,75.59546876276765,-83.98405377961059,-3.3717176499555976,-0.3371717649955598,0.9188693673265769,-32.70566120456928,75.2148072109637,223.659793814433,0,0.04485804077454164,,-23.628901175671988,18.349343274186957,5.220813469834823,-8.59253111979042,0.7656171914042978,-31.892587878814147,28.52087022885855,0.047476261869065464
GAP_FADE_SPY,QQQ,True,IS,opt_bach,200.0,0.01,97,97,0.3917525773195876,7297.920939052326,-7736.066891701734,-1846.4634116125144,-184.64634116125143,0.6075898676745664,-17910.695092641403,20750.996733380987,223.659793814433,0,0.04485804077454164,,-3520.0932584264674,-33.87313642175489,-1670.0487941542292,-176.4146174582852,0.5817091454272864,-3402.1429505235155,1555.6795389110011,0.09945027486256872
GAP_FADE_SPY,QQQ,True,IS,opt_bach_pess,500.0,0.02,97,97,0.38144329896907214,6887.235120411138,-8202.244173027102,-2446.463411612515,-244.64634116125148,0.5178007670413084,-23730.695092641407,26090.99673338099,223.659793814433,0,0.04485804077454164,,-4120.093258426467,-633.873136421755,-2270.048794154229,-176.41461745828565,0.5817091454272864,-4002.1429505235164,1555.6795389110016,0.09945027486256872
GAP_FADE_SPY,QQQ,True,IS,opt_delta_no_decay,200.0,0.01,97,97,0.5051546391752577,5889.1690326153075,-5905.069938308807,52.84459339512796,5.284459339512796,1.018084479427843,512.5925559327393,4877.145905170217,223.659793814433,0,0.04485804077454164,,-1301.133070880344,1458.8534535608176,875.4848149972813,-822.6402216021534,0.8130934532733634,-1367.6833909642241,1420.527984359352,0.09495252373813093
GAP_FADE_SPY,QQQ,True,OOS,gross,0.0,,131,131,0.48854961832061067,59.476477457767615,-60.147461154630115,-1.7052316035350406,-0.17052316035350404,0.9445677425251757,-22.338534006309033,83.52441140971723,228.35114503816794,0,-0.06902135443227515,,-13.452099055398953,10.331955065913151,0.6491707859843164,-2.354402389519357,0.616191904047976,-3.1905358545081506,1.48530425097311,0.4432783608195902
GAP_FADE_SPY,QQQ,True,OOS,quoted,0.25,,131,131,0.48854961832061067,58.976477457767615,-60.647461154630115,-2.2052316035350406,-0.22052316035350406,0.9289051608857037,-28.888534006309047,85.17441140971722,228.35114503816794,0,-0.06902135443227515,,-13.952099055398953,9.831955065913151,0.14917078598431652,-2.354402389519357,0.616191904047976,-3.69053585450815,1.4853042509731096,0.4432783608195902
GAP_FADE_SPY,QQQ,True,OOS,low,0.5,,131,131,0.48091603053435117,59.411559265526286,-60.254611379283034,-2.7052316035350406,-0.27052316035350404,0.9135078793261173,-35.43853400630902,86.82441140971721,228.35114503816794,0,-0.06902135443227515,,-14.452099055398953,9.331955065913151,-0.3508292140156835,-2.354402389519357,0.616191904047976,-4.190535854508149,1.4853042509731087,0.4432783608195902
GAP_FADE_SPY,QQQ,True,OOS,realistic,1.5,,131,131,0.4732824427480916,58.34675878373372,-61.360643255863486,-4.705231603535041,-0.4705231603535041,0.8544161143612858,-61.638534006309,93.42441140971721,228.35114503816794,0,-0.06902135443227515,,-16.452099055398953,7.331955065913149,-2.350829214015683,-2.354402389519358,0.616191904047976,-6.19053585450815,1.4853042509731091,0.4432783608195902
GAP_FADE_SPY,QQQ,True,OOS,pessimistic,4.0,,131,131,0.42748091603053434,59.313639503583396,-61.239322030183466,-9.705231603535038,-0.9705231603535037,0.723187586469044,-127.138534006309,153.41589714122358,228.35114503816794,0,-0.06902135443227515,,-21.45209905539895,2.3319550659131494,-7.3508292140156835,-2.354402389519355,0.616191904047976,-11.19053585450815,1.4853042509731118,0.4432783608195902
GAP_FADE_SPY,QQQ,True,OOS,opt_bach,200.0,0.01,131,131,0.3435114503816794,6754.899928155196,-8134.619324470898,-3019.89897051537,-301.989897051537,0.43450596999031726,-39560.67651375136,41164.654178287376,228.35114503816794,0,-0.06902135443227515,,-4350.834225250738,-1684.7365348066812,-3314.8737520058794,294.9747814905095,0.3568215892053973,-3494.753048952408,474.85407843703797,0.27886056971514245
GAP_FADE_SPY,QQQ,True,OOS,opt_bach_pess,500.0,0.02,131,131,0.3282442748091603,6449.674920638877,-8540.25894005665,-3619.89897051537,-361.989897051537,0.3690222652472324,-47420.67651375136,48664.654178287376,228.35114503816794,0,-0.06902135443227515,,-4950.834225250738,-2284.7365348066814,-3914.873752005879,294.97478149050903,0.3568215892053973,-4094.7530489524074,474.8540784370375,0.27886056971514245
GAP_FADE_SPY,QQQ,True,OOS,opt_delta_no_decay,200.0,0.01,131,131,0.46564885496183206,5166.285636216474,-5565.584594596729,-568.3015100195893,-56.830151001958924,0.8089085405207607,-7444.74978125662,11409.556297883406,228.35114503816794,0,-0.06902135443227515,,-1611.4615932229221,490.02634734050963,-56.06996117168847,-512.2315488479009,0.7491254372813593,-776.447986060508,208.14647604091874,0.3933033483258371
GAP_FADE_SPY,QQQ,True,Y2024,gross,0.0,,28,28,0.5,53.14681115149647,-58.043773328499014,-2.4484810885012718,-0.24484810885012717,0.9156332902534065,-6.855747047803565,38.61460083344969,195.0,0,-0.045603947286228394,,-24.614505949835372,22.73795284134776,2.2001205211763906,-4.648601609677662,0.6241879060469765,-11.619307753139339,9.170826664638067,0.30434782608695654
GAP_FADE_SPY,QQQ,True,Y2024,quoted,0.25,,28,28,0.4642857142857143,56.70072425363833,-54.644459051688926,-2.9484810885012718,-0.2948481088501272,0.8992792414689982,-8.255747047803563,38.964600833449694,195.0,0,-0.045603947286228394,,-25.11450594983537,22.23795284134776,1.7001205211763906,-4.648601609677662,0.6241879060469765,-12.119307753139339,9.170826664638067,0.30434782608695654
GAP_FADE_SPY,QQQ,True,Y2024,low,0.5,,28,28,0.4642857142857143,56.20072425363833,-55.144459051688926,-3.4484810885012718,-0.3448481088501272,0.8832672437224941,-9.655747047803567,39.56275396093025,195.0,0,-0.045603947286228394,,-25.61450594983537,21.73795284134776,1.2001205211763906,-4.648601609677662,0.6241879060469765,-12.619307753139339,9.170826664638067,0.30434782608695654
GAP_FADE_SPY,QQQ,True,Y2024,realistic,1.5,,28,28,0.4642857142857143,54.20072425363833,-57.14445905168893,-5.44848108850127,-0.544848108850127,0.8220212737919259,-15.255747047803563,41.96275396093025,195.0,0,-0.045603947286228394,,-27.61450594983537,19.73795284134776,-0.7998794788236095,-4.648601609677661,0.6241879060469765,-14.619307753139339,9.170826664638067,0.30434782608695654
GAP_FADE_SPY,QQQ,True,Y2024,pessimistic,4.0,,28,28,0.4642857142857143,49.20072425363833,-62.14445905168893,-10.448481088501271,-1.0448481088501271,0.686153332689243,-29.255747047803556,49.14233271584549,195.0,0,-0.045603947286228394,,-32.61450594983537,14.73795284134776,-5.799879478823611,-4.648601609677661,0.6241879060469765,-19.61930775313934,9.170826664638067,0.30434782608695654
GAP_FADE_SPY,QQQ,True,Y2024,opt_bach,200.0,0.01,28,28,0.35714285714285715,5021.643567519107,-7569.944658933794,-3072.9488637720433,-307.29488637720436,0.36853664163351957,-8604.256818561724,9220.881035570574,195.0,0,-0.045603947286228394,,-5440.680626252619,-398.3968728705507,-2938.8847253631934,-134.06413840884989,0.5442278860569715,-3651.5766769735496,578.6278132015063,0.3708145927036482
GAP_FADE_SPY,QQQ,True,Y2024,opt_bach_pess,500.0,0.02,28,28,0.35714285714285715,4421.643567519107,-8169.944658933796,-3672.9488637720433,-367.29488637720436,0.3006713938919512,-10284.256818561726,10660.881035570575,195.0,0,-0.045603947286228394,,-6040.680626252619,-998.3968728705506,-3538.884725363194,-134.06413840884943,0.5442278860569715,-4251.57667697355,578.6278132015068,0.3708145927036482
GAP_FADE_SPY,QQQ,True,Y2024,opt_delta_no_decay,200.0,0.01,28,28,0.4642857142857143,4684.870930831014,-5876.090036190449,-972.7867300733412,-97.27867300733413,0.6909733255243272,-2723.802844205355,4812.292078098123,195.0,0,-0.045603947286228394,,-3098.5483698351395,1369.4503166235008,12.343191360809994,-985.1299214341512,0.7446276861569215,-1525.9062252719032,553.1194951985619,0.36731634182908546
GAP_FADE_SPY,QQQ,True,Y2025,gross,0.0,,101,101,0.504950495049505,84.80083760812809,-73.17295561849312,6.595989476137383,0.6595989476137384,1.182087748529187,66.61949370898752,52.30951340365042,233.84158415841586,0,0.04138566834810024,,-13.327225719299427,26.222163480871323,10.773214433369155,-4.177224957231772,0.6146926536731634,-21.07248309414395,27.668472570281335,0.04547726136931534
GAP_FADE_SPY,QQQ,True,Y2025,quoted,0.25,,101,101,0.504950495049505,84.30083760812809,-73.67295561849312,6.095989476137384,0.6095989476137385,1.167142727455698,61.569493708987565,52.60951340365041,233.84158415841586,0,0.04138566834810024,,-13.827225719299427,25.722163480871323,10.273214433369155,-4.177224957231771,0.6146926536731634,-21.57248309414395,27.668472570281335,0.04547726136931534
GAP_FADE_SPY,QQQ,True,Y2025,low,0.5,,101,101,0.504950495049505,83.80083760812809,-74.17295561849312,5.595989476137384,0.5595989476137384,1.1523991951991084,56.51949370898755,52.90951340365042,233.84158415841586,0,0.04138566834810024,,-14.327225719299427,25.222163480871323,9.773214433369153,-4.177224957231769,0.6146926536731634,-22.07248309414395,27.668472570281335,0.04547726136931534
GAP_FADE_SPY,QQQ,True,Y2025,realistic,1.5,,101,101,0.49504950495049505,83.44827057755734,-74.69056062329393,3.595989476137384,0.3595989476137384,1.0953463100996255,36.319493708987565,54.10951340365041,233.84158415841586,0,0.04138566834810024,,-16.327225719299427,23.22216348087132,7.773214433369153,-4.177224957231769,0.6146926536731634,-24.07248309414395,27.668472570281335,0.04547726136931534
GAP_FADE_SPY,QQQ,True,Y2025,pessimistic,4.0,,101,101,0.48514851485148514,80.1168071936627,-78.22170414229993,-1.4040105238626164,-0.14040105238626163,0.965137291874665,-14.18050629101244,59.560838941754156,233.84158415841586,0,0.04138566834810024,,-21.32722571929943,18.222163480871323,2.773214433369155,-4.177224957231772,0.6146926536731634,-29.072483094143944,27.668472570281327,0.04547726136931534
GAP_FADE_SPY,QQQ,True,Y2025,opt_bach,200.0,0.01,101,101,0.38613861386138615,8265.436287291792,-7807.329932917991,-1601.0142637280755,-160.10142637280757,0.6659416338692291,-16170.244063653568,16307.841969201749,233.84158415841586,0,0.04138566834810024,,-3273.9803564432054,140.63342372732703,-2140.077040464712,539.0627767366364,0.3008495752123938,-3341.2984231218347,1740.2841593937592,0.05547226386806597
GAP_FADE_SPY,QQQ,True,Y2025,opt_bach_pess,500.0,0.02,101,101,0.37623762376237624,7875.229446726407,-8278.748565272052,-2201.0142637280755,-220.10142637280757,0.5737749321635611,-22230.244063653565,22307.841969201745,233.84158415841586,0,0.04138566834810024,,-3873.9803564432045,-459.3665762726731,-2740.077040464712,539.0627767366364,0.3008495752123938,-3941.2984231218347,1740.2841593937592,0.05547226386806597
GAP_FADE_SPY,QQQ,True,Y2025,opt_delta_no_decay,200.0,0.01,101,101,0.49504950495049505,6436.813781384455,-5491.2433373447575,413.7354343033677,41.37354343033677,1.1492118193958574,4178.727886464014,2960.35823380338,233.84158415841586,0,0.04138566834810024,,-889.7104854276917,1778.9726353284036,606.8469393023634,-193.11150499899566,0.5772113943028486,-1108.7869443909974,1522.5223786943652,0.0704647676161919
GAP_FADE_SPY,QQQ,True,Y2026,gross,0.0,,99,99,0.494949494949495,57.84123251756962,-64.1259962416307,-3.758377966874983,-0.3758377966874983,0.8839536411041147,-37.20794187206234,83.52441140971723,227.58585858585857,0,-0.07670312580445693,,-17.628313503499164,10.770913130168305,2.1996186583303015,-5.9579966252052845,0.7326336831584208,-2.847270824132321,-0.911107142742662,0.5377311344327836
GAP_FADE_SPY,QQQ,True,Y2026,quoted,0.25,,99,99,0.494949494949495,57.34123251756962,-64.6259962416307,-4.258377966874983,-0.4258377966874983,0.8695325586488829,-42.157941872062324,85.17441140971721,227.58585858585857,0,-0.07670312580445693,,-18.128313503499164,10.270913130168303,1.6996186583303017,-5.9579966252052845,0.7326336831584208,-3.347270824132321,-0.911107142742662,0.5377311344327836
GAP_FADE_SPY,QQQ,True,Y2026,low,0.5,,99,99,0.48484848484848486,58.0344597873321,-63.85751938259929,-4.758377966874982,-0.4758377966874982,0.8553521740780277,-47.10794187206232,86.82441140971721,227.58585858585857,0,-0.07670312580445693,,-18.628313503499164,9.770913130168303,1.1996186583303015,-5.957996625205284,0.7326336831584208,-3.8472708241323197,-0.9111071427426625,0.5377311344327836
GAP_FADE_SPY,QQQ,True,Y2026,realistic,1.5,,99,99,0.48484848484848486,56.0344597873321,-65.85751938259929,-6.758377966874984,-0.6758377966874984,0.8007941323689457,-66.90794187206227,93.42441140971721,227.58585858585857,0,-0.07670312580445693,,-20.628313503499164,7.770913130168301,-0.8003813416696983,-5.957996625205285,0.7326336831584208,-5.847270824132321,-0.9111071427426634,0.5377311344327836
GAP_FADE_SPY,QQQ,True,Y2026,pessimistic,4.0,,99,99,0.43434343434343436,57.21880962301198,-64.72300415196676,-11.758377966874981,-1.1758377966874982,0.6788293011191706,-116.40794187206231,136.71880100227082,227.58585858585857,0,-0.07670312580445693,,-25.628313503499168,2.770913130168303,-5.8003813416696985,-5.957996625205283,0.7326336831584208,-10.847270824132321,-0.9111071427426598,0.5377311344327836
GAP_FADE_SPY,QQQ,True,Y2026,opt_bach,200.0,0.01,99,99,0.3434343434343434,6138.912987394157,-8241.411520202706,-3302.7142145633798,-330.271421456338,0.3896327356802244,-32696.870724177454,35592.340555775394,227.58585858585857,0,-0.07670312580445693,,-4771.471134662542,-1758.3040218426675,-3008.1478903901525,-294.56632417322726,0.6101949025487257,-3516.2144234644625,213.50020890108271,0.4077961019490255
GAP_FADE_SPY,QQQ,True,Y2026,opt_bach_pess,500.0,0.02,99,99,0.32323232323232326,5896.51769974654,-8582.944382591999,-3902.7142145633798,-390.271421456338,0.3281213455480818,-38636.87072417746,41112.3405557754,227.58585858585857,0,-0.07670312580445693,,-5371.471134662542,-2358.304021842667,-3608.1478903901525,-294.56632417322726,0.6101949025487257,-4116.214423464462,213.50020890108226,0.4077961019490255
GAP_FADE_SPY,QQQ,True,Y2026,opt_delta_no_decay,200.0,0.01,99,99,0.47474747474747475,4701.461600794237,-5862.2984214068165,-847.180027028539,-84.7180027028539,0.7248689302161958,-8387.082267582537,11409.556297883406,227.58585858585857,0,-0.07670312580445693,,-2099.0955939425053,381.90862550787745,161.00719104650204,-1008.1872180750411,0.8715642178910544,-804.7183778419418,-42.46164918659724,0.5247376311844077
GAP_FADE_SPY,SPY,True,all,gross,0.0,,143,143,0.5104895104895105,64.6818006280323,-57.32158021613263,4.959865949070452,0.4959865949070452,1.1767623562272425,70.92608307170745,47.96801332415523,270.72727272727275,0,0.030510512535946884,,-7.651329974505933,18.881750652296805,-8.253126967026132,13.212992916096585,0.07396301849075462,1.13110608044864,3.8287598686218125,0.35732133933033483
GAP_FADE_SPY,SPY,True,all,quoted,0.25,,143,143,0.5104895104895105,64.1818006280323,-57.82158021613263,4.459865949070452,0.44598659490704523,1.1575686616690204,63.77608307170749,48.21801332415523,270.72727272727275,0,0.030510512535946884,,-8.15132997450593,18.381750652296805,-8.753126967026132,13.212992916096585,0.07396301849075462,0.6311060804486398,3.8287598686218125,0.35732133933033483
GAP_FADE_SPY,SPY,True,all,low,0.5,,143,143,0.48951048951048953,66.41906749760227,-55.93251909746692,3.959865949070452,0.39598659490704524,1.1386849333129196,56.626083071707455,48.46801332415523,270.72727272727275,0,0.030510512535946884,,-8.65132997450593,17.881750652296805,-9.253126967026132,13.212992916096585,0.07396301849075462,0.13110608044863906,3.828759868621813,0.35732133933033483
GAP_FADE_SPY,SPY,True,all,realistic,1.5,,143,143,0.4825174825174825,65.352708670383,-57.14967658836962,1.9598659490704518,0.19598659490704518,1.0662699904757547,28.02608307170746,49.46801332415523,270.72727272727275,0,0.030510512535946884,,-10.651329974505932,15.88175065229681,-11.25312696702613,13.212992916096582,0.07396301849075462,-1.86889391955136,3.8287598686218116,0.35732133933033483
GAP_FADE_SPY,SPY,True,all,pessimistic,4.0,,143,143,0.46853146853146854,62.22186886785274,-60.57374188722446,-3.040134050929548,-0.30401340509295477,0.9055654802033394,-43.47391692829253,57.084589505368754,270.72727272727275,0,0.030510512535946884,,-15.65132997450593,10.88175065229681,-16.25312696702613,13.212992916096582,0.07396301849075462,-6.868893919551359,3.8287598686218116,0.35732133933033483
GAP_FADE_SPY,SPY,True,all,opt_bach,200.0,0.01,143,143,0.34265734265734266,9351.002707540061,-8431.841061734644,-2338.419070864292,-233.8419070864292,0.5781013686687041,-33439.392713359375,33439.392713359375,270.72727272727275,0,0.030510512535946884,,-3770.204706324464,-720.4177008568638,-4376.450198058921,2038.0311271946293,0.019490254872563718,-2155.7735636824573,-182.64550718183455,0.567216391804098
GAP_FADE_SPY,SPY,True,all,opt_bach_pess,500.0,0.02,143,143,0.3356643356643357,8934.364108125637,-8937.298992880256,-2938.419070864292,-293.84190708642916,0.505097236497192,-42019.392713359346,42019.392713359346,270.72727272727275,0,0.030510512535946884,,-4370.2047063244645,-1320.4177008568636,-4976.450198058921,2038.0311271946293,0.019490254872563718,-2755.7735636824573,-182.64550718183455,0.567216391804098
GAP_FADE_SPY,SPY,True,all,opt_delta_no_decay,200.0,0.01,143,143,0.48951048951048953,6573.953458290409,-5744.6979998748375,285.4111055207383,28.541110552073828,1.0973233035990937,4081.3788089465584,5221.180524112266,270.72727272727275,0,0.030510512535946884,,-818.031384264632,1486.657245821183,-883.4818022994402,1168.8929078201786,0.08495752123938032,294.0198117714744,-8.608706250736077,0.5047476261869065
GAP_FADE_SPY,SPY,True,IS,gross,0.0,,69,69,0.4782608695652174,82.50811032971055,-70.19947466160835,2.8345877255441727,0.28345877255441726,1.0773931690156116,19.558655306254792,47.96801332415523,260.30434782608694,0,0.004695295616667969,,-20.416479513395295,27.585721011777427,-13.205195257542321,16.039782983086493,0.14792603698150925,-5.646723532192875,8.481311257737048,0.3238380809595202
GAP_FADE_SPY,SPY,True,IS,quoted,0.25,,69,69,0.4782608695652174,82.00811032971055,-70.69947466160835,2.3345877255441727,0.23345877255441727,1.0632908023061944,16.108655306254796,48.21801332415523,260.30434782608694,0,0.004695295616667969,,-20.916479513395295,27.085721011777427,-13.705195257542321,16.039782983086493,0.14792603698150925,-6.146723532192875,8.481311257737048,0.3238380809595202
GAP_FADE_SPY,SPY,True,IS,low,0.5,,69,69,0.4782608695652174,81.50811032971055,-71.19947466160835,1.8345877255441723,0.18345877255441723,1.0493865040063612,12.658655306254788,48.46801332415523,260.30434782608694,0,0.004695295616667969,,-21.416479513395295,26.585721011777427,-14.205195257542321,16.039782983086493,0.14792603698150925,-6.646723532192875,8.481311257737048,0.3238380809595202
GAP_FADE_SPY,SPY,True,IS,realistic,1.5,,69,69,0.4782608695652174,79.50811032971055,-73.19947466160835,-0.16541227445582735,-0.016541227445582736,0.9956688187425847,-1.1413446937452012,49.46801332415523,260.30434782608694,0,0.004695295616667969,,-23.416479513395295,24.585721011777427,-16.20519525754232,16.039782983086493,0.14792603698150925,-8.646723532192874,8.481311257737048,0.3238380809595202
GAP_FADE_SPY,SPY,True,IS,pessimistic,4.0,,69,69,0.4782608695652174,74.50811032971055,-78.19947466160835,-5.165412274455828,-0.5165412274455828,0.8733959074676383,-35.6413446937452,57.084589505368754,260.30434782608694,0,0.004695295616667969,,-28.416479513395295,19.585721011777427,-21.20519525754232,16.039782983086493,0.14792603698150925,-13.646723532192878,8.481311257737051,0.3238380809595202
GAP_FADE_SPY,SPY,True,IS,opt_bach,200.0,0.01,69,69,0.3333333333333333,9376.4539246457,-8025.218380754173,-2224.660945620884,-222.46609456208836,0.5841868395215274,-15350.160524784098,16893.952309611454,260.30434782608694,0,0.004695295616667969,,-4338.746032440188,47.50534071257817,-4787.269604004114,2562.60865838323,0.031484257871064465,-2304.2276544999972,79.56670887911332,0.4617691154422789
GAP_FADE_SPY,SPY,True,IS,opt_bach_pess,500.0,0.02,69,69,0.3333333333333333,8776.4539246457,-8625.218380754173,-2824.660945620884,-282.46609456208836,0.5087670559292148,-19490.16052478409,20853.952309611446,260.30434782608694,0,0.004695295616667969,,-4938.746032440188,-552.4946592874218,-5387.269604004114,2562.60865838323,0.031484257871064465,-2904.2276544999977,79.56670887911378,0.4617691154422789
GAP_FADE_SPY,SPY,True,IS,opt_delta_no_decay,200.0,0.01,69,69,0.4782608695652174,6711.765103018068,-5987.556511997096,86.03208648841678,8.603208648841678,1.0275395868257338,593.6213967700755,3246.6846962624695,260.30434782608694,0,0.004695295616667969,,-1562.3550052084727,1772.1515288447474,-1576.5211165231958,1662.5532030116126,0.07846076961519241,-153.58592145341862,239.6180079418354,0.41529235382308843
GAP_FADE_SPY,SPY,True,OOS,gross,0.0,,74,74,0.5405405405405406,49.97509512414777,-43.686162567981896,6.941544292628738,0.6941544292628737,1.3458318630373796,51.367427765452646,32.4922058241376,280.44594594594594,0,0.054581458041761,,-5.721728978614961,19.735379197103438,-3.635657885328601,10.57720217795734,0.14942528735632185,7.450974232776541,-0.5094299401478031,0.5237381309345327
GAP_FADE_SPY,SPY,True,OOS,quoted,0.25,,74,74,0.5405405405405406,49.47509512414777,-44.186162567981896,6.441544292628739,0.6441544292628739,1.3172900944758754,47.66742776545268,33.092205824137594,280.44594594594594,0,0.054581458041761,,-6.221728978614961,19.235379197103438,-4.135657885328601,10.57720217795734,0.14942528735632185,6.950974232776541,-0.5094299401478013,0.5237381309345327
GAP_FADE_SPY,SPY,True,OOS,low,0.5,,74,74,0.5,52.96127253923544,-41.07818395397797,5.941544292628739,0.594154429262874,1.289279793833406,43.96742776545263,33.745712300259065,280.44594594594594,0,0.054581458041761,,-6.721728978614961,18.735379197103438,-4.635657885328601,10.57720217795734,0.14942528735632185,6.450974232776542,-0.5094299401478022,0.5237381309345327
GAP_FADE_SPY,SPY,True,OOS,realistic,1.5,,74,74,0.4864864864864865,52.37692381599941,-41.9446047295119,3.94154429262874,0.394154429262874,1.1829946648715208,29.16742776545268,36.54571230025907,280.44594594594594,0,0.054581458041761,,-8.72172897861496,16.735379197103438,-6.635657885328603,10.577202177957343,0.14942528735632185,4.450974232776542,-0.5094299401478017,0.5237381309345327
GAP_FADE_SPY,SPY,True,OOS,pessimistic,4.0,,74,74,0.4594594594594595,50.29698744899075,-44.710582390278965,-1.0584557073712615,-0.10584557073712615,0.9562040359585526,-7.832572234547336,43.54571230025906,280.44594594594594,0,0.054581458041761,,-13.72172897861496,11.735379197103438,-11.6356578853286,10.57720217795734,0.14942528735632185,-0.5490257672234596,-0.5094299401478019,0.5237381309345327
GAP_FADE_SPY,SPY,True,OOS,opt_bach,200.0,0.01,74,74,0.35135135135135137,9328.488169331225,-8821.521131007596,-2444.4908362939555,-244.44908362939555,0.5727958950254121,-18089.232188575268,20074.387602803738,280.44594594594594,0,0.054581458041761,,-4543.964146960246,-327.31506408877897,-3993.3888600829987,1548.8980237890432,0.11744127936031984,-2017.3501546769135,-427.140681617042,0.6361819090454772
GAP_FADE_SPY,SPY,True,OOS,opt_bach_pess,500.0,0.02,74,74,0.33783783783783783,9079.641476927181,-9230.272628753719,-3044.490836293956,-304.4490836293956,0.501877932278893,-22529.232188575264,23734.387602803734,280.44594594594594,0,0.054581458041761,,-5143.964146960246,-927.3150640887789,-4593.388860082998,1548.8980237890419,0.11744127936031984,-2617.3501546769135,-427.14068161704245,0.6361819090454772
GAP_FADE_SPY,SPY,True,OOS,opt_delta_no_decay,200.0,0.01,74,74,0.5,6451.040369749527,-5508.40323132345,471.3185692130381,47.13185692130381,1.1711271123119282,3487.7574121764815,5221.180524112266,280.44594594594594,0,0.054581458041761,,-1088.218910708653,2106.265199311152,-237.26946876647904,708.5880379795171,0.2723638180909545,711.3819143730642,-240.06334516002613,0.5792103948025987
GAP_FADE_SPY,SPY,True,Y2024,gross,0.0,,15,15,0.4666666666666667,58.270501707118335,-43.22918415774993,4.13733591252193,0.41373359125219306,1.1794506416699952,6.206003868782892,18.428389849077355,256.06666666666666,0,0.060554272973863635,,-24.660837136174173,32.32449761555379,-7.146100273844954,11.283436186366885,0.312343828085957,-2.7814362804770023,6.918772192998933,0.37181409295352325
GAP_FADE_SPY,SPY,True,Y2024,quoted,0.25,,15,15,0.4666666666666667,57.770501707118335,-43.72918415774993,3.63733591252193,0.363733591252193,1.155960029150691,5.456003868782894,18.578389849077354,256.06666666666666,0,0.060554272973863635,,-25.160837136174173,31.824497615553796,-7.6461002738449535,11.283436186366883,0.312343828085957,-3.2814362804770023,6.918772192998932,0.37181409295352325
GAP_FADE_SPY,SPY,True,Y2024,low,0.5,,15,15,0.4666666666666667,57.270501707118335,-44.22918415774993,3.13733591252193,0.31373359125219297,1.1330005277736481,4.706003868782889,18.728389849077356,256.06666666666666,0,0.060554272973863635,,-25.660837136174177,31.324497615553796,-8.146100273844954,11.283436186366885,0.312343828085957,-3.7814362804770023,6.918772192998932,0.37181409295352325
GAP_FADE_SPY,SPY,True,Y2024,realistic,1.5,,15,15,0.4666666666666667,55.270501707118335,-46.22918415774993,1.137335912521931,0.11373359125219308,1.0461289740416309,1.7060038687828936,19.328389849077354,256.06666666666666,0,0.060554272973863635,,-27.660837136174177,29.324497615553796,-10.146100273844953,11.283436186366883,0.312343828085957,-5.781436280477001,6.918772192998932,0.37181409295352325
GAP_FADE_SPY,SPY,True,Y2024,pessimistic,4.0,,15,15,0.4666666666666667,50.270501707118335,-51.22918415774993,-3.862664087478069,-0.3862664087478069,0.8586256001711918,-5.793996131217101,23.789747362370484,256.06666666666666,0,0.060554272973863635,,-32.66083713617419,24.324497615553796,-15.146100273844954,11.283436186366885,0.312343828085957,-10.781436280477003,6.918772192998934,0.37181409295352325
GAP_FADE_SPY,SPY,True,Y2024,opt_bach,200.0,0.01,15,15,0.3333333333333333,7716.889930803355,-7512.321694940874,-2435.917819692798,-243.5917819692798,0.513615513563553,-3653.876729539196,5772.370655539581,256.06666666666666,0,0.060554272973863635,,-6229.305273857194,1649.956008494576,-4419.210438877364,1983.2926191845663,0.26786606696651677,-2493.367633331112,57.449813638314026,0.47726136931534235
GAP_FADE_SPY,SPY,True,Y2024,opt_bach_pess,500.0,0.02,15,15,0.3333333333333333,7116.889930803355,-8112.321694940874,-3035.917819692798,-303.5917819692798,0.4386469249143371,-4553.876729539196,6372.370655539582,256.06666666666666,0,0.060554272973863635,,-6829.305273857194,1049.9560084945758,-5019.210438877364,1983.2926191845663,0.26786606696651677,-3093.367633331112,57.449813638314026,0.47726136931534235
GAP_FADE_SPY,SPY,True,Y2024,opt_delta_no_decay,200.0,0.01,15,15,0.4666666666666667,6742.7204344071315,-5767.589041565956,70.5553805548186,7.055538055481859,1.0229370257809434,105.83307083222797,2429.498467593474,256.06666666666666,0,0.060554272973863635,,-3387.314898698083,3527.608004901797,-919.0730483905955,989.6284289454142,0.36731634182908546,-271.71340290354175,342.26878345836036,0.4387806096951524
GAP_FADE_SPY,SPY,True,Y2025,gross,0.0,,71,71,0.5070422535211268,81.12877017924998,-71.1064851085711,6.083221797929724,0.6083221797929724,1.1735460544013823,43.19087476530105,47.96801332415523,256.2676056338028,0,0.02295760092584745,,-18.208827424683907,29.92230489115688,-9.035386174002845,15.118607971932569,0.17091454272863568,0.6024867451228763,5.480735052806848,0.4007996001999001
GAP_FADE_SPY,SPY,True,Y2025,quoted,0.25,,71,71,0.5070422535211268,80.62877017924998,-71.6064851085711,5.583221797929724,0.5583221797929724,1.1581695317328424,39.64087476530106,48.21801332415523,256.2676056338028,0,0.02295760092584745,,-18.708827424683907,29.42230489115688,-9.535386174002845,15.118607971932569,0.17091454272863568,0.10248674512287607,5.480735052806848,0.4007996001999001
GAP_FADE_SPY,SPY,True,Y2025,low,0.5,,71,71,0.49295774647887325,82.42106132027952,-70.10634440435479,5.083221797929724,0.5083221797929723,1.1430005098046259,36.09087476530103,48.46801332415523,256.2676056338028,0,0.02295760092584745,,-19.208827424683907,28.92230489115688,-10.035386174002845,15.118607971932569,0.17091454272863568,-0.39751325487712313,5.480735052806847,0.4007996001999001
GAP_FADE_SPY,SPY,True,Y2025,realistic,1.5,,71,71,0.49295774647887325,80.42106132027952,-72.10634440435479,3.0832217979297245,0.30832217979297244,1.084330978031799,21.890874765301042,49.46801332415523,256.2676056338028,0,0.02295760092584745,,-21.208827424683907,26.922304891156877,-12.035386174002845,15.118607971932569,0.17091454272863568,-2.397513254877122,5.480735052806846,0.4007996001999001
GAP_FADE_SPY,SPY,True,Y2025,pessimistic,4.0,,71,71,0.4647887323943662,80.12925642725726,-73.16728195911786,-1.9167782020702755,-0.19167782020702756,0.9510525927698875,-13.609125234698952,55.61219332235253,256.2676056338028,0,0.02295760092584745,,-26.208827424683907,21.922304891156884,-17.035386174002845,15.118607971932569,0.17091454272863568,-7.397513254877124,5.480735052806848,0.4007996001999001
GAP_FADE_SPY,SPY,True,Y2025,opt_bach,200.0,0.01,71,71,0.352112676056338,10773.989331400646,-8360.156341480475,-1622.7811045505043,-162.27811045505044,0.700397067385459,-11521.74584230858,14105.520319762032,256.2676056338028,0,0.02295760092584745,,-3817.281591195364,765.769202177583,-4125.52231224056,2502.7412076900555,0.025987006496751622,-1568.7940833138139,-53.98702123669045,0.519240379810095
GAP_FADE_SPY,SPY,True,Y2025,opt_bach_pess,500.0,0.02,71,71,0.352112676056338,10173.989331400644,-8960.156341480475,-2222.781104550504,-222.2781104550504,0.617103297889725,-15781.74584230858,17945.520319762032,256.2676056338028,0,0.02295760092584745,,-4417.281591195365,165.7692021775829,-4725.52231224056,2502.7412076900555,0.025987006496751622,-2168.7940833138146,-53.98702123668954,0.519240379810095
GAP_FADE_SPY,SPY,True,Y2025,opt_delta_no_decay,200.0,0.01,71,71,0.49295774647887325,7073.184867817733,-5815.800110070011,537.9248790295813,53.79248790295813,1.1824181334003188,3819.2666411100267,3246.6846962624695,256.2676056338028,0,0.02295760092584745,,-1137.695640733163,2302.6116000216,-980.3669877697172,1518.2918667992985,0.0864567716141929,509.4620949032917,28.462784126289648,0.49075462268865566
GAP_FADE_SPY,SPY,True,Y2026,gross,0.0,,57,57,0.5263157894736842,46.44140691478437,-43.62778381730727,3.7770534101093913,0.3777053410109391,1.182768381147493,21.529204437623513,32.492205824137585,292.5964912280702,0,0.032012272496443554,,-9.213496778690974,18.078989103456507,-7.570056733734395,11.347110143843786,0.1359320339830085,2.8191781545190575,0.9578752555903338,0.4542728635682159
GAP_FADE_SPY,SPY,True,Y2026,quoted,0.25,,57,57,0.5263157894736842,45.94140691478437,-44.12778381730727,3.2770534101093913,0.3277053410109391,1.1567770521725838,18.67920443762352,33.09220582413759,292.5964912280702,0,0.032012272496443554,,-9.713496778690974,17.57898910345651,-8.070056733734395,11.347110143843786,0.1359320339830085,2.3191781545190575,0.9578752555903338,0.4542728635682159
GAP_FADE_SPY,SPY,True,Y2026,low,0.5,,57,57,0.49122807017543857,48.7037166668767,-41.56593180332113,2.7770534101093913,0.27770534101093913,1.1313177913015073,15.82920443762351,33.745712300259065,292.5964912280702,0,0.032012272496443554,,-10.213496778690974,17.07898910345651,-8.570056733734395,11.347110143843786,0.1359320339830085,1.819178154519057,0.9578752555903343,0.4542728635682159
GAP_FADE_SPY,SPY,True,Y2026,realistic,1.5,,57,57,0.47368421052631576,48.4335644480302,-42.11380652401934,0.7770534101093907,0.07770534101093907,1.0350574218069264,4.429204437623508,36.54571230025907,292.5964912280702,0,0.032012272496443554,,-12.213496778690974,15.07898910345651,-10.570056733734395,11.347110143843786,0.1359320339830085,-0.1808218454809429,0.9578752555903336,0.4542728635682159
GAP_FADE_SPY,SPY,True,Y2026,pessimistic,4.0,,57,57,0.47368421052631576,43.4335644480302,-47.11380652401934,-4.222946589890609,-0.4222946589890608,0.8296975109259828,-24.07079556237648,43.54571230025907,292.5964912280702,0,0.032012272496443554,,-17.213496778690974,10.078989103456507,-15.570056733734395,11.347110143843786,0.1359320339830085,-5.180821845480942,0.9578752555903334,0.4542728635682159
GAP_FADE_SPY,SPY,True,Y2026,opt_bach,200.0,0.01,57,57,0.3333333333333333,7908.6815647594785,-8760.596082777527,-3204.170200265191,-320.4170200265191,0.4513780506504101,-18263.770141511588,19897.999716064496,292.5964912280702,0,0.032012272496443554,,-5254.2510301150205,-984.4865511618082,-4677.75679947694,1473.5865992117488,0.15342328835582209,-2798.0828980937545,-406.0873021714365,0.6256871564217891
GAP_FADE_SPY,SPY,True,Y2026,opt_bach_pess,500.0,0.02,57,57,0.3157894736842105,7717.516347277652,-9121.871683746505,-3804.170200265191,-380.4170200265191,0.390482430066097,-21683.770141511584,22610.295877762983,292.5964912280702,0,0.032012272496443554,,-5854.2510301150205,-1584.486551161808,-5277.7567994769415,1473.5865992117506,0.15342328835582209,-3398.0828980937545,-406.0873021714365,0.6256871564217891
GAP_FADE_SPY,SPY,True,Y2026,opt_delta_no_decay,200.0,0.01,57,57,0.49122807017543857,5907.722452352076,-5650.118541235003,27.417385439351754,2.7417385439351754,1.0095377368459262,156.27909700430348,5221.180524112266,292.5964912280702,0,0.032012272496443554,,-1639.9802834595948,1807.6182787745927,-753.4341380931774,780.8515235325291,0.27586206896551724,174.53904190772397,-147.1216564683722,0.5427286356821589
GAP_GO_SPY,QQQ,True,all,gross,0.0,,228,228,0.5,67.34702122460682,-69.32560059207364,-0.9892896837334065,-0.09892896837334064,0.9714596144776415,-22.555804789121623,110.59767422903651,226.35526315789474,0,-0.04437119854076866,,-11.697413358750389,9.91042021660045,1.6942244929890615,-2.683514176722468,0.6306846576711644,0.38233605505014623,-1.3716257387835529,0.5572213893053474
GAP_GO_SPY,QQQ,True,all,quoted,0.25,,228,228,0.5,66.84702122460682,-69.82560059207364,-1.489289683733407,-0.14892896837334071,0.9573425886464206,-33.95580478912167,117.54767422903657,226.35526315789474,0,-0.04437119854076866,,-12.197413358750389,9.41042021660045,1.1942244929890613,-2.6835141767224684,0.6306846576711644,-0.11766394494985377,-1.3716257387835533,0.5572213893053474
GAP_GO_SPY,QQQ,True,all,low,0.5,,228,228,0.5,66.34702122460682,-70.32560059207364,-1.9892896837334069,-0.1989289683733407,0.9434263008922635,-45.35580478912173,124.49767422903655,226.35526315789474,0,-0.04437119854076866,,-12.697413358750389,8.91042021660045,0.6942244929890614,-2.6835141767224684,0.6306846576711644,-0.617663944949854,-1.3716257387835529,0.5572213893053474
GAP_GO_SPY,QQQ,True,all,realistic,1.5,,228,228,0.4956140350877193,64.92837450888985,-71.70838580344149,-3.9892896837334066,-0.39892896837334063,0.8897032707147371,-90.95580478912167,152.29767422903655,226.35526315789474,0,-0.04437119854076866,,-14.697413358750389,6.910420216600451,-1.3057755070109398,-2.6835141767224666,0.6306846576711644,-2.617663944949855,-1.3716257387835515,0.5572213893053474
GAP_GO_SPY,QQQ,True,all,pessimistic,4.0,,228,228,0.4780701754385965,62.21000754586847,-74.20545269236034,-8.989289683733405,-0.8989289683733405,0.7678987695898981,-204.95580478912177,223.5166496250214,226.35526315789474,0,-0.04437119854076866,,-19.697413358750392,1.9104202166004511,-6.3057755070109405,-2.683514176722465,0.6306846576711644,-7.617663944949855,-1.3716257387835507,0.5572213893053474
GAP_GO_SPY,QQQ,True,all,opt_bach,200.0,0.01,228,228,0.34210526315789475,6758.4807561882235,-7152.445295502748,-2393.444277818994,-239.3444277818994,0.4913578291088274,-54570.52953427305,56010.23919479014,226.35526315789474,0,-0.04437119854076866,,-3341.251384443433,-1460.573690434427,-3148.5779475978916,755.1336697788975,0.10144927536231885,-2376.171786599568,-17.27249121942623,0.512743628185907
GAP_GO_SPY,QQQ,True,all,opt_bach_pess,500.0,0.02,228,228,0.3333333333333333,6335.412261175518,-7657.872547316251,-2993.444277818995,-299.3444277818995,0.41365354555266154,-68250.52953427305,69450.23919479013,226.35526315789474,0,-0.04437119854076866,,-3941.251384443433,-2060.5736904344267,-3748.5779475978916,755.1336697788965,0.10144927536231885,-2976.171786599568,-17.27249121942714,0.512743628185907
GAP_GO_SPY,QQQ,True,all,opt_delta_no_decay,200.0,0.01,228,228,0.49122807017543857,5516.854716950079,-5597.486967658442,-137.8103506577656,-13.78103506577656,0.9516088877341903,-3142.075994997052,12315.329214542036,226.35526315789474,0,-0.04437119854076866,,-908.3540150419163,716.4014860584508,-125.89697567878532,-11.913374978980286,0.5112443778110944,-2.058924707728836,-135.75142595003678,0.5802098950524738
GAP_GO_SPY,QQQ,True,IS,gross,0.0,,97,97,0.4845360824742268,77.61022387755234,-81.93247820398534,-4.628282350044403,-0.46282823500444026,0.8904113734149276,-44.89433879543066,74.65016110827615,223.659793814433,0,-0.10355511841029306,,-24.624465594934506,15.537660481459124,-2.02353430540773,-2.604748044636673,0.5662168915542228,-2.427473710108803,-2.2008086399356,0.5677161419290355
GAP_GO_SPY,QQQ,True,IS,quoted,0.25,,97,97,0.4845360824742268,77.11022387755234,-82.43247820398534,-5.128282350044403,-0.5128282350044403,0.8793088843639164,-49.74433879543073,76.90016110827617,223.659793814433,0,-0.10355511841029306,,-25.124465594934506,15.037660481459124,-2.52353430540773,-2.604748044636673,0.5662168915542228,-2.9274737101088038,-2.200808639935599,0.5677161419290355
GAP_GO_SPY,QQQ,True,IS,low,0.5,,97,97,0.4845360824742268,76.61022387755234,-82.93247820398535,-5.628282350044404,-0.5628282350044403,0.8683402691496871,-54.59433879543068,79.15016110827615,223.659793814433,0,-0.10355511841029306,,-25.624465594934506,14.537660481459124,-3.0235343054077304,-2.6047480446366733,0.5662168915542228,-3.4274737101088038,-2.2008086399356,0.5677161419290355
GAP_GO_SPY,QQQ,True,IS,realistic,1.5,,97,97,0.4845360824742268,74.61022387755234,-84.93247820398535,-7.628282350044402,-0.7628282350044402,0.8257572595074504,-73.99433879543072,92.02896832639614,223.659793814433,0,-0.10355511841029306,,-27.624465594934506,12.537660481459124,-5.023534305407732,-2.60474804463667,0.5662168915542228,-5.427473710108805,-2.2008086399355973,0.5677161419290355
GAP_GO_SPY,QQQ,True,IS,pessimistic,4.0,,97,97,0.4639175257731959,72.87471129353835,-86.62125761852947,-12.628282350044403,-1.2628282350044402,0.7280505471503704,-122.4943387954307,131.52896832639613,223.659793814433,0,-0.10355511841029306,,-32.624465594934506,7.537660481459124,-10.023534305407733,-2.60474804463667,0.5662168915542228,-10.427473710108805,-2.200808639935598,0.5677161419290355
GAP_GO_SPY,QQQ,True,IS,opt_bach,200.0,0.01,97,97,0.35051546391752575,6533.596509132199,-7235.0490031600675,-2408.9258339029843,-240.89258339029843,0.4873592363741217,-23366.58058885895,23929.52698020881,223.659793814433,0,-0.10355511841029306,,-3887.5978810582474,-861.9588430055367,-3482.7361697796314,1073.810335876647,0.14992503748125938,-2008.4262282974967,-400.49960560548766,0.657671164417791
GAP_GO_SPY,QQQ,True,IS,opt_bach_pess,500.0,0.02,97,97,0.3402061855670103,6129.566110408716,-7720.960742688703,-3008.9258339029843,-300.89258339029846,0.40934770050117875,-29186.58058885895,29689.52698020881,223.659793814433,0,-0.10355511841029306,,-4487.597881058247,-1461.958843005537,-4082.7361697796314,1073.810335876647,0.14992503748125938,-2608.4262282974964,-400.4996056054879,0.657671164417791
GAP_GO_SPY,QQQ,True,IS,opt_delta_no_decay,200.0,0.01,97,97,0.4742268041237113,5702.697714719996,-5952.666257826062,-425.3802502268999,-42.538025022689986,0.8640850134526783,-4126.188427200928,6629.859420349538,223.659793814433,0,-0.10355511841029306,,-1777.382677256314,879.0278597521649,-713.9804743769697,288.60022415006983,0.391304347826087,19.287330269188274,-444.66758049608814,0.688655672163918
GAP_GO_SPY,QQQ,True,OOS,gross,0.0,,131,131,0.5114503816793893,60.147461154630115,-59.476477457767615,1.7052316035350406,0.17052316035350404,1.0586853170812647,22.338534006309033,45.276124021125476,228.35114503816794,0,-0.0005479906984490453,,-10.84662112624621,13.900810530652606,4.447068794092028,-2.741837190556988,0.6241879060469765,2.46288221703807,-0.7576506135030296,0.5467266366816592
GAP_GO_SPY,QQQ,True,OOS,quoted,0.25,,131,131,0.5114503816793893,59.647461154630115,-59.976477457767615,1.205231603535041,0.12052316035350409,1.0411320995005566,15.788534006309035,47.27612402112547,228.35114503816794,0,-0.0005479906984490453,,-11.34662112624621,13.400810530652606,3.947068794092029,-2.741837190556988,0.6241879060469765,1.96288221703807,-0.757650613503029,0.5467266366816592
GAP_GO_SPY,QQQ,True,OOS,low,0.5,,131,131,0.5114503816793893,59.147461154630115,-60.476477457767615,0.7052316035350411,0.07052316035350412,1.0238691305969967,9.23853400630905,49.27612402112546,228.35114503816794,0,-0.0005479906984490453,,-11.84662112624621,12.900810530652606,3.447068794092029,-2.741837190556988,0.6241879060469765,1.46288221703807,-0.7576506135030289,0.5467266366816592
GAP_GO_SPY,QQQ,True,OOS,realistic,1.5,,131,131,0.5038167938931297,58.033724200902924,-61.53600703379235,-1.29476839646496,-0.129476839646496,0.9575946436484136,-16.96146599369097,60.864142554721006,228.35114503816794,0,-0.0005479906984490453,,-13.846621126246212,10.900810530652606,1.4470687940920284,-2.7418371905569883,0.6241879060469765,-0.5371177829619305,-0.7576506135030294,0.5467266366816592
GAP_GO_SPY,QQQ,True,OOS,pessimistic,4.0,,131,131,0.48854961832061067,54.71138772328809,-64.5693055854828,-6.294768396464959,-0.6294768396464958,0.8093880462241984,-82.46146599369094,92.08311795070566,228.35114503816794,0,-0.0005479906984490453,,-18.846621126246212,5.900810530652608,-3.552931205907972,-2.741837190556987,0.6241879060469765,-5.53711778296193,-0.7576506135030288,0.5467266366816592
GAP_GO_SPY,QQQ,True,OOS,opt_bach,200.0,0.01,131,131,0.33587786259541985,6932.254947095152,-7092.628817544,-2381.9808355277955,-238.19808355277954,0.494311504156024,-31203.948945414144,32080.71221458137,228.35114503816794,0,-0.0005479906984490453,,-3673.4076299551843,-1048.0158829659415,-2901.1478136159926,519.1669780881971,0.25237381309345325,-2648.4719328232386,266.49109729544307,0.4107946026986507
GAP_GO_SPY,QQQ,True,OOS,opt_bach_pess,500.0,0.02,131,131,0.3282442748091603,6493.3872140895755,-7611.990223409012,-2981.9808355277955,-298.19808355277956,0.41682989899514217,-39063.948945414144,39760.71221458137,228.35114503816794,0,-0.0005479906984490453,,-4273.407629955184,-1648.0158829659417,-3501.1478136159926,519.1669780881971,0.25237381309345325,-3248.471932823239,266.4910972954435,0.4107946026986507
GAP_GO_SPY,QQQ,True,OOS,opt_delta_no_decay,200.0,0.01,131,131,0.5038167938931297,5387.3277791104365,-5318.807832296156,75.12308642777658,7.512308642777658,1.0284653849923708,984.1124322038731,5797.725001736779,228.35114503816794,0,-0.0005479906984490453,,-1000.3232441202413,1168.2343920035778,309.5541645786488,-234.43107815087222,0.6091954022988506,-17.86493030132399,92.98801672910058,0.4682658670664668
GAP_GO_SPY,QQQ,True,Y2024,gross,0.0,,28,28,0.5,58.043773328499014,-53.14681115149647,2.4484810885012718,0.24484810885012717,1.0921402821900945,6.855747047803565,21.71858125832171,195.0,0,-0.05371027871148199,,-20.7905247944912,25.9475860080302,4.519285980535494,-2.070804892034222,0.5402298850574713,6.463153354993987,-4.014672266492715,0.5677161419290355
GAP_GO_SPY,QQQ,True,Y2024,quoted,0.25,,28,28,0.5,57.543773328499014,-53.64681115149647,1.9484810885012718,0.19484810885012718,1.0726410776960755,5.45574704780356,22.218581258321713,195.0,0,-0.05371027871148199,,-21.2905247944912,25.4475860080302,4.019285980535494,-2.070804892034222,0.5402298850574713,5.963153354993987,-4.014672266492715,0.5677161419290355
GAP_GO_SPY,QQQ,True,Y2024,low,0.5,,28,28,0.5,57.043773328499014,-54.14681115149647,1.4484810885012718,0.1448481088501272,1.0535019905216059,4.055747047803566,22.71858125832171,195.0,0,-0.05371027871148199,,-21.7905247944912,24.9475860080302,3.5192859805354937,-2.070804892034222,0.5402298850574713,5.463153354993987,-4.014672266492715,0.5677161419290355
GAP_GO_SPY,QQQ,True,Y2024,realistic,1.5,,28,28,0.5,55.043773328499014,-56.14681115149647,-0.5515189114987281,-0.05515189114987281,0.980354399468543,-1.544252952196441,24.718581258321713,195.0,0,-0.05371027871148199,,-23.7905247944912,22.9475860080302,1.5192859805354935,-2.0708048920342215,0.5402298850574713,3.463153354993985,-4.014672266492713,0.5677161419290355
GAP_GO_SPY,QQQ,True,Y2024,pessimistic,4.0,,28,28,0.4642857142857143,54.17373150805453,-57.31340260844489,-5.551518911498728,-0.5551518911498728,0.8191900178696183,-15.544252952196437,29.718581258321713,195.0,0,-0.05371027871148199,,-28.7905247944912,17.9475860080302,-3.4807140194645063,-2.0708048920342215,0.5402298850574713,-1.5368466450060143,-4.014672266492713,0.5677161419290355
GAP_GO_SPY,QQQ,True,Y2024,opt_bach,200.0,0.01,28,28,0.35714285714285715,7915.540210504778,-6888.934977107972,-1601.622410103419,-160.16224101034192,0.6383457462992973,-4484.542748289572,6329.801638619444,195.0,0,-0.05371027871148199,,-4320.089699545374,1409.8611769903048,-3114.928636572036,1513.3062264686168,0.17391304347826086,-1657.754814239165,56.1324041357459,0.4897551224387806
GAP_GO_SPY,QQQ,True,Y2024,opt_bach_pess,500.0,0.02,28,28,0.35714285714285715,7315.540210504778,-7488.934977107972,-2201.622410103419,-220.1622410103419,0.5426925214679149,-6164.542748289574,7109.801638619444,195.0,0,-0.05371027871148199,,-4920.089699545374,809.8611769903048,-3714.928636572036,1513.3062264686168,0.17391304347826086,-2257.754814239165,56.13240413574613,0.4897551224387806
GAP_GO_SPY,QQQ,True,Y2024,opt_delta_no_decay,200.0,0.01,28,28,0.5,5795.458225679823,-5077.171201053506,359.14351231315817,35.91435123131582,1.141473863335015,1005.6018344768429,2319.3749239479143,195.0,0,-0.05371027871148199,,-1856.9880062012335,2712.5992193614543,31.830259251966954,327.31325306119123,0.40379810094952523,607.1686402841731,-248.0251279710149,0.5542228885557221
GAP_GO_SPY,QQQ,True,Y2025,gross,0.0,,101,101,0.49504950495049505,73.17295561849312,-84.80083760812809,-6.595989476137383,-0.6595989476137384,0.8459608867820941,-66.61949370898752,90.66072687091372,233.84158415841586,0,-0.10275705179925725,,-27.597193451402525,13.43949843709854,-6.3259259008235125,-0.2700635753138707,0.5247376311844077,2.8716542533331038,-9.467643729470486,0.7401299350324838
GAP_GO_SPY,QQQ,True,Y2025,quoted,0.25,,101,101,0.49504950495049505,72.67295561849312,-85.30083760812809,-7.095989476137383,-0.7095989476137383,0.8352555227150078,-71.6694937089876,93.46379046531597,233.84158415841586,0,-0.10275705179925725,,-28.097193451402525,12.93949843709854,-6.8259259008235125,-0.2700635753138707,0.5247376311844077,2.371654253333104,-9.467643729470488,0.7401299350324838
GAP_GO_SPY,QQQ,True,Y2025,low,0.5,,101,101,0.49504950495049505,72.17295561849312,-85.80083760812809,-7.595989476137383,-0.7595989476137384,0.824674928572849,-76.71949370898756,96.76627783600728,233.84158415841586,0,-0.10275705179925725,,-28.597193451402525,12.43949843709854,-7.3259259008235125,-0.2700635753138707,0.5247376311844077,1.8716542533331038,-9.467643729470486,0.7401299350324838
GAP_GO_SPY,QQQ,True,Y2025,realistic,1.5,,101,101,0.49504950495049505,70.17295561849312,-87.80083760812809,-9.595989476137383,-0.9595989476137383,0.7835576195673939,-96.91949370898757,114.36627783600731,233.84158415841586,0,-0.10275705179925725,,-30.597193451402525,10.43949843709854,-9.325925900823512,-0.2700635753138716,0.5247376311844077,-0.12834574666689572,-9.467643729470488,0.7401299350324838
GAP_GO_SPY,QQQ,True,Y2025,pessimistic,4.0,,101,101,0.48514851485148514,66.58537926292243,-91.09381771102068,-14.59598947613738,-1.4595989476137379,0.6887834613949444,-147.41949370898752,158.36627783600724,233.84158415841586,0,-0.10275705179925725,,-35.59719345140252,5.43949843709854,-14.325925900823508,-0.2700635753138716,0.5247376311844077,-5.128345746666897,-9.467643729470483,0.7401299350324838
GAP_GO_SPY,QQQ,True,Y2025,opt_bach,200.0,0.01,101,101,0.33663366336633666,5616.157959758524,-7356.036666563296,-2989.1592676034757,-298.9159267603476,0.38743561725286035,-30190.5086027951,30333.729902146926,233.84158415841586,0,-0.10275705179925725,,-4359.6290011252,-1607.8328202489438,-3881.5877388314643,892.4284712279887,0.191904047976012,-1856.7037834105531,-1132.4554841929225,0.856071964017991
GAP_GO_SPY,QQQ,True,Y2025,opt_bach_pess,500.0,0.02,101,101,0.32673267326732675,5184.326392872201,-7846.880249893142,-3589.1592676034757,-358.9159267603476,0.3206271820520691,-36250.5086027951,36273.72990214692,233.84158415841586,0,-0.10275705179925725,,-4959.6290011252,-2207.832820248944,-4481.587738831464,892.4284712279882,0.191904047976012,-2456.703783410553,-1132.4554841929225,0.856071964017991
GAP_GO_SPY,QQQ,True,Y2025,opt_delta_no_decay,200.0,0.01,101,101,0.48514851485148514,5146.908425727125,-6273.484170290203,-732.8976633114987,-73.28976633114988,0.7730905617223535,-7402.266399446136,9361.00293673644,233.84158415841586,0,-0.10275705179925725,,-2037.4012797895182,517.375382286681,-1002.3321075007348,269.43444418923605,0.4027986006996502,367.5095907311543,-1100.407254042653,0.8800599700149925
GAP_GO_SPY,QQQ,True,Y2026,gross,0.0,,99,99,0.5050505050505051,64.1259962416307,-57.84123251756962,3.758377966874983,0.3758377966874983,1.131281046312492,37.20794187206234,40.0555330615534,227.58585858585857,0,0.017835522912638655,,-10.14971901105258,17.418861836239884,9.077390837673601,-5.319012870798618,0.6851574212893553,-3.8770985148994126,7.635476481774395,0.22638680659670166
GAP_GO_SPY,QQQ,True,Y2026,quoted,0.25,,99,99,0.5050505050505051,63.6259962416307,-58.34123251756962,3.258377966874983,0.3258377966874983,1.1128404930645828,32.257941872062354,40.7555330615534,227.58585858585857,0,0.017835522912638655,,-10.64971901105258,16.918861836239884,8.577390837673601,-5.319012870798618,0.6851574212893553,-4.377098514899412,7.635476481774395,0.22638680659670166
GAP_GO_SPY,QQQ,True,Y2026,low,0.5,,99,99,0.5050505050505051,63.1259962416307,-58.84123251756962,2.758377966874983,0.2758377966874983,1.094713334904759,27.307941872062315,41.45553306155341,227.58585858585857,0,0.017835522912638655,,-11.14971901105258,16.418861836239884,8.077390837673601,-5.319012870798618,0.6851574212893553,-4.877098514899411,7.635476481774394,0.22638680659670166
GAP_GO_SPY,QQQ,True,Y2026,realistic,1.5,,99,99,0.494949494949495,62.400932897569625,-59.651325865205756,0.7583779668749829,0.0758377966874983,1.0251727577322527,7.507941872062344,45.55824676432811,227.58585858585857,0,0.017835522912638655,,-13.14971901105258,14.418861836239884,6.077390837673601,-5.319012870798618,0.6851574212893553,-6.877098514899412,7.635476481774395,0.22638680659670166
GAP_GO_SPY,QQQ,True,Y2026,pessimistic,4.0,,99,99,0.47474747474747475,59.87124955344161,-62.189794428675604,-4.241622033125018,-0.42416220331250176,0.8701491801344401,-41.99205812793766,58.05824676432811,227.58585858585857,0,0.017835522912638655,,-18.14971901105258,9.418861836239884,1.077390837673601,-5.319012870798619,0.6851574212893553,-11.877098514899412,7.635476481774394,0.22638680659670166
GAP_GO_SPY,QQQ,True,Y2026,opt_bach,200.0,0.01,99,99,0.3434343434343434,7560.4919484071725,-7015.561662734274,-2009.6442609281212,-200.96442609281212,0.5637066646178328,-19895.478183188403,20772.241452355625,227.58585858585857,0,0.017835522912638655,,-3586.4560325026364,-424.8328029108894,-2410.2768546093375,400.63259368121635,0.31434282858570717,-3109.322731530697,1099.678470602576,0.12093953023488256
GAP_GO_SPY,QQQ,True,Y2026,opt_bach_pess,500.0,0.02,99,99,0.3333333333333333,7189.489659985121,-7509.211221384742,-2609.6442609281216,-260.9644260928122,0.47871137513823575,-25835.478183188396,26532.24145235562,227.58585858585857,0,0.017835522912638655,,-4186.456032502636,-1024.8328029108893,-3010.276854609338,400.63259368121635,0.31434282858570717,-3709.322731530697,1099.6784706025755,0.12093953023488256
GAP_GO_SPY,QQQ,True,Y2026,opt_delta_no_decay,200.0,0.01,99,99,0.494949494949495,5807.200005678817,-5040.138291570794,328.74632019921614,32.87463201992161,1.1291467964446635,3254.588569972239,4326.040460684228,227.58585858585857,0,0.017835522912638655,,-917.1361699358187,1538.5770331205372,723.6341933712737,-394.88787317205754,0.6671664167916042,-551.4002568198545,880.1465770190706,0.1549225387306347
GAP_GO_SPY,SPY,True,all,gross,0.0,,143,143,0.48951048951048953,57.32158021613263,-64.6818006280323,-4.959865949070452,-0.4959865949070452,0.8497892498924327,-70.92608307170745,108.33121707295714,270.72727272727275,0,-0.05364145084698237,,-19.089471247081427,8.241612811512013,-7.600906671135862,2.6410407220654095,0.37031484257871067,-3.6272932262201905,-1.3325727228502617,0.5667166416791605
GAP_GO_SPY,SPY,True,all,quoted,0.25,,143,143,0.48951048951048953,56.82158021613263,-65.18180062803232,-5.459865949070452,-0.5459865949070453,0.8359150293120361,-78.07608307170742,111.68121707295711,270.72727272727275,0,-0.05364145084698237,,-19.589471247081427,7.741612811512013,-8.100906671135862,2.6410407220654095,0.37031484257871067,-4.127293226220191,-1.3325727228502613,0.5667166416791605
GAP_GO_SPY,SPY,True,all,low,0.5,,143,143,0.48951048951048953,56.32158021613263,-65.68180062803232,-5.959865949070452,-0.5959865949070452,0.8222520425962375,-85.22608307170748,115.97518020267054,270.72727272727275,0,-0.05364145084698237,,-20.089471247081427,7.241612811512013,-8.600906671135862,2.6410407220654095,0.37031484257871067,-4.627293226220191,-1.3325727228502613,0.5667166416791605
GAP_GO_SPY,SPY,True,all,realistic,1.5,,143,143,0.4825174825174825,55.137034740232046,-66.7934625377444,-7.959865949070452,-0.7959865949070453,0.7697094515933184,-113.82608307170739,135.7430672726786,270.72727272727275,0,-0.05364145084698237,,-22.089471247081427,5.241612811512013,-10.600906671135862,2.6410407220654095,0.37031484257871067,-6.627293226220189,-1.332572722850263,0.5667166416791605
GAP_GO_SPY,SPY,True,all,pessimistic,4.0,,143,143,0.4825174825174825,50.13703474023204,-71.79346253774439,-12.959865949070451,-1.2959865949070453,0.6511651006274576,-185.32608307170744,199.84822512968037,270.72727272727275,0,-0.05364145084698237,,-27.089471247081427,0.24161281151201242,-15.600906671135862,2.6410407220654104,0.37031484257871067,-11.627293226220187,-1.332572722850264,0.5667166416791605
GAP_GO_SPY,SPY,True,all,opt_bach,200.0,0.01,143,143,0.2867132867132867,8412.470310557908,-7845.118331058779,-3183.8516575882613,-318.38516575882613,0.4310302306926989,-45529.078703512176,47516.118533385496,270.72727272727275,0,-0.05364145084698237,,-4570.564597406734,-1787.0291029224873,-4428.288446363043,1244.4367887747812,0.06096951524237881,-2865.253706314988,-318.59795127327334,0.6391804097951025
GAP_GO_SPY,SPY,True,all,opt_bach_pess,500.0,0.02,143,143,0.2727272727272727,8227.194074047598,-8287.993806951708,-3783.8516575882613,-378.38516575882613,0.37224904477849424,-54109.07870351217,55976.11853338549,270.72727272727275,0,-0.05364145084698237,,-5170.564597406734,-2387.0291029224873,-5028.288446363043,1244.4367887747812,0.06096951524237881,-3465.2537063149884,-318.5979512732729,0.6391804097951025
GAP_GO_SPY,SPY,True,all,opt_delta_no_decay,200.0,0.01,143,143,0.4825174825174825,5802.635198698674,-6347.115777940033,-484.6485234780001,-48.464852347800004,0.8524447075072361,-6930.473885735402,10978.959508903114,270.72727272727275,0,-0.05364145084698237,,-1691.965219677469,698.9964398022107,-757.3008442805971,272.652320802597,0.3663168415792104,-158.06471936662325,-326.5838041113768,0.6486756621689156
GAP_GO_SPY,SPY,True,IS,gross,0.0,,69,69,0.5217391304347826,70.19947466160835,-82.50811032971055,-2.8345877255441727,-0.28345877255441726,0.9281662709200914,-19.558655306254792,67.27825175966728,260.30434782608694,0,-0.01569094627564673,,-26.127048361466013,21.38608869292419,-9.478099129251568,6.643511403707395,0.2893553223388306,-4.5568093774366085,1.7222216518924358,0.4472763618190905
GAP_GO_SPY,SPY,True,IS,quoted,0.25,,69,69,0.5217391304347826,69.69947466160835,-83.00811032971055,-3.3345877255441723,-0.33345877255441725,0.9160043547301592,-23.00865530625479,67.3782517596673,260.30434782608694,0,-0.01569094627564673,,-26.627048361466017,20.88608869292419,-9.978099129251568,6.643511403707396,0.2893553223388306,-5.0568093774366085,1.7222216518924363,0.4472763618190905
GAP_GO_SPY,SPY,True,IS,low,0.5,,69,69,0.5217391304347826,69.19947466160835,-83.50811032971055,-3.834587725544172,-0.3834587725544172,0.9039880760853937,-26.458655306254787,67.47825175966729,260.30434782608694,0,-0.01569094627564673,,-27.127048361466017,20.38608869292419,-10.478099129251568,6.643511403707397,0.2893553223388306,-5.5568093774366085,1.7222216518924367,0.4472763618190905
GAP_GO_SPY,SPY,True,IS,realistic,1.5,,69,69,0.5217391304347826,67.19947466160835,-85.50811032971055,-5.834587725544172,-0.5834587725544171,0.8573282409118091,-40.25865530625478,67.8782517596673,260.30434782608694,0,-0.01569094627564673,,-29.127048361466013,18.38608869292419,-12.478099129251568,6.643511403707396,0.2893553223388306,-7.556809377436607,1.7222216518924345,0.4472763618190905
GAP_GO_SPY,SPY,True,IS,pessimistic,4.0,,69,69,0.5217391304347826,62.19947466160834,-90.50811032971055,-10.834587725544171,-1.0834587725544171,0.7497004645322285,-74.75865530625477,82.54840266862526,260.30434782608694,0,-0.01569094627564673,,-34.12704836146602,13.386088692924186,-17.478099129251564,6.643511403707393,0.2893553223388306,-12.556809377436606,1.7222216518924345,0.4472763618190905
GAP_GO_SPY,SPY,True,IS,opt_bach,200.0,0.01,69,69,0.3333333333333333,8305.91131215639,-7943.355499451561,-2526.9332289155777,-252.69332289155778,0.5228213261215529,-17435.83927951749,18332.117857291367,260.30434782608694,0,-0.01569094627564673,,-4603.419343324939,-221.3816734527611,-4251.950382656095,1725.0171537405172,0.08195902048975512,-2486.992028159935,-39.94120075564251,0.5022488755622189
GAP_GO_SPY,SPY,True,IS,opt_bach_pess,500.0,0.02,69,69,0.3188405797101449,8073.048533671268,-8369.477883743462,-3126.9332289155777,-312.6933228915578,0.4515065138123369,-21575.839279517484,22412.11785729136,260.30434782608694,0,-0.01569094627564673,,-5203.41934332494,-821.3816734527611,-4851.950382656095,1725.0171537405172,0.08195902048975512,-3086.992028159935,-39.94120075564251,0.5022488755622189
GAP_GO_SPY,SPY,True,IS,opt_delta_no_decay,200.0,0.01,69,69,0.5217391304347826,5829.440406275813,-6848.659517367504,-233.99868764055648,-23.399868764055647,0.9285597448657366,-1614.5909447198403,4124.859959573592,260.30434782608694,0,-0.01569094627564673,,-1922.0974402953161,1499.6973106149992,-768.9065636873831,534.9078760468267,0.29535232383808097,-34.30489461933378,-199.6937930212227,0.5517241379310345
GAP_GO_SPY,SPY,True,OOS,gross,0.0,,74,74,0.4594594594594595,43.686162567981896,-49.97509512414777,-6.941544292628738,-0.6941544292628737,0.7430348674782608,-51.367427765452646,67.15637688773346,280.44594594594594,0,-0.08902773213647103,,-20.18955550725485,5.355039749250402,-5.850551541271218,-1.0909927513575193,0.5722138930534733,-2.760582220356236,-4.180962072272502,0.6761619190404797
GAP_GO_SPY,SPY,True,OOS,quoted,0.25,,74,74,0.4594594594594595,43.186162567981896,-50.47509512414777,-7.441544292628739,-0.744154429262874,0.7272544626710973,-55.06742776545266,68.95637688773344,280.44594594594594,0,-0.08902773213647103,,-20.68955550725485,4.855039749250402,-6.350551541271218,-1.090992751357521,0.5722138930534733,-3.260582220356236,-4.180962072272504,0.6761619190404797
GAP_GO_SPY,SPY,True,OOS,low,0.5,,74,74,0.4594594594594595,42.686162567981896,-50.97509512414777,-7.941544292628739,-0.7941544292628739,0.711783628739059,-58.76742776545267,71.70034001744685,280.44594594594594,0,-0.08902773213647103,,-21.18955550725485,4.355039749250402,-6.850551541271218,-1.090992751357521,0.5722138930534733,-3.760582220356236,-4.180962072272504,0.6761619190404797
GAP_GO_SPY,SPY,True,OOS,realistic,1.5,,74,74,0.44594594594594594,41.97800937145788,-51.7304533393326,-9.94154429262874,-0.994154429262874,0.6531390330750957,-73.56742776545263,85.26822708745495,280.44594594594594,0,-0.08902773213647103,,-23.18955550725485,2.3550397492504023,-8.850551541271221,-1.0909927513575184,0.5722138930534733,-5.760582220356236,-4.180962072272504,0.6761619190404797
GAP_GO_SPY,SPY,True,OOS,pessimistic,4.0,,74,74,0.44594594594594594,36.97800937145788,-56.7304533393326,-14.941544292628734,-1.4941544292628735,0.5246351170976867,-110.56742776545262,120.76822708745493,280.44594594594594,0,-0.08902773213647103,,-28.18955550725485,-2.6449602507495986,-13.85055154127122,-1.0909927513575148,0.5722138930534733,-10.760582220356234,-4.1809620722725,0.6761619190404797
GAP_GO_SPY,SPY,True,OOS,opt_bach,200.0,0.01,74,74,0.24324324324324326,8548.629030737624,-7764.42351416471,-3796.383705945223,-379.6383705945223,0.35389280504985576,-28093.239423994648,29226.182816712975,280.44594594594594,0,-0.08902773213647103,,-5530.919374689721,-2019.001910404528,-4592.71177603574,796.3280700905166,0.2513743128435782,-3217.957162973079,-578.426542972144,0.6861569215392304
GAP_GO_SPY,SPY,True,OOS,opt_bach_pess,500.0,0.02,74,74,0.22972972972972974,8426.676538064026,-8220.805182228683,-4396.383705945223,-439.63837059452226,0.3057144966533111,-32533.239423994648,33564.000676094096,280.44594594594594,0,-0.08902773213647103,,-6130.919374689721,-2619.0019104045277,-5192.711776035739,796.3280700905161,0.2513743128435782,-3817.9571629730785,-578.426542972144,0.6861569215392304
GAP_GO_SPY,SPY,True,OOS,opt_delta_no_decay,200.0,0.01,74,74,0.44594594594594594,5773.393154069068,-5943.434231571581,-718.3625595966975,-71.83625595966974,0.7818505657899736,-5315.882941015562,7938.816776331143,280.44594594594594,0,-0.08902773213647103,,-2271.72167148673,783.7302070934734,-746.4792951039991,28.116735507301655,0.5037481259370314,-273.46239379315006,-444.9001658035474,0.6616691654172914
GAP_GO_SPY,SPY,True,Y2024,gross,0.0,,15,15,0.5333333333333333,43.22918415774993,-58.270501707118335,-4.13733591252193,-0.41373359125219306,0.847852351484663,-6.206003868782892,23.847171587443647,256.06666666666666,0,-0.09845366992070972,,-34.07041760309273,25.397666124987392,8.040295110586532,-12.177631023108463,0.7286356821589205,-0.6755920504825449,-3.4617438620393854,0.5992003998001
GAP_GO_SPY,SPY,True,Y2024,quoted,0.25,,15,15,0.5333333333333333,42.72918415774993,-58.770501707118335,-4.63733591252193,-0.46373359125219304,0.8309160532013637,-6.956003868782892,23.997171587443646,256.06666666666666,0,-0.09845366992070972,,-34.57041760309273,24.897666124987392,7.5402951105865315,-12.17763102310846,0.7286356821589205,-1.175592050482545,-3.461743862039385,0.5992003998001
GAP_GO_SPY,SPY,True,Y2024,low,0.5,,15,15,0.5333333333333333,42.22918415774993,-59.270501707118335,-5.13733591252193,-0.5137335912521931,0.8142655007409527,-7.706003868782892,24.147171587443648,256.06666666666666,0,-0.09845366992070972,,-35.07041760309273,24.397666124987392,7.0402951105865315,-12.17763102310846,0.7286356821589205,-1.675592050482545,-3.461743862039385,0.5992003998001
GAP_GO_SPY,SPY,True,Y2024,realistic,1.5,,15,15,0.5333333333333333,40.22918415774993,-61.270501707118335,-7.1373359125219284,-0.7137335912521928,0.7503808388214724,-10.706003868782894,24.74717158744365,256.06666666666666,0,-0.09845366992070972,,-37.07041760309273,22.397666124987392,5.040295110586533,-12.17763102310846,0.7286356821589205,-3.675592050482545,-3.4617438620393837,0.5992003998001
GAP_GO_SPY,SPY,True,Y2024,pessimistic,4.0,,15,15,0.5333333333333333,35.22918415774993,-66.27050170711833,-12.137335912521928,-1.213733591252193,0.6075391571600179,-18.206003868782894,26.24717158744365,256.06666666666666,0,-0.09845366992070972,,-42.070417603092736,17.397666124987392,0.04029511058653365,-12.177631023108463,0.7286356821589205,-8.675592050482546,-3.4617438620393823,0.5992003998001
GAP_GO_SPY,SPY,True,Y2024,opt_bach,200.0,0.01,15,15,0.3333333333333333,9206.890440957663,-8568.279054161972,-2643.2225557887623,-264.32225557887625,0.5372660240614765,-3964.833833683143,4998.345479097126,256.06666666666666,0,-0.09845366992070972,,-7013.362316377797,2616.894545505272,-2758.513406077215,115.29085028845293,0.48225887056471767,-2751.209142337858,107.98658654909559,0.4827586206896552
GAP_GO_SPY,SPY,True,Y2024,opt_bach_pess,500.0,0.02,15,15,0.3333333333333333,8606.890440957663,-9168.279054161972,-3243.2225557887623,-324.32225557887625,0.4693841881400051,-4864.833833683142,5701.112411457019,256.06666666666666,0,-0.09845366992070972,,-7613.362316377797,2016.8945455052717,-3358.513406077215,115.29085028845293,0.48225887056471767,-3351.209142337858,107.98658654909559,0.4827586206896552
GAP_GO_SPY,SPY,True,Y2024,opt_delta_no_decay,200.0,0.01,15,15,0.5333333333333333,5655.532190016274,-7184.424015645175,-336.4473726257359,-33.64473726257359,0.8996497625896552,-504.67105893860384,2557.7287857274127,256.06666666666666,0,-0.09845366992070972,,-4023.6499226868495,3535.052167803128,1199.1419384000096,-1535.5893110257455,0.7636181909045477,1.8860854893546881,-338.3334581150906,0.5717141429285357
GAP_GO_SPY,SPY,True,Y2025,gross,0.0,,71,71,0.49295774647887325,71.1064851085711,-81.12877017924998,-6.083221797929724,-0.6083221797929724,0.8521182413331815,-43.19087476530105,76.39999132375408,256.2676056338028,0,-0.03584999023860113,,-30.34009356399089,17.45982339794557,-8.949812456194191,2.8665906582644674,0.42028985507246375,-5.427359076827716,-0.6558627211020083,0.5132433783108445
GAP_GO_SPY,SPY,True,Y2025,quoted,0.25,,71,71,0.49295774647887325,70.6064851085711,-81.62877017924998,-6.583221797929724,-0.6583221797929724,0.8409436244698543,-46.74087476530102,78.54999132375409,256.2676056338028,0,-0.03584999023860113,,-30.84009356399089,16.95982339794557,-9.449812456194191,2.8665906582644674,0.42028985507246375,-5.927359076827718,-0.6558627211020065,0.5132433783108445
GAP_GO_SPY,SPY,True,Y2025,low,0.5,,71,71,0.49295774647887325,70.1064851085711,-82.12877017924998,-7.083221797929724,-0.7083221797929724,0.8299050697542854,-50.29087476530106,80.69999132375409,256.2676056338028,0,-0.03584999023860113,,-31.34009356399089,16.45982339794557,-9.949812456194191,2.8665906582644674,0.42028985507246375,-6.427359076827718,-0.6558627211020065,0.5132433783108445
GAP_GO_SPY,SPY,True,Y2025,realistic,1.5,,71,71,0.49295774647887325,68.1064851085711,-84.12877017924998,-9.083221797929724,-0.9083221797929724,0.7870629531243434,-64.49087476530102,89.38146813945266,256.2676056338028,0,-0.03584999023860113,,-33.34009356399089,14.459823397945572,-11.949812456194191,2.8665906582644674,0.42028985507246375,-8.427359076827715,-0.6558627211020092,0.5132433783108445
GAP_GO_SPY,SPY,True,Y2025,pessimistic,4.0,,71,71,0.49295774647887325,63.1064851085711,-89.12877017924998,-14.083221797929724,-1.4083221797929724,0.6883695025242506,-99.99087476530102,112.88146813945268,256.2676056338028,0,-0.03584999023860113,,-38.34009356399089,9.459823397945572,-16.94981245619419,2.8665906582644674,0.42028985507246375,-13.427359076827717,-0.6558627211020074,0.5132433783108445
GAP_GO_SPY,SPY,True,Y2025,opt_bach,200.0,0.01,71,71,0.30985915492957744,7498.370236320687,-7717.518090438346,-3002.73579200597,-300.27357920059694,0.4362302969286285,-21319.424123242385,21886.442387043295,256.2676056338028,0,-0.03584999023860113,,-4772.037133762761,-1022.841467533963,-4108.1987622161105,1105.4629702101406,0.16391804097951024,-2487.604047110607,-515.1317448953628,0.6331834082958521
GAP_GO_SPY,SPY,True,Y2025,opt_bach_pess,500.0,0.02,71,71,0.28169014084507044,7615.671567701863,-8002.111227185512,-3602.73579200597,-360.27357920059694,0.3732187400171173,-25579.424123242385,26086.442387043295,256.2676056338028,0,-0.03584999023860113,,-5372.037133762761,-1622.841467533963,-4708.1987622161105,1105.4629702101406,0.16391804097951024,-3087.604047110607,-515.1317448953628,0.6331834082958521
GAP_GO_SPY,SPY,True,Y2025,opt_delta_no_decay,200.0,0.01,71,71,0.49295774647887325,5677.726766350535,-6659.809308428139,-577.92532790344,-57.792532790344,0.828854382807359,-4103.269828114425,5528.347966711599,256.2676056338028,0,-0.03584999023860113,,-2177.4486257911094,1123.9890062030504,-822.5806519271197,244.65532402367967,0.4197901049475262,-125.97650130504834,-451.94882659839163,0.6266866566716641
GAP_GO_SPY,SPY,True,Y2026,gross,0.0,,57,57,0.47368421052631576,43.62778381730727,-46.44140691478437,-3.7770534101093913,-0.3777053410109391,0.8454740724720967,-21.529204437623513,43.492875907263354,292.5964912280702,0,-0.0640100546555641,,-17.35829863198754,9.821158709050387,-10.036796425288399,6.259743015179008,0.2478760619690155,-2.161869405920724,-1.6151840041886674,0.5747126436781609
GAP_GO_SPY,SPY,True,Y2026,quoted,0.25,,57,57,0.47368421052631576,43.12778381730727,-46.94140691478437,-4.277053410109391,-0.42770534101093916,0.8268820213684649,-24.379204437623514,44.192875907263364,292.5964912280702,0,-0.0640100546555641,,-17.85829863198754,9.321158709050387,-10.536796425288399,6.259743015179008,0.2478760619690155,-2.6618694059207244,-1.615184004188667,0.5747126436781609
GAP_GO_SPY,SPY,True,Y2026,low,0.5,,57,57,0.47368421052631576,42.62778381730727,-47.44140691478437,-4.777053410109391,-0.4777053410109392,0.808681865284663,-27.229204437623522,45.83683903697675,292.5964912280702,0,-0.0640100546555641,,-18.35829863198754,8.821158709050387,-11.036796425288399,6.259743015179008,0.2478760619690155,-3.1618694059207244,-1.615184004188667,0.5747126436781609
GAP_GO_SPY,SPY,True,Y2026,realistic,1.5,,57,57,0.45614035087719296,42.26519019284701,-47.90925772226636,-6.777053410109391,-0.6777053410109392,0.7399034282310627,-38.629204437623514,55.004726106984876,292.5964912280702,0,-0.0640100546555641,,-20.35829863198754,6.821158709050389,-13.036796425288399,6.259743015179008,0.2478760619690155,-5.161869405920724,-1.6151840041886674,0.5747126436781609
GAP_GO_SPY,SPY,True,Y2026,pessimistic,4.0,,57,57,0.45614035087719296,37.265190192847,-52.90925772226636,-11.77705341010939,-1.177705341010939,0.5907222476958013,-67.12920443762351,79.50472610698489,292.5964912280702,0,-0.0640100546555641,,-25.35829863198754,1.8211587090503882,-18.036796425288397,6.259743015179007,0.2478760619690155,-10.16186940592072,-1.61518400418867,0.5747126436781609
GAP_GO_SPY,SPY,True,Y2026,opt_bach,200.0,0.01,57,57,0.24561403508771928,9565.191809216483,-7822.346344067367,-3551.7229379976516,-355.17229379976516,0.3981220415260548,-20244.82074658661,22197.53513475411,292.5964912280702,0,-0.0640100546555641,,-5619.504563971396,-1306.280759053457,-5266.411133709001,1714.6881957113492,0.10344827586206896,-3365.671149528463,-186.05178846918852,0.568215892053973
GAP_GO_SPY,SPY,True,Y2026,opt_bach_pess,500.0,0.02,57,57,0.24561403508771928,8965.191809216483,-8422.346344067368,-4151.722937997652,-415.17229379976516,0.34656609210457345,-23664.820746586607,25221.610371088973,292.5964912280702,0,-0.0640100546555641,,-6219.504563971396,-1906.2807590534564,-5866.411133709001,1714.6881957113492,0.10344827586206896,-3965.671149528463,-186.05178846918852,0.568215892053973
GAP_GO_SPY,SPY,True,Y2026,opt_delta_no_decay,200.0,0.01,57,57,0.45614035087719296,6016.043629531136,-5794.918204988172,-407.4619295933989,-40.74619295933989,0.8707135861765148,-2322.5329986823754,5806.549801863938,292.5964912280702,0,-0.0640100546555641,,-2167.752528424197,1448.1401833880789,-1190.8407635315793,783.3788339381804,0.2733633183408296,-240.12657121243933,-167.33535838095958,0.5717141429285357
LAST30_ETA_SPY,QQQ,False,all,gross,0.0,,270,270,0.5222222222222223,14.883838981607317,-15.369299264956766,0.42956181936003446,0.042956181936003444,1.058498625228821,11.598169122720932,45.887947960799536,25.0,0,,,-2.1628821340973894,2.9810280361903314,0.06971837274263593,0.35984344661739853,0.41379310344827586,-1.1639586361265795,1.593520455486614,0.17491254372813594
LAST30_ETA_SPY,QQQ,False,all,quoted,0.25,,270,270,0.5148148148148148,14.594242457906809,-15.6306718352812,-0.07043818063996536,-0.007043818063996537,0.990711984034135,-1.9018308772790884,48.612059448697,25.0,0,,,-2.6628821340973894,2.4810280361903314,-0.4302816272573639,0.35984344661739853,0.41379310344827586,-1.6639586361265795,1.593520455486614,0.17491254372813594
LAST30_ETA_SPY,QQQ,False,all,low,0.5,,270,270,0.5,14.520595856121695,-15.66147221740163,-0.5704381806399653,-0.05704381806399653,0.9271539517203053,-15.401830877279076,53.24497216138231,25.0,0,,,-3.1628821340973894,1.9810280361903312,-0.9302816272573636,0.3598434466173983,0.41379310344827586,-2.16395863612658,1.5935204554866145,0.17491254372813594
LAST30_ETA_SPY,QQQ,False,all,realistic,1.5,,270,270,0.46296296296296297,13.597916236551374,-16.508674747184227,-2.570438180639965,-0.2570438180639965,0.7100716297795705,-69.40183087727904,86.52706798275078,25.0,0,,,-5.162882134097389,-0.018971963809668837,-2.930281627257364,0.3598434466173992,0.41379310344827586,-4.16395863612658,1.593520455486615,0.17491254372813594
LAST30_ETA_SPY,QQQ,False,all,pessimistic,4.0,,270,270,0.35185185185185186,11.995434882620483,-18.191912129267067,-7.5704381806399645,-0.7570438180639965,0.35795069047371303,-204.40183087727914,206.83928029213197,25.0,0,,,-10.162882134097389,-5.018971963809669,-7.930281627257363,0.35984344661739875,0.41379310344827586,-9.163958636126578,1.5935204554866136,0.17491254372813594
LAST30_ETA_SPY,QQQ,False,all,opt_bach,200.0,0.01,270,270,0.21851851851851853,7207.699747519837,-6659.975559064715,-3629.631695774016,-362.9631695774016,0.30261719945908183,-98000.05578589845,98938.48572975461,25.0,0,,,-4499.425129220584,-2702.4926820404203,-1191.359941169576,-2438.27175460444,1.0,-4452.490454213768,822.8587584397524,0.04897551224387806
LAST30_ETA_SPY,QQQ,False,all,opt_bach_pess,500.0,0.02,270,270,0.2,7244.10565926709,-7093.380349291123,-4225.883147579481,-422.5883147579482,0.2553121820117481,-114098.84498464603,114977.27492850219,25.0,0,,,-5095.145265525379,-3298.699690600591,-1791.0405066928643,-2434.842640886617,1.0,-5048.741906019234,822.8587584397528,0.04897551224387806
LAST30_ETA_SPY,QQQ,False,all,opt_delta_no_decay,200.0,0.01,270,270,0.5,4837.544013497956,-4349.26021842509,244.14189753643305,24.414189753643303,1.1122682411607183,6591.831233483689,10158.003397636874,25.0,0,,,-434.6163450730375,942.317968395889,-411.8058309897329,655.947728526166,0.047976011994003,-492.8672994174957,737.0091969539287,0.05297351324337831
LAST30_ETA_SPY,QQQ,False,IS,gross,0.0,,137,137,0.5328467153284672,13.429182191807172,-19.160858491106843,-1.7953623607949947,-0.17953623607949945,0.7994245636039462,-24.59646434289142,45.887947960799536,25.0,0,,,-5.895389577680707,1.9896983519798357,0.1650431841483903,-1.960405544943385,0.7306346826586707,-2.4251029986093857,0.629740637814391,0.3963018490754623
LAST30_ETA_SPY,QQQ,False,IS,quoted,0.25,,137,137,0.5255474452554745,13.112919832999928,-19.362998021613986,-2.2953623607949942,-0.22953623607949944,0.7501462539110044,-31.446464342891424,48.612059448697,25.0,0,,,-6.395389577680707,1.4896983519798357,-0.3349568158516097,-1.9604055449433846,0.7306346826586707,-2.9251029986093857,0.6297406378143915,0.3963018490754623
LAST30_ETA_SPY,QQQ,False,IS,low,0.5,,137,137,0.5036496350364964,13.174225618047018,-18.999797221678797,-2.7953623607949942,-0.27953623607949946,0.7035845737776745,-38.29646434289141,53.24497216138231,25.0,0,,,-6.8953895776807075,0.9896983519798356,-0.8349568158516097,-1.9604055449433844,0.7306346826586707,-3.4251029986093857,0.6297406378143915,0.3963018490754623
LAST30_ETA_SPY,QQQ,False,IS,realistic,1.5,,137,137,0.43795620437956206,12.984444228754484,-18.64975710589848,-4.795362360794994,-0.4795362360794994,0.5425137009681918,-65.6964643428914,72.6862259320891,25.0,0,,,-8.895389577680707,-1.0103016480201643,-2.8349568158516094,-1.9604055449433844,0.7306346826586707,-5.425102998609386,0.6297406378143924,0.3963018490754623
LAST30_ETA_SPY,QQQ,False,IS,pessimistic,4.0,,137,137,0.32116788321167883,11.873966232613691,-20.04751782434319,-9.795362360794995,-0.9795362360794994,0.28022374265324995,-134.19646434289143,136.63391375774427,25.0,0,,,-13.895389577680707,-6.010301648020164,-7.8349568158516085,-1.9604055449433861,0.7306346826586707,-10.425102998609384,0.6297406378143897,0.3963018490754623
LAST30_ETA_SPY,QQQ,False,IS,opt_bach,200.0,0.01,137,137,0.19708029197080293,6995.221935664266,-6735.299048862146,-4029.2839643204447,-402.9283964320445,0.2549269168474721,-55201.1903111901,56344.36868262117,25.0,0,,,-5105.51235007804,-2888.883575993532,-1231.949479047663,-2797.3344852727814,1.0,-4695.273951787571,665.989987467126,0.16541729135432284
LAST30_ETA_SPY,QQQ,False,IS,opt_bach_pess,500.0,0.02,137,137,0.18248175182481752,6919.776281033482,-7201.565328120241,-4624.678173165182,-462.46781731651816,0.21448016500555941,-63358.09097236301,64236.52091621916,25.0,0,,,-5700.612046881489,-3482.8754261484946,-1831.3199366483043,-2793.3582365168777,1.0,-5290.668160632309,665.9899874671273,0.16541729135432284
LAST30_ETA_SPY,QQQ,False,IS,opt_delta_no_decay,200.0,0.01,137,137,0.5036496350364964,4397.862637413215,-4829.245313108208,-182.01576138574,-18.201576138574,0.9240651072022726,-2493.6159309846394,10158.003397636874,25.0,0,,,-1114.3115171312345,772.6500098888347,-376.9140473020546,194.8982859163146,0.36731634182908546,-814.7774032339945,632.7616418482545,0.1629185407296352
LAST30_ETA_SPY,QQQ,False,OOS,gross,0.0,,133,133,0.5112781954887218,16.445455829481006,-11.636071719208996,2.7214010124520565,0.27214010124520566,1.4785468225813134,36.194633465612355,10.067416596582945,25.0,0,,,-0.39894845097133363,5.913180490638464,-0.028473350284344258,2.7498743627364006,0.12743628185907047,0.13511488011510778,2.586286132336949,0.11494252873563218
LAST30_ETA_SPY,QQQ,False,OOS,quoted,0.25,,133,133,0.5037593984962406,16.18611154735898,-11.954896045711031,2.221401012452057,0.2221401012452057,1.3744457165403674,29.544633465612353,10.56741659658295,25.0,0,,,-0.8989484509713336,5.413180490638464,-0.5284733502843442,2.749874362736401,0.12743628185907047,-0.3648851198848922,2.5862861323369493,0.11494252873563218
LAST30_ETA_SPY,QQQ,False,OOS,low,0.5,,133,133,0.49624060150375937,15.928164741381586,-12.27332146679196,1.721401012452057,0.17214010124520568,1.278417662384641,22.89463346561235,11.067416596582945,25.0,0,,,-1.3989484509713337,4.913180490638464,-1.0284733502843442,2.749874362736401,0.12743628185907047,-0.8648851198848919,2.586286132336949,0.11494252873563218
LAST30_ETA_SPY,QQQ,False,OOS,realistic,1.5,,133,133,0.48872180451127817,14.164198089902353,-14.08421384099308,-0.27859898754794354,-0.027859898754794353,0.9613108087221517,-3.7053665343876476,17.33486345897107,25.0,0,,,-3.398948450971334,2.913180490638464,-3.0284733502843446,2.749874362736401,0.12743628185907047,-2.864885119884892,2.5862861323369484,0.11494252873563218
LAST30_ETA_SPY,QQQ,False,OOS,pessimistic,4.0,,133,133,0.38345864661654133,12.100231364979285,-16.087383718997806,-5.2785989875479435,-0.5278598987547943,0.46780469623170085,-70.20536653438766,70.5472065760313,25.0,0,,,-8.398948450971334,-2.086819509361536,-8.028473350284344,2.7498743627364,0.12743628185907047,-7.8648851198848915,2.586286132336948,0.11494252873563218
LAST30_ETA_SPY,QQQ,False,OOS,opt_bach,200.0,0.01,133,133,0.24060150375939848,7386.977901272976,-6577.940075126917,-3217.959810128447,-321.79598101284466,0.35579962955839495,-42798.865474708335,43149.41103357667,25.0,0,,,-4521.531552842168,-1812.6177351830486,-1149.5496653101927,-2068.410144818254,0.9970014992503748,-4202.405197314439,984.4453871859919,0.0734632683658171
LAST30_ETA_SPY,QQQ,False,OOS,opt_bach_pess,500.0,0.02,133,133,0.21804511278195488,7523.6999508477875,-6976.873449013613,-3815.094286637819,-381.5094286637819,0.3007012825039861,-50740.75401228301,51031.29957115134,25.0,0,,,-5117.084264286875,-2409.7818232841623,-1749.549665310193,-2065.5446213276264,0.9970014992503748,-4799.5396738238105,984.4453871859914,0.0734632683658171
LAST30_ETA_SPY,QQQ,False,OOS,opt_delta_no_decay,200.0,0.01,133,133,0.49624060150375937,5297.210906677457,-3862.11116710491,683.1163281555138,68.31163281555138,1.351112858109586,9085.447164468333,3051.2535315080677,25.0,0,,,-295.4925532582125,1695.2328398294935,-447.7469916304242,1130.863319785938,0.01699150424787606,-161.27568871929756,844.3920168748114,0.09145427286356822
LAST30_ETA_SPY,QQQ,False,Y2024,gross,0.0,,47,47,0.5106382978723404,13.17263013770433,-15.252575769002084,-0.7375770081307244,-0.07375770081307244,0.901182422912759,-3.466611938214404,10.775583062431314,25.0,0,,,-7.13353916008607,4.90483776482176,1.9232955117341006,-2.660872519864825,0.7486256871564217,1.4481104064808772,-2.1856874146116017,0.672663668165917
LAST30_ETA_SPY,QQQ,False,Y2024,quoted,0.25,,47,47,0.48936170212765956,13.236654403433702,-15.108715444213297,-1.2375770081307245,-0.12375770081307244,0.8395900487676747,-5.816611938214397,11.4041921607464,25.0,0,,,-7.63353916008607,4.40483776482176,1.4232955117341008,-2.6608725198648253,0.7486256871564217,0.9481104064808772,-2.1856874146116017,0.672663668165917
LAST30_ETA_SPY,QQQ,False,Y2024,low,0.5,,47,47,0.46808510638297873,13.332771827135769,-14.999483983165238,-1.7375770081307245,-0.17375770081307243,0.782216189640117,-8.166611938214407,13.504192160746408,25.0,0,,,-8.13353916008607,3.9048377648217607,0.9232955117341011,-2.6608725198648253,0.7486256871564217,0.44811040648087713,-2.1856874146116017,0.672663668165917
LAST30_ETA_SPY,QQQ,False,Y2024,realistic,1.5,,47,47,0.40425531914893614,13.346959119034551,-15.330655094421445,-3.737577008130723,-0.3737577008130723,0.5907683044662171,-17.566611938214404,21.904192160746405,25.0,0,,,-10.13353916008607,1.9048377648217616,-1.076704488265899,-2.6608725198648244,0.7486256871564217,-1.5518895935191228,-2.1856874146116003,0.672663668165917
LAST30_ETA_SPY,QQQ,False,Y2024,pessimistic,4.0,,47,47,0.3404255319148936,10.386636263137829,-18.608138696527394,-8.737577008130724,-0.8737577008130724,0.2880913889528497,-41.06661193821441,43.50406135306723,25.0,0,,,-15.13353916008607,-3.0951622351782384,-6.076704488265898,-2.660872519864826,0.7486256871564217,-6.551889593519122,-2.1856874146116025,0.672663668165917
LAST30_ETA_SPY,QQQ,False,Y2024,opt_bach,200.0,0.01,47,47,0.23404255319148937,5522.486416694149,-7125.415028530657,-4165.267881775916,-416.5267881775916,0.23681798159748133,-19576.759044346803,20515.188988202954,25.0,0,,,-5981.097141914206,-2231.037457461825,-826.0029620384761,-3339.26491973744,0.9965017491254373,-3764.4311958889475,-400.83668588696855,0.6066966516741629
LAST30_ETA_SPY,QQQ,False,Y2024,opt_bach_pess,500.0,0.02,47,47,0.2127659574468085,5424.018575440571,-7515.243840156964,-4762.209283646852,-476.22092836468516,0.19506365961169816,-22382.383633140205,23260.813576996356,25.0,0,,,-6578.518922901286,-2829.1826202025195,-1426.0029620384762,-3336.2063216083757,0.9965017491254373,-4361.372597759885,-400.83668588696673,0.6066966516741629
LAST30_ETA_SPY,QQQ,False,Y2024,opt_delta_no_decay,200.0,0.01,47,47,0.46808510638297873,4553.344968029022,-4558.542825797555,-293.4038584744768,-29.340385847447678,0.8789965839938099,-1378.9981348300403,4307.567136227779,25.0,0,,,-2003.153553969376,1356.697545022157,-111.45608870105256,-181.94776977342423,0.5847076461769115,-132.18013783373453,-161.22372064074227,0.5467266366816592
LAST30_ETA_SPY,QQQ,False,Y2025,gross,0.0,,128,128,0.515625,13.950980636345994,-17.313621123391485,-1.1928108410268456,-0.11928108410268455,0.8577664832426415,-15.267978765143614,45.88794796079952,25.0,0,,,-5.463262522834239,2.7330453841106213,-2.4911252558622654,1.2983144148354198,0.33833083458270863,-2.0945795039551474,0.9017686629283017,0.37631184407796103
LAST30_ETA_SPY,QQQ,False,Y2025,quoted,0.25,,128,128,0.5078125,13.660664604110446,-17.53369820505739,-1.6928108410268459,-0.16928108410268458,0.8038427678787742,-21.66797876514364,46.68794796079954,25.0,0,,,-5.963262522834239,2.2330453841106213,-2.9911252558622654,1.2983144148354195,0.33833083458270863,-2.594579503955147,0.901768662928301,0.37631184407796103
LAST30_ETA_SPY,QQQ,False,Y2025,low,0.5,,128,128,0.4921875,13.586612857435185,-17.486713810305428,-2.192810841026846,-0.2192810841026846,0.7530610596081208,-28.06797876514365,47.57086067348483,25.0,0,,,-6.463262522834239,1.733045384110621,-3.4911252558622654,1.2983144148354193,0.33833083458270863,-3.094579503955147,0.9017686629283008,0.37631184407796103
LAST30_ETA_SPY,QQQ,False,Y2025,realistic,1.5,,128,128,0.4453125,12.872464088311789,-17.89310198148181,-4.192810841026846,-0.4192810841026846,0.5775539503192505,-53.66797876514363,58.09715299307567,25.0,0,,,-8.46326252283424,-0.26695461588937924,-5.491125255862266,1.2983144148354198,0.33833083458270863,-5.0945795039551465,0.9017686629283004,0.37631184407796103
LAST30_ETA_SPY,QQQ,False,Y2025,pessimistic,4.0,,128,128,0.3203125,12.015249739384107,-19.187414103059595,-9.192810841026848,-0.9192810841026848,0.29510798287719264,-117.66797876514359,117.66797876514359,25.0,0,,,-13.463262522834242,-5.266954615889379,-10.491125255862265,1.298314414835417,0.33833083458270863,-10.094579503955147,0.9017686629282995,0.37631184407796103
LAST30_ETA_SPY,QQQ,False,Y2025,opt_bach,200.0,0.01,128,128,0.2109375,6762.923825137382,-6801.691065043179,-3940.405111645719,-394.0405111645719,0.2658030645913634,-50437.1854290652,50437.1854290652,25.0,0,,,-5136.2182815866345,-2719.718686391181,-1510.9117146017263,-2429.4933970439924,0.9995002498750625,-4706.018258603782,765.6131469580628,0.14992503748125938
LAST30_ETA_SPY,QQQ,False,Y2025,opt_bach_pess,500.0,0.02,128,128,0.1953125,6687.245053762404,-7257.142202528618,-4533.6290665342785,-453.3629066534279,0.22365797530192855,-58030.45205163875,58030.45205163875,25.0,0,,,-5726.734028413182,-3313.5415481828786,-2110.237907502413,-2423.3911590318658,0.9995002498750625,-5299.242213492342,765.6131469580632,0.14992503748125938
LAST30_ETA_SPY,QQQ,False,Y2025,opt_delta_no_decay,200.0,0.01,128,128,0.4921875,4628.915889580804,-4528.515165416003,-21.342068034761255,-2.1342068034761255,0.990719373675939,-273.17847084494707,7536.553777460927,25.0,0,,,-1045.5708632133005,925.8844024670088,-712.1705473918596,690.8284793570983,0.13493253373313344,-626.8769753168453,605.5349072820841,0.19590204897551225
LAST30_ETA_SPY,QQQ,False,Y2026,gross,0.0,,95,95,0.5368421052631579,16.896342178488084,-12.690587564593242,3.1929220869556807,0.31929220869556807,1.5432222122335235,30.33275982607897,10.067416596582943,25.0,0,,,-0.8689974018266219,7.31644495354234,2.603085308835568,0.5898367781201128,0.41629185407296354,-1.2023562563423054,4.395278343297986,0.03698150924537731
LAST30_ETA_SPY,QQQ,False,Y2026,quoted,0.25,,95,95,0.5368421052631579,16.396342178488084,-13.190587564593242,2.692922086955681,0.26929220869556814,1.4407888252410403,25.58275982607896,10.567416596582953,25.0,0,,,-1.3689974018266213,6.81644495354234,2.1030853088355674,0.5898367781201137,0.41629185407296354,-1.7023562563423051,4.395278343297987,0.03698150924537731
LAST30_ETA_SPY,QQQ,False,Y2026,low,0.5,,95,95,0.5263157894736842,16.22005700722051,-13.392783380005246,2.1929220869556807,0.21929220869556806,1.3456714002023444,20.832759826078966,11.067416596582946,25.0,0,,,-1.868997401826621,6.31644495354234,1.6030853088355674,0.5898367781201133,0.41629185407296354,-2.202356256342305,4.395278343297986,0.03698150924537731
LAST30_ETA_SPY,QQQ,False,Y2026,realistic,1.5,,95,95,0.5157894736842106,14.539119454561094,-15.088896848102264,0.19292208695568083,0.019292208695568084,1.0264052470607026,1.8327598260789715,13.067416596582945,25.0,0,,,-3.868997401826621,4.316444953542343,-0.39691469116443234,0.5898367781201131,0.41629185407296354,-4.202356256342306,4.395278343297987,0.03698150924537731
LAST30_ETA_SPY,QQQ,False,Y2026,pessimistic,4.0,,95,95,0.4,12.651444587473483,-16.44609291338952,-4.807077913044319,-0.48070779130443186,0.5128449921854837,-45.667240173921044,45.667240173921044,25.0,0,,,-8.868997401826624,-0.6835550464576574,-5.396914691164432,0.5898367781201133,0.41629185407296354,-9.202356256342306,4.395278343297987,0.03698150924537731
LAST30_ETA_SPY,QQQ,False,Y2026,opt_bach,200.0,0.01,95,95,0.22105263157894736,8662.285297205977,-6240.123031975538,-2945.90645394594,-294.590645394594,0.3939371203515378,-27986.111312486428,27986.111312486428,25.0,0,,,-4589.574739019309,-981.3451292077689,-941.5615308521699,-2004.3449230937701,0.9780109945027486,-4451.303361364767,1505.3969074188267,0.028985507246376812
LAST30_ETA_SPY,QQQ,False,Y2026,opt_bach_pess,500.0,0.02,95,95,0.2,8934.757552734582,-6666.059032902991,-3545.895715775476,-354.58957157754764,0.33508394947575193,-33686.009299867015,33686.009299867015,25.0,0,,,-5189.574739019309,-1581.3338541287815,-1541.5615308521699,-2004.3341849233063,0.9780109945027486,-5051.292623194302,1505.3969074188258,0.028985507246376812
LAST30_ETA_SPY,QQQ,False,Y2026,opt_delta_no_decay,200.0,0.01,95,95,0.5263157894736842,5225.463029639898,-3974.068290897959,867.7902988588082,86.77902988588082,1.460988993629325,8244.00783915868,2707.118254744387,25.0,0,,,-406.8221110339831,2201.084899236083,-155.69798033810918,1023.4882791969173,0.063968015992004,-490.75212130507504,1358.5424201638832,0.03548225887056472
LAST30_ETA_SPY,SPY,True,all,gross,0.0,,280,280,0.5178571428571429,11.661227163946418,-11.675253541435703,0.4097096809943244,0.04097096809943244,1.0727837065149501,11.471871067841098,34.261656416161856,25.0,0,,,-1.6036449445418353,2.327280646818176,-1.4767992116243103,1.8865088926186346,0.07646176911544228,-1.0506591461387411,1.4603688271330655,0.13143428285857073
LAST30_ETA_SPY,SPY,True,all,quoted,0.25,,280,280,0.5107142857142857,11.320088385254795,-12.000393638051277,-0.09029031900567536,-0.009029031900567535,0.9846225912151235,-2.5281289321589253,36.61393132194744,25.0,0,,,-2.1036449445418355,1.8272806468181761,-1.9767992116243098,1.8865088926186344,0.07646176911544228,-1.5506591461387413,1.460368827133066,0.13143428285857073
LAST30_ETA_SPY,SPY,True,all,low,0.5,,280,280,0.4928571428571429,11.218518323849992,-12.066456464879492,-0.5902903190056753,-0.05902903190056753,0.9035381476667057,-16.52812893215891,40.46393132194743,25.0,0,,,-2.6036449445418355,1.3272806468181761,-2.4767992116243103,1.886508892618635,0.07646176911544228,-2.0506591461387416,1.4603688271330664,0.13143428285857073
LAST30_ETA_SPY,SPY,True,all,realistic,1.5,,280,280,0.40714285714285714,11.345909709849023,-12.16093371231553,-2.5902903190056756,-0.25902903190056753,0.6407213050525189,-72.5281289321589,80.10756919974668,25.0,0,,,-4.603644944541835,-0.6727193531818236,-4.47679921162431,1.8865088926186342,0.07646176911544228,-4.050659146138742,1.460368827133066,0.13143428285857073
LAST30_ETA_SPY,SPY,True,all,pessimistic,4.0,,280,280,0.26785714285714285,10.987925297960992,-14.387198471554454,-7.590290319005674,-0.7590290319005674,0.2794131656648644,-212.5281289321591,214.7237919599217,25.0,0,,,-9.603644944541836,-5.672719353181824,-9.47679921162431,1.8865088926186369,0.07646176911544228,-9.050659146138742,1.4603688271330677,0.13143428285857073
LAST30_ETA_SPY,SPY,True,all,opt_bach,200.0,0.01,280,280,0.22857142857142856,8811.316288370268,-6904.800279643423,-3312.545064097436,-331.25450640974356,0.3781080228252689,-92751.26179472821,95590.76338547308,25.0,0,,,-4283.019012455551,-2240.875471546963,-1263.9470765701628,-2048.5979875272733,1.0,-4272.73856631529,960.1935022178541,0.04997501249375312
LAST30_ETA_SPY,SPY,True,all,opt_bach_pess,500.0,0.02,280,280,0.21785714285714286,8632.935559825257,-7395.60470550122,-3903.672719126523,-390.3672719126523,0.3251400956973565,-109302.83613554266,111443.35884208599,25.0,0,,,-4875.078095103508,-2830.918817609948,-1863.9470765701628,-2039.7256425563603,1.0,-4863.866221344377,960.1935022178536,0.04997501249375312
LAST30_ETA_SPY,SPY,True,all,opt_delta_no_decay,200.0,0.01,280,280,0.49642857142857144,5250.364840564974,-4625.202360005339,277.3113574206377,27.731135742063767,1.1190627301351506,7764.718007777856,9563.815201347934,25.0,0,,,-466.5647624266136,1024.6025307134419,-629.2525023444147,906.5638597650524,0.012993503248375811,-411.916263771486,689.2276211921237,0.08845577211394302
LAST30_ETA_SPY,SPY,True,IS,gross,0.0,,136,136,0.5588235294117647,11.395701515724381,-15.342864488560629,-0.4007246626366539,-0.040072466263665396,0.9407992401948824,-5.449855411858491,34.261656416161856,25.0,0,,,-3.5191765413883,2.787292650991362,-3.5509519791923547,3.150227316555701,0.06046976511744128,-1.1835467314822692,0.7828220688456153,0.3278360819590205
LAST30_ETA_SPY,SPY,True,IS,quoted,0.25,,136,136,0.5514705882352942,11.04315017404115,-15.58581667494543,-0.9007246626366537,-0.09007246626366537,0.8711538150217278,-12.249855411858512,36.61393132194744,25.0,0,,,-4.019176541388299,2.287292650991362,-4.050951979192354,3.1502273165557004,0.06046976511744128,-1.6835467314822694,0.7828220688456157,0.3278360819590205
LAST30_ETA_SPY,SPY,True,IS,low,0.5,,136,136,0.5220588235294118,11.143398894371305,-15.102767317214578,-1.4007246626366536,-0.14007246626366537,0.8059463590424771,-19.049855411858495,40.46393132194743,25.0,0,,,-4.519176541388299,1.787292650991362,-4.550951979192355,3.1502273165557018,0.06046976511744128,-2.1835467314822696,0.782822068845616,0.3278360819590205
LAST30_ETA_SPY,SPY,True,IS,realistic,1.5,,136,136,0.4264705882352941,11.37545651308444,-14.388141434326693,-3.400724662636654,-0.3400724662636654,0.5878919685624129,-46.24985541185851,56.134274105142936,25.0,0,,,-6.519176541388299,-0.2127073490086381,-6.550951979192354,3.1502273165557004,0.06046976511744128,-4.18354673148227,0.7828220688456162,0.3278360819590205
LAST30_ETA_SPY,SPY,True,IS,pessimistic,4.0,,136,136,0.25735294117647056,12.31620331933169,-15.579858121734594,-8.400724662636652,-0.8400724662636653,0.273942882914917,-114.24985541185845,116.44551843962105,25.0,0,,,-11.519176541388301,-5.212707349008637,-11.550951979192355,3.1502273165557035,0.06046976511744128,-9.18354673148227,0.7828220688456184,0.3278360819590205
LAST30_ETA_SPY,SPY,True,IS,opt_bach,200.0,0.01,136,136,0.20588235294117646,9969.939351658842,-6654.296359805034,-3231.659595680119,-323.1659595680119,0.3884406331500606,-43950.57050124961,47580.31952790856,25.0,0,,,-4511.427071802381,-1826.564570014737,-1559.6344351603707,-1672.0251605197482,0.9890054972513743,-4131.431373273236,899.7717775931173,0.11644177911044477
LAST30_ETA_SPY,SPY,True,IS,opt_bach_pess,500.0,0.02,136,136,0.20588235294117646,9378.293766028157,-7237.3480843079005,-3816.480644532831,-381.6480644532831,0.3359530958816252,-51904.1367656465,54423.80030144212,25.0,0,,,-5093.607350426783,-2410.7105638932344,-2159.6344351603707,-1656.8462093724602,0.9885057471264368,-4716.252422125948,899.7717775931173,0.11644177911044477
LAST30_ETA_SPY,SPY,True,IS,opt_delta_no_decay,200.0,0.01,136,136,0.5294117647058824,4975.764992676994,-5035.651959255427,264.5099564735015,26.45099564735015,1.1116208312357831,3597.3354080396184,9563.815201347934,25.0,0,,,-772.0751037752358,1316.9573665223456,-946.7412856583015,1211.251242131803,0.009995002498750625,-396.7370498167111,661.2470062902125,0.16041979010494753
LAST30_ETA_SPY,SPY,True,OOS,gross,0.0,,144,144,0.4791666666666667,11.953690196770694,-8.741164783735758,1.175119894423582,0.11751198944235819,1.2581155089870093,16.92172647969958,10.157675478897012,25.0,0,,,-1.1372352893193787,3.455595250471817,0.48212284663439814,0.6929970477891838,0.35582208895552225,-0.9251542044254093,2.100274098848991,0.111944027986007
LAST30_ETA_SPY,SPY,True,OOS,quoted,0.25,,144,144,0.4722222222222222,11.625534941740435,-9.122619884754656,0.675119894423582,0.0675119894423582,1.140220085124919,9.721726479699544,10.907675478897016,25.0,0,,,-1.6372352893193787,2.955595250471817,-0.017877153365601868,0.6929970477891839,0.35582208895552225,-1.4251542044254093,2.1002740988489914,0.111944027986007
LAST30_ETA_SPY,SPY,True,OOS,low,0.5,,144,144,0.4652777777777778,11.298122495387107,-9.503336914207019,0.175119894423582,0.0175119894423582,1.0344612580162171,2.521726479699607,11.657675478897007,25.0,0,,,-2.1372352893193787,2.455595250471817,-0.5178771533656019,0.6929970477891839,0.35582208895552225,-1.9251542044254093,2.1002740988489914,0.111944027986007
LAST30_ETA_SPY,SPY,True,OOS,realistic,1.5,,144,144,0.3888888888888889,11.315307663640917,-10.18681777689654,-1.8248801055764179,-0.1824880105576418,0.706859638516236,-26.278273520300427,31.514309922252718,25.0,0,,,-4.137235289319379,0.45559525047181654,-2.5178771533656015,0.6929970477891836,0.35582208895552225,-3.925154204425409,2.100274098848991,0.111944027986007
LAST30_ETA_SPY,SPY,True,OOS,pessimistic,4.0,,144,144,0.2777777777777778,9.82568202926163,-13.228942465129514,-6.824880105576417,-0.6824880105576417,0.28566973382448196,-98.2782735203004,99.04198627458078,25.0,0,,,-9.137235289319378,-4.544404749528183,-7.5178771533656015,0.6929970477891843,0.35582208895552225,-8.92515420442541,2.1002740988489936,0.111944027986007
LAST30_ETA_SPY,SPY,True,OOS,opt_bach,200.0,0.01,144,144,0.25,7910.165016923599,-7155.304199481812,-3388.936895380458,-338.8936895380458,0.3684988924019217,-48800.69129347862,50175.63662882506,25.0,0,,,-4757.643352617644,-1799.7212937780478,-984.6867934571887,-2404.250101923269,0.9985007496251874,-4406.195359743895,1017.2584643634373,0.11744127936031984
LAST30_ETA_SPY,SPY,True,OOS,opt_bach_pess,500.0,0.02,144,144,0.22916666666666666,8000.510415168255,-7549.584120716343,-3986.020789576122,-398.6020789576122,0.3150544566953859,-57398.69936989619,58661.1306706678,25.0,0,,,-5354.43910174778,-2397.998957539549,-1584.6867934571887,-2401.333996118933,0.9985007496251874,-5003.27925393956,1017.2584643634377,0.11744127936031984
LAST30_ETA_SPY,SPY,True,OOS,opt_delta_no_decay,200.0,0.01,144,144,0.4652777777777778,5545.457214414743,-4284.049446342928,289.40156942626624,28.940156942626626,1.1263333969939433,4167.382599738234,5398.547546417276,25.0,0,,,-737.478513092243,1355.1127774146769,-329.401984770188,618.8035541964542,0.1374312843578211,-426.25218806210677,715.653757488373,0.16891554222888555
LAST30_ETA_SPY,SPY,True,Y2024,gross,0.0,,40,40,0.55,9.11794467598012,-11.997954823495713,-0.38421009878400464,-0.03842100987840046,0.9288378534441547,-1.5368403951360166,12.716280662723786,25.0,0,,,-4.8449618918157675,3.844602483037338,-0.5370607988217921,0.1528507000377875,0.4607696151924038,-3.0980753046934986,2.713865205909494,0.13093453273363317
LAST30_ETA_SPY,SPY,True,Y2024,quoted,0.25,,40,40,0.55,8.61794467598012,-12.497954823495713,-0.8842100987840047,-0.08842100987840047,0.8427813703617203,-3.536840395136021,14.116280662723792,25.0,0,,,-5.3449618918157675,3.344602483037338,-1.0370607988217926,0.1528507000377879,0.4607696151924038,-3.5980753046934986,2.713865205909494,0.13093453273363317
LAST30_ETA_SPY,SPY,True,Y2024,low,0.5,,40,40,0.525,8.507606263678388,-12.317270288874019,-1.3842100987840047,-0.13842100987840047,0.763411335838909,-5.5368403951360134,15.516280662723783,25.0,0,,,-5.8449618918157675,2.844602483037338,-1.5370607988217926,0.1528507000377879,0.4607696151924038,-4.098075304693499,2.713865205909494,0.13093453273363317
LAST30_ETA_SPY,SPY,True,Y2024,realistic,1.5,,40,40,0.375,9.540021340462726,-11.138748962332043,-3.384210098784005,-0.3384210098784005,0.5138829166214766,-13.536840395136018,21.11628066272379,25.0,0,,,-7.8449618918157675,0.8446024830373381,-3.5370607988217926,0.15285070003778767,0.4607696151924038,-6.098075304693498,2.7138652059094928,0.13093453273363317
LAST30_ETA_SPY,SPY,True,Y2024,pessimistic,4.0,,40,40,0.225,9.023019188907337,-13.437921827468585,-8.384210098784004,-0.8384210098784004,0.19493983145367516,-33.53684039513602,35.73250342289862,25.0,0,,,-12.844961891815768,-4.155397516962662,-8.537060798821791,0.15285070003778678,0.4607696151924038,-11.098075304693499,2.713865205909494,0.13093453273363317
LAST30_ETA_SPY,SPY,True,Y2024,opt_bach,200.0,0.01,40,40,0.175,10282.611291885134,-6620.81889964082,-3662.718616123778,-366.2718616123778,0.32943960619799856,-14650.87446449511,17490.376055239984,25.0,0,,,-5962.504793235126,-892.1412741663177,-1229.459795276875,-2433.258820846903,0.968015992003998,-4691.966082586161,1029.2474664623833,0.19490254872563717
LAST30_ETA_SPY,SPY,True,Y2024,opt_bach_pess,500.0,0.02,40,40,0.175,9703.747564170462,-7187.096754360176,-4231.198998617315,-423.1198998617315,0.2863980778026053,-16924.795994469263,19065.3187010126,25.0,0,,,-6535.362911275414,-1468.2441666950156,-1829.459795276875,-2401.73920334044,0.967016491754123,-5260.446465079699,1029.2474664623842,0.19490254872563717
LAST30_ETA_SPY,SPY,True,Y2024,opt_delta_no_decay,200.0,0.01,40,40,0.525,4558.100364596454,-5449.821823223929,-195.66267461822787,-19.566267461822786,0.9244156169485148,-782.6506984729131,6194.857232421241,25.0,0,,,-2199.2452534608487,1879.7588541142136,-558.4887930259102,362.8261184076824,0.3353323338330835,-1117.9217766919185,922.2591020736907,0.20939530234882558
LAST30_ETA_SPY,SPY,True,Y2025,gross,0.0,,139,139,0.5611510791366906,12.157046561568608,-14.139260183645273,0.6169407237409338,0.06169407237409338,1.0994264006236272,8.575476059998973,34.261656416161856,25.0,0,,,-2.631291967560845,3.727939515673232,-2.4924841208675805,3.1094248446085144,0.0734632683658171,0.6078608876444479,0.009079836096485883,0.5007496251874063
LAST30_ETA_SPY,SPY,True,Y2025,quoted,0.25,,139,139,0.5539568345323741,11.810552982602402,-14.405771275167663,0.11694072374093377,0.011694072374093376,1.0181992031566043,1.6254760599989593,35.06165641616186,25.0,0,,,-3.131291967560845,3.227939515673232,-2.9924841208675805,3.1094248446085144,0.0734632683658171,0.10786088764444779,0.00907983609648598,0.5007496251874063
LAST30_ETA_SPY,SPY,True,Y2025,low,0.5,,139,139,0.5323741007194245,11.774225532999699,-14.223660443722892,-0.38305927625906644,-0.03830592762590664,0.942408810132104,-5.324523940001008,35.86165641616185,25.0,0,,,-3.631291967560844,2.727939515673232,-3.4924841208675805,3.109424844608514,0.0734632683658171,-0.39213911235555227,0.009079836096485827,0.5007496251874063
LAST30_ETA_SPY,SPY,True,Y2025,realistic,1.5,,139,139,0.4460431654676259,11.81913299377875,-13.818590714471334,-2.383059276259066,-0.23830592762590658,0.6886884983525081,-33.12452394000105,39.33199919935735,25.0,0,,,-5.631291967560846,0.7279395156732312,-5.49248412086758,3.109424844608514,0.0734632683658171,-2.3921391123555527,0.009079836096486549,0.5007496251874063
LAST30_ETA_SPY,SPY,True,Y2025,pessimistic,4.0,,139,139,0.302158273381295,11.37898868991137,-15.506832622435955,-7.383059276259066,-0.7383059276259066,0.3177299267705577,-102.62452394000104,102.62452394000104,25.0,0,,,-10.631291967560845,-4.272060484326768,-10.49248412086758,3.1094248446085144,0.0734632683658171,-7.392139112355552,0.009079836096486105,0.5007496251874063
LAST30_ETA_SPY,SPY,True,Y2025,opt_bach,200.0,0.01,139,139,0.2517985611510791,8259.636201047346,-6704.512429763863,-2936.5613356747094,-293.656133567471,0.4145991657242343,-40818.20256587847,40818.20256587847,25.0,0,,,-4279.392576220292,-1498.6644408691684,-1324.3045076827113,-1612.256827991998,0.9830084957521239,-3571.6470309551496,635.0856952804402,0.21039480259870064
LAST30_ETA_SPY,SPY,True,Y2025,opt_bach_pess,500.0,0.02,139,139,0.2517985611510791,7665.004239960063,-7295.465064838945,-3528.4404197456693,-352.84404197456695,0.35358523571504363,-49045.32183446481,49045.32183446481,25.0,0,,,-4873.969070249805,-2089.341231297381,-1924.3045076827113,-1604.135912062958,0.9825087456271864,-4163.5261150261085,635.0856952804393,0.21039480259870064
LAST30_ETA_SPY,SPY,True,Y2025,opt_delta_no_decay,200.0,0.01,139,139,0.539568345323741,5187.666727689179,-4676.959414334904,645.6805903543496,64.56805903543497,1.2998395769434479,8974.960205925461,6281.313567050375,25.0,0,,,-400.8944069405329,1677.1327481249414,-831.2847853366065,1476.965375690956,0.0009995002498750624,243.14395788244983,402.5366324718998,0.29035482258870565
LAST30_ETA_SPY,SPY,True,Y2026,gross,0.0,,101,101,0.44554455445544555,12.045189424407035,-8.887520894080984,0.43893419831466607,0.04389341983146661,1.0890742411227938,4.43323540297813,10.15767547889701,25.0,0,,,-2.2609519224519845,3.289560765832264,-0.45114905446872716,0.8900832527833933,0.31384307846076964,-2.522318931818672,2.961253130133338,0.0879560219890055
LAST30_ETA_SPY,SPY,True,Y2026,quoted,0.25,,101,101,0.43564356435643564,11.812847194533823,-9.226893377714157,-0.06106580168533384,-0.006106580168533384,0.9882729418410381,-0.6167645970218636,10.907675478897009,25.0,0,,,-2.760951922451984,2.789560765832264,-0.9511490544687274,0.8900832527833936,0.31384307846076964,-3.0223189318186714,2.9612531301333376,0.0879560219890055
LAST30_ETA_SPY,SPY,True,Y2026,low,0.5,,101,101,0.42574257425742573,11.58611878400174,-9.566737132453339,-0.5610658016853339,-0.05610658016853339,0.8978723502830979,-5.666764597021862,11.657675478897009,25.0,0,,,-3.260951922451984,2.2895607658322645,-1.4511490544687269,0.890083252783393,0.31384307846076964,-3.5223189318186714,2.9612531301333376,0.0879560219890055
LAST30_ETA_SPY,SPY,True,Y2026,realistic,1.5,,101,101,0.36633663366336633,11.285057870312572,-10.565856049559123,-2.561065801685334,-0.2561065801685334,0.6174770932589686,-25.86676459702188,25.86676459702188,25.0,0,,,-5.2609519224519845,0.2895607658322649,-3.4511490544687273,0.8900832527833935,0.31384307846076964,-5.522318931818672,2.9612531301333385,0.0879560219890055
LAST30_ETA_SPY,SPY,True,Y2026,pessimistic,4.0,,101,101,0.2376237623762376,11.040404152942946,-13.358926566764278,-7.561065801685335,-0.7561065801685335,0.2575929221250979,-76.36676459702188,76.36676459702188,25.0,0,,,-10.260951922451984,-4.710439234167735,-8.451149054468727,0.8900832527833922,0.31384307846076964,-10.52231893181867,2.9612531301333354,0.0879560219890055
LAST30_ETA_SPY,SPY,True,Y2026,opt_bach,200.0,0.01,101,101,0.21782178217821782,9220.849835265639,-7287.095493916337,-3691.305422213331,-369.1305422213331,0.3523806709872258,-37282.18476435466,37282.18476435466,25.0,0,,,-5339.507403960532,-1678.9185795221952,-1194.5392382244925,-2496.7661839888387,0.9905047476261869,-5071.576415466029,1380.2709932526982,0.11494252873563218
LAST30_ETA_SPY,SPY,True,Y2026,opt_bach_pess,500.0,0.02,101,101,0.18811881188118812,10021.457252712906,-7606.522815458917,-4290.368149169168,-429.03681491691674,0.3052702305014361,-43332.718306608615,43332.718306608615,25.0,0,,,-5938.8218458063875,-2278.5920160227843,-1794.5392382244927,-2495.828910944675,0.9905047476261869,-5670.639142421866,1380.2709932526986,0.11494252873563218
LAST30_ETA_SPY,SPY,True,Y2026,opt_delta_no_decay,200.0,0.01,101,101,0.42574257425742573,5697.804665239939,-4297.9571655528325,-42.335792046999245,-4.233579204699924,0.9828470434864787,-427.5914996746933,5398.547546417276,25.0,0,,,-1260.610987508495,1326.0193362621187,-379.2333046892215,336.89751264222224,0.31134432783608196,-1033.8286429108898,991.4928508638906,0.15242378810594703
LAST30_MOM_SPY,QQQ,False,all,gross,0.0,,513,513,0.5282651072124757,15.316420069659808,-15.991901620198089,0.5471922939373676,0.05471922939373676,1.0725340391460956,28.070964678986968,52.60967056588828,25.0,0,,,-1.5372006574223824,2.6186972508457456,-1.7846181420921738,2.3318104360295413,0.06196901549225387,1.808401701472374,-1.2612094075350062,0.7821089455272364
LAST30_MOM_SPY,QQQ,False,all,quoted,0.25,,513,513,0.5165692007797271,15.157125823366961,-16.098502808074095,0.047192293937367465,0.0047192293937367465,1.0060638895847245,2.420964678986885,61.79659055875977,25.0,0,,,-2.0372006574223827,2.118697250845746,-2.284618142092174,2.3318104360295417,0.06196901549225387,1.308401701472374,-1.2612094075350064,0.7821089455272364
LAST30_MOM_SPY,QQQ,False,all,low,0.5,,513,513,0.49902534113060426,15.182878309860586,-16.027654476787706,-0.45280770606263254,-0.04528077060626325,0.9436066259261251,-23.229035321013107,72.95119555856509,25.0,0,,,-2.5372006574223827,1.618697250845746,-2.784618142092174,2.3318104360295413,0.06196901549225387,0.8084017014723739,-1.2612094075350064,0.7821089455272364
LAST30_MOM_SPY,QQQ,False,all,realistic,1.5,,513,513,0.4522417153996101,14.645731186605227,-16.569750848763498,-2.4528077060626328,-0.2452807706062633,0.7297544390547309,-125.82903532101295,153.75843573416654,25.0,0,,,-4.537200657422382,-0.3813027491542541,-4.784618142092174,2.331810436029541,0.06196901549225387,-1.191598298527626,-1.2612094075350067,0.7821089455272364
LAST30_MOM_SPY,QQQ,False,all,pessimistic,4.0,,513,513,0.34307992202729043,13.529923625274273,-18.41114810462434,-7.452807706062632,-0.7452807706062632,0.3837931688123247,-382.3290353210127,386.71982997774984,25.0,0,,,-9.537200657422382,-5.381302749154253,-9.784618142092175,2.331810436029542,0.06196901549225387,-6.1915982985276266,-1.2612094075350058,0.7821089455272364
LAST30_MOM_SPY,QQQ,False,all,opt_bach,200.0,0.01,513,513,0.21637426900584794,8031.506017219913,-6681.635205853446,-3498.09002893114,-349.809002893114,0.3319029815640071,-179452.01848416764,181167.8423339897,25.0,0,,,-4189.433617308323,-2769.9745156683757,-1319.3429165084872,-2178.7471124226527,1.0,-3521.94221937715,23.852190446010354,0.4702648675662169
LAST30_MOM_SPY,QQQ,False,all,opt_bach_pess,500.0,0.02,513,513,0.19298245614035087,8373.746589621169,-7074.184223600175,-4093.004592978512,-409.3004592978512,0.2830598694412331,-209971.1356197977,211146.95946961976,25.0,0,,,-4784.901648489655,-3365.2656453736527,-1919.2886652277696,-2173.7159277507426,1.0,-4116.856783424522,23.852190446010354,0.4702648675662169
LAST30_MOM_SPY,QQQ,False,all,opt_delta_no_decay,200.0,0.01,513,513,0.49707602339181284,4951.915393360465,-4419.750030915746,238.68015074202003,23.868015074202003,1.1073782335141893,12244.291733065633,10464.805892322343,25.0,0,,,-304.81976721299304,786.5608282303555,-603.4839264062635,842.1640771482836,0.0034982508745627187,159.16460316259108,79.51554757942895,0.41879060469765117
LAST30_MOM_SPY,QQQ,False,IS,gross,0.0,,257,257,0.5369649805447471,15.290521152967072,-19.075250786933648,-0.6220347258196446,-0.06220347258196446,0.9295744032163479,-15.986292453564866,52.60967056588828,25.0,0,,,-3.8717522729333425,2.451639971942788,-0.4984452236910704,-0.12358950212857417,0.5372313843078461,1.9004121824533065,-2.522446908272951,0.848575712143928
LAST30_MOM_SPY,QQQ,False,IS,quoted,0.25,,257,257,0.5291828793774319,15.010803544957078,-19.254811625205054,-1.1220347258196448,-0.11220347258196448,0.8762301749831584,-28.83629245356488,55.15967056588828,25.0,0,,,-4.371752272933343,1.951639971942788,-0.9984452236910704,-0.12358950212857445,0.5372313843078461,1.4004121824533067,-2.5224469082729515,0.848575712143928
LAST30_MOM_SPY,QQQ,False,IS,low,0.5,,257,257,0.5058365758754864,15.19555444751415,-18.836889785137707,-1.6220347258196448,-0.1622034725819645,0.8257469640686667,-41.68629245356487,57.709670565888274,25.0,0,,,-4.871752272933343,1.4516399719427882,-1.49844522369107,-0.12358950212857489,0.5372313843078461,0.9004121824533067,-2.5224469082729515,0.848575712143928
LAST30_MOM_SPY,QQQ,False,IS,realistic,1.5,,257,257,0.4474708171206226,15.046571208084812,-18.740976151164798,-3.622034725819645,-0.3622034725819645,0.6502117789851577,-93.08629245356484,101.57134545966728,25.0,0,,,-6.8717522729333425,-0.5483600280572116,-3.4984452236910704,-0.12358950212857467,0.5372313843078461,-1.0995878175466933,-2.5224469082729515,0.848575712143928
LAST30_MOM_SPY,QQQ,False,IS,pessimistic,4.0,,257,257,0.3229571984435798,14.982216055982073,-19.88153366196644,-8.622034725819645,-0.8622034725819645,0.35946368069959744,-221.58629245356485,224.5713454596673,25.0,0,,,-11.871752272933344,-5.548360028057211,-8.498445223691071,-0.12358950212857422,0.5372313843078461,-6.099587817546693,-2.5224469082729524,0.848575712143928
LAST30_MOM_SPY,QQQ,False,IS,opt_bach,200.0,0.01,257,257,0.20622568093385213,8377.707804795653,-6758.219964352507,-3636.802953594326,-363.6802953594326,0.32206133462993025,-93465.8359073742,95206.16088888735,25.0,0,,,-4649.329232672932,-2528.3691364569413,-1138.7284076614183,-2498.0745459329078,1.0,-3572.7277082438104,-64.07524535051562,0.545727136431784
LAST30_MOM_SPY,QQQ,False,IS,opt_bach_pess,500.0,0.02,257,257,0.17898832684824903,9013.117443358526,-7118.788337373813,-4231.365512806935,-423.13655128069354,0.2760223990266682,-108746.09367913828,109832.31340388341,25.0,0,,,-5244.142435143435,-3124.1432407982707,-1738.7284076614183,-2492.6371051455167,1.0,-4167.290267456421,-64.0752453505138,0.545727136431784
LAST30_MOM_SPY,QQQ,False,IS,opt_delta_no_decay,200.0,0.01,257,257,0.5058365758754864,4736.173598714859,-4793.536681158117,26.939335898252196,2.6939335898252197,1.0113726122668674,692.3409325850821,9674.220951198295,25.0,0,,,-768.7263396578389,843.4734489350434,-458.1272350122338,485.066570910486,0.1344327836081959,28.21839259165943,-1.2790566934072345,0.5067466266866567
LAST30_MOM_SPY,QQQ,False,OOS,gross,0.0,,256,256,0.51953125,15.343292629837228,-13.008823971079947,1.7209866067403057,0.17209866067403057,1.275343169509222,44.05725713255181,25.542714691247134,25.0,0,,,-0.6419792939137708,4.136616937282394,-3.0758151734557817,4.796801780196088,0.0079960019990005,1.7160318045501097,0.0049548021901959505,0.504247876061969
LAST30_MOM_SPY,QQQ,False,OOS,quoted,0.25,,256,256,0.50390625,15.311388070372729,-13.091310942933573,1.2209866067403057,0.12209866067403057,1.1880026652600697,31.257257132551793,27.992714691247137,25.0,0,,,-1.1419792939137707,3.636616937282394,-3.5758151734557817,4.796801780196088,0.0079960019990005,1.2160318045501097,0.0049548021901959505,0.504247876061969
LAST30_MOM_SPY,QQQ,False,OOS,low,0.5,,256,256,0.4921875,15.16979975513865,-13.283247675553477,0.7209866067403056,0.07209866067403055,1.1068856837480545,18.457257132551813,30.597319691052462,25.0,0,,,-1.6419792939137707,3.136616937282394,-4.075815173455782,4.796801780196088,0.0079960019990005,0.7160318045501095,0.0049548021901960615,0.504247876061969
LAST30_MOM_SPY,QQQ,False,OOS,realistic,1.5,,256,256,0.45703125,14.25174313130478,-14.351664568612527,-1.2790133932596945,-0.12790133932596945,0.8358662160207968,-32.742742867448165,59.93278330325607,25.0,0,,,-3.6419792939137703,1.136616937282394,-6.075815173455782,4.796801780196088,0.0079960019990005,-1.2839681954498905,0.0049548021901959505,0.504247876061969
LAST30_MOM_SPY,QQQ,False,OOS,pessimistic,4.0,,256,256,0.36328125,12.233791670986662,-16.841534074087374,-6.279013393259695,-0.6279013393259695,0.4144525122268294,-160.74274286744821,163.835457303984,25.0,0,,,-8.641979293913769,-3.863383062717606,-11.07581517345578,4.796801780196085,0.0079960019990005,-6.283968195449891,0.004954802190195728,0.504247876061969
LAST30_MOM_SPY,QQQ,False,OOS,opt_bach,200.0,0.01,256,256,0.2265625,7715.1492113317345,-6602.729697096836,-3358.8352569059884,-335.88352569059884,0.3422816481966688,-85986.18257679329,88130.59087030154,25.0,0,,,-4267.938581564081,-2318.076588236991,-1500.6629507807402,-1858.1723061252483,0.9995002498750625,-3470.958349694605,112.12309278861676,0.4432783608195902
LAST30_MOM_SPY,QQQ,False,OOS,opt_bach_pess,500.0,0.02,256,256,0.20703125,7818.8209429812,-7027.822312239398,-3954.1032008070088,-395.4103200807009,0.2904693592880754,-101225.0419406594,102831.66081154483,25.0,0,,,-4864.086705326294,-2913.919786513459,-2100.5542363002396,-1853.5489645067692,0.9995002498750625,-4066.226293595626,112.12309278861721,0.4432783608195902
LAST30_MOM_SPY,QQQ,False,OOS,opt_delta_no_decay,200.0,0.01,256,256,0.48828125,5176.286859791896,-4057.376713505203,451.2480781437713,45.12480781437713,1.217339519508992,11551.950800480543,8070.100875133021,25.0,0,,,-254.03527036337036,1215.8966467725243,-749.4084173760511,1200.6564955198223,0.005497251374312844,290.62232236856545,160.62575577520585,0.3933033483258371
LAST30_MOM_SPY,QQQ,False,Y2024,gross,0.0,,82,82,0.47560975609756095,12.380356086332513,-13.628609762550994,-1.2584918588137164,-0.12584918588137164,0.823906124739167,-10.319633242272475,15.06115488427784,25.0,0,,,-5.34626546897955,2.703844396361532,-0.14314832058287108,-1.1153435382308454,0.6551724137931034,-0.11324683678161072,-1.1452450220321058,0.6186906546726637
LAST30_MOM_SPY,QQQ,False,Y2024,quoted,0.25,,82,82,0.4634146341463415,12.20088987739577,-13.814321540085546,-1.758491858813717,-0.17584918588137172,0.762768706104444,-14.419633242272464,18.611154884277827,25.0,0,,,-5.84626546897955,2.203844396361532,-0.6431483205828712,-1.1153435382308459,0.6551724137931034,-0.6132468367816107,-1.1452450220321064,0.6186906546726637
LAST30_MOM_SPY,QQQ,False,Y2024,low,0.5,,82,82,0.43902439024390244,12.366198834286008,-13.703901966456979,-2.258491858813717,-0.2258491858813717,0.7062145339017001,-18.519633242272466,22.16115488427783,25.0,0,,,-6.346265468979551,1.703844396361532,-1.1431483205828712,-1.1153435382308456,0.6551724137931034,-1.1132468367816106,-1.1452450220321062,0.6186906546726637
LAST30_MOM_SPY,QQQ,False,Y2024,realistic,1.5,,82,82,0.3902439024390244,11.833809692448888,-14.55756485162178,-4.258491858813717,-0.4258491858813717,0.5202544711537761,-34.91963324227248,37.857082657125304,25.0,0,,,-8.346265468979551,-0.29615560363846805,-3.143148320582871,-1.1153435382308463,0.6551724137931034,-3.113246836781611,-1.1452450220321064,0.6186906546726637
LAST30_MOM_SPY,QQQ,False,Y2024,pessimistic,4.0,,82,82,0.3048780487804878,9.567452311153398,-17.515484915816838,-9.258491858813716,-0.9258491858813717,0.23957378478710978,-75.91963324227248,78.3570826571253,25.0,0,,,-13.346265468979551,-5.296155603638469,-8.14314832058287,-1.1153435382308459,0.6551724137931034,-8.11324683678161,-1.1452450220321069,0.6186906546726637
LAST30_MOM_SPY,QQQ,False,Y2024,opt_bach,200.0,0.01,82,82,0.21951219512195122,5248.737366522488,-7194.071979997705,-4462.723586859126,-446.27235868591254,0.20519775009742405,-36594.33341224485,37532.763356101,25.0,0,,,-5735.164974765359,-3152.335774851943,-1307.7146451109506,-3155.0089417481754,1.0,-4531.972334136376,69.24874727725,0.45577211394302847
LAST30_MOM_SPY,QQQ,False,Y2024,opt_bach_pess,500.0,0.02,82,82,0.1951219512195122,5255.345124030597,-7560.928427104189,-5060.192124443742,-506.01921244437415,0.1685008756072831,-41493.5754204387,42372.00536429485,25.0,0,,,-6332.049716754448,-3750.606339843487,-1907.7146451109506,-3152.477479332791,1.0,-5129.440871720993,69.24874727725091,0.45577211394302847
LAST30_MOM_SPY,QQQ,False,Y2024,opt_delta_no_decay,200.0,0.01,82,82,0.43902439024390244,4421.39187884668,-4156.702793813741,-390.71001069453143,-39.071001069453146,0.8324433819086188,-3203.8220876951586,4869.33961186401,25.0,0,,,-1549.3949302022959,794.8137496378989,-531.131865032956,140.4218543384245,0.40929535232383807,-532.2870099837719,141.57699928924046,0.4292853573213393
LAST30_MOM_SPY,QQQ,False,Y2025,gross,0.0,,247,247,0.5384615384615384,15.876606546791137,-19.21809906452794,-0.3209498892022849,-0.03209498892022849,0.963815805909312,-7.927462263296448,52.60967056588828,25.0,0,,,-3.5802586416303663,2.941932663143237,-1.8088941640604848,1.4879442748582,0.2688655672163918,2.107406305719636,-2.428356194921921,0.8280859570214892
LAST30_MOM_SPY,QQQ,False,Y2025,quoted,0.25,,247,247,0.5222672064777328,15.859214335863927,-19.056044677622126,-0.820949889202285,-0.08209498892022848,0.909822366895367,-20.277462263296478,55.15967056588829,25.0,0,,,-4.080258641630367,2.4419326631432363,-2.3088941640604848,1.4879442748582,0.2688655672163918,1.6074063057196362,-2.4283561949219212,0.8280859570214892
LAST30_MOM_SPY,QQQ,False,Y2025,low,0.5,,247,247,0.5020242914979757,15.989862650097354,-18.772500741829564,-1.320949889202285,-0.1320949889202285,0.8586954799001617,-32.62746226329648,59.72820593460439,25.0,0,,,-4.580258641630366,1.941932663143237,-2.808894164060485,1.4879442748582001,0.2688655672163918,1.1074063057196362,-2.4283561949219212,0.8280859570214892
LAST30_MOM_SPY,QQQ,False,Y2025,realistic,1.5,,247,247,0.4493927125506073,15.730704260658255,-18.870461732103166,-3.320949889202285,-0.3320949889202285,0.680377134677585,-82.02746226329644,97.52042130609655,25.0,0,,,-6.580258641630367,-0.0580673368567632,-4.808894164060486,1.4879442748582008,0.2688655672163918,-0.8925936942803642,-2.428356194921921,0.8280859570214892
LAST30_MOM_SPY,QQQ,False,Y2025,pessimistic,4.0,,247,247,0.31983805668016196,16.17200275929906,-19.838469289390417,-8.320949889202284,-0.8320949889202284,0.3833305716678951,-205.52746226329648,205.52746226329648,25.0,0,,,-11.580258641630365,-5.058067336856763,-9.808894164060487,1.4879442748582026,0.2688655672163918,-5.892593694280364,-2.4283561949219203,0.8280859570214892
LAST30_MOM_SPY,QQQ,False,Y2025,opt_bach,200.0,0.01,247,247,0.2145748987854251,8962.791018343092,-6825.599155051877,-3437.806931610851,-343.7806931610851,0.3587373783056208,-84913.83121078803,84913.83121078803,25.0,0,,,-4433.822182450467,-2335.968825592414,-1202.6750059431752,-2235.1319256676757,0.9995002498750625,-3205.2281877566616,-232.57874385418927,0.638680659670165
LAST30_MOM_SPY,QQQ,False,Y2025,opt_bach_pess,500.0,0.02,247,247,0.1902834008097166,9488.030886851906,-7204.724049063928,-4028.369870974681,-402.83698709746807,0.3094757333141565,-99500.7358130746,99500.7358130746,25.0,0,,,-5022.563757045084,-2928.4603468911178,-1802.5623302063004,-2225.8075407683805,0.9995002498750625,-3795.7911271204907,-232.57874385419018,0.638680659670165
LAST30_MOM_SPY,QQQ,False,Y2025,opt_delta_no_decay,200.0,0.01,247,247,0.5060728744939271,5000.686170333403,-4959.89384046852,80.88551722476106,8.088551722476106,1.0330168402480429,1997.8722754515952,9674.220951198295,25.0,0,,,-694.1677446512789,913.3450173890083,-613.8522792238019,694.737796448563,0.06896551724137931,205.5313943501798,-124.64587712541874,0.584207896051974
LAST30_MOM_SPY,QQQ,False,Y2026,gross,0.0,,184,184,0.5380434782608695,15.720477583713313,-12.860549164024231,2.5172858795954274,0.2517285879595428,1.4237131308799489,46.318060184555875,17.884710994286234,25.0,0,,,-0.3863180204944432,5.396830655418138,-2.4835548156660323,5.000840695261459,0.011494252873563218,2.2634073693405967,0.25387851025483066,0.463768115942029
LAST30_MOM_SPY,QQQ,False,Y2026,quoted,0.25,,184,184,0.532608695652174,15.379243658415906,-13.209131124176748,2.0172858795954274,0.20172858795954274,1.3267477224094155,37.118060184555866,19.434710994286235,25.0,0,,,-0.8863180204944432,4.896830655418138,-2.9835548156660328,5.00084069526146,0.011494252873563218,1.7634073693405967,0.25387851025483066,0.463768115942029
LAST30_MOM_SPY,QQQ,False,Y2026,low,0.5,,184,184,0.5217391304347826,15.196778340395225,-13.405796804913443,1.5172858795954276,0.15172858795954275,1.2366518667500093,27.918060184555863,20.98471099428623,25.0,0,,,-1.3863180204944432,4.396830655418138,-3.4835548156660328,5.00084069526146,0.011494252873563218,1.2634073693405967,0.2538785102548309,0.463768115942029
LAST30_MOM_SPY,QQQ,False,Y2026,realistic,1.5,,184,184,0.483695652173913,14.303590474168335,-14.335146845846559,-0.48271412040457246,-0.04827141204045724,0.934779807750938,-8.88193981544416,33.87389081374491,25.0,0,,,-3.3863180204944436,2.3968306554181384,-5.483554815666032,5.00084069526146,0.011494252873563218,-0.7365926306594034,0.25387851025483094,0.463768115942029
LAST30_MOM_SPY,QQQ,False,Y2026,pessimistic,4.0,,184,184,0.391304347826087,12.006833781733492,-16.725994914636185,-5.482714120404573,-0.5482714120404573,0.46147801067017774,-100.88193981544418,102.83528505732845,25.0,0,,,-8.386318020494443,-2.6031693445818616,-10.483554815666032,5.000840695261459,0.011494252873563218,-5.736592630659403,0.25387851025482977,0.463768115942029
LAST30_MOM_SPY,QQQ,False,Y2026,opt_bach,200.0,0.01,184,184,0.21739130434782608,8049.799283545537,-6259.934096896998,-3149.122492452969,-314.9122492452969,0.35720110178936587,-57943.85386113466,58721.24776710054,25.0,0,,,-4226.126154239786,-1907.318628330866,-1481.1390695749553,-1667.9834228780135,0.9930034982508745,-3496.9742650293483,347.8517725763795,0.33383308345827084
LAST30_MOM_SPY,QQQ,False,Y2026,opt_bach_pess,500.0,0.02,184,184,0.1956521739130435,8304.942741832403,-6680.717449789258,-3748.7404557763252,-374.87404557763256,0.3023808779005421,-68976.82438628444,69274.2182922503,25.0,0,,,-4825.553000960661,-2506.5503179669436,-2081.139069574955,-1667.6013862013701,0.9930034982508745,-4096.592228352704,347.85177257637906,0.33383308345827084
LAST30_MOM_SPY,QQQ,False,Y2026,opt_delta_no_decay,200.0,0.01,184,184,0.5108695652173914,5090.2398550719445,-3822.0014547074543,730.9913883320212,73.09913883320212,1.3910179785440513,13450.241545309196,4595.261636189144,25.0,0,,,-116.40793678458071,1624.2663005518004,-621.8093931816944,1352.8007815137157,0.0029985007496251873,405.0691404162182,325.922247915803,0.31784107946026985
LAST30_MOM_SPY,SPY,True,all,gross,0.0,,513,513,0.5048732943469786,12.765693549782695,-11.963283208022993,0.5217167535202311,0.0521716753520231,1.0880781223307396,26.76406945558785,44.95568816215899,25.0,0,,,-1.05668605977696,2.122030942139214,-0.6259751638765472,1.1476919173967781,0.16141929035482258,-0.7980638663390291,1.31978061985926,0.12543728135932034
LAST30_MOM_SPY,SPY,True,all,quoted,0.25,,513,513,0.5009746588693957,12.362682216781804,-12.367455606082206,0.021716753520231072,0.0021716753520231074,1.0035187785988493,1.1140694555877992,47.355688162159,25.0,0,,,-1.55668605977696,1.622030942139214,-1.1259751638765472,1.1476919173967783,0.16141929035482258,-1.2980638663390291,1.3197806198592603,0.12543728135932034
LAST30_MOM_SPY,SPY,True,all,low,0.5,,513,513,0.4834307992202729,12.300529485864404,-12.437323086560356,-0.4782832464797689,-0.047828324647976886,0.9255559926325502,-24.535930544412246,56.97480346654218,25.0,0,,,-2.05668605977696,1.122030942139214,-1.6259751638765472,1.1476919173967783,0.16141929035482258,-1.7980638663390291,1.3197806198592603,0.12543728135932034
LAST30_MOM_SPY,SPY,True,all,realistic,1.5,,513,513,0.4074074074074074,12.40647551256972,-12.711554893326294,-2.4782832464797693,-0.24782832464797694,0.6709998884062357,-127.13593054441229,140.01855450985173,25.0,0,,,-4.05668605977696,-0.8779690578607859,-3.6259751638765474,1.1476919173967781,0.16141929035482258,-3.798063866339029,1.3197806198592597,0.12543728135932034
LAST30_MOM_SPY,SPY,True,all,pessimistic,4.0,,513,513,0.2709551656920078,12.325782367569584,-14.838617792877793,-7.478283246479769,-0.7478283246479769,0.3087196297592021,-383.6359305444121,387.82130920559723,25.0,0,,,-9.056686059776961,-5.877969057860787,-8.625975163876548,1.147691917396779,0.16141929035482258,-8.798063866339028,1.3197806198592588,0.12543728135932034
LAST30_MOM_SPY,SPY,True,all,opt_bach,200.0,0.01,513,513,0.22417153996101363,9919.949465522903,-6879.203546394321,-3113.311545672136,-311.3311545672136,0.4166640857898871,-159712.88229298042,163389.35925444277,25.0,0,,,-3889.1058880215696,-2311.360798072078,-1141.4095484755378,-1971.9019971965984,1.0,-3754.150668485512,640.839122813376,0.09795102448775612
LAST30_MOM_SPY,SPY,True,all,opt_bach_pess,500.0,0.02,513,513,0.21637426900584794,9674.148571347323,-7398.618980410944,-3704.5113814924875,-370.4511381492488,0.3610430723601024,-190041.43387056448,192981.75805223073,25.0,0,,,-4479.82799074806,-2903.541859203892,-1741.2906718367767,-1963.2207096557108,1.0,-4345.350504305864,640.8391228133764,0.09795102448775612
LAST30_MOM_SPY,SPY,True,all,opt_delta_no_decay,200.0,0.01,513,513,0.48927875243664715,5531.48248697982,-4650.249758668924,331.45549212607574,33.14554921260757,1.1395613026509388,17003.66674606769,14297.172767130662,25.0,0,,,-236.1457931626646,929.3456793594689,-558.4313240897214,889.8868162157971,0.0034982508745627187,-182.4433499186895,513.8988420447653,0.09995002498750624
LAST30_MOM_SPY,SPY,True,IS,gross,0.0,,257,257,0.5252918287937743,13.681044488288377,-14.969781403770938,0.08026332552091951,0.008026332552091951,1.0112947073789602,2.062767465887636,44.95568816215899,25.0,0,,,-2.6181368412729054,2.820432897276704,-0.8821819275113179,0.9624452530322374,0.29735132433783107,-1.092307530090152,1.1725708556110714,0.27786106946526734
LAST30_MOM_SPY,SPY,True,IS,quoted,0.25,,257,257,0.5214007782101168,13.280626520723613,-15.345335602586081,-0.4197366744790806,-0.04197366744790806,0.9428483809123543,-10.787232534112404,47.355688162159,25.0,0,,,-3.1181368412729054,2.320432897276704,-1.3821819275113176,0.962445253032237,0.29735132433783107,-1.5923075300901517,1.1725708556110712,0.27786106946526734
LAST30_MOM_SPY,SPY,True,IS,low,0.5,,257,257,0.4980544747081712,13.38720348614848,-15.115770322233558,-0.9197366744790805,-0.09197366744790804,0.8787793431473111,-23.637232534112396,53.060364190097815,25.0,0,,,-3.6181368412729054,1.8204328972767037,-1.8821819275113179,0.9624452530322374,0.29735132433783107,-2.092307530090152,1.1725708556110717,0.27786106946526734
LAST30_MOM_SPY,SPY,True,IS,realistic,1.5,,257,257,0.42412451361867703,13.53001556069409,-15.034756901734998,-2.919736674479081,-0.2919736674479081,0.6627758391792264,-75.03723253411233,88.95079300056237,25.0,0,,,-5.6181368412729045,-0.1795671027232962,-3.882181927511318,0.9624452530322372,0.29735132433783107,-4.092307530090151,1.1725708556110703,0.27786106946526734
LAST30_MOM_SPY,SPY,True,IS,pessimistic,4.0,,257,257,0.27626459143968873,14.387965785077395,-16.435042452051714,-7.919736674479081,-0.7919736674479081,0.3341750107354601,-203.5372325341124,206.58837521850845,25.0,0,,,-10.618136841272905,-5.179567102723295,-8.882181927511317,0.9624452530322358,0.29735132433783107,-9.092307530090151,1.1725708556110703,0.27786106946526734
LAST30_MOM_SPY,SPY,True,IS,opt_bach,200.0,0.01,257,257,0.21011673151750973,11360.48579752176,-6735.1696077503775,-2932.969639327439,-293.2969639327439,0.4486896877298713,-75377.31973071517,79743.4609493688,25.0,0,,,-4160.505716702874,-1643.2898874495427,-1219.3124724851048,-1713.6571668423342,0.9950024987506247,-3446.066993594365,513.0973542669262,0.24087956021989004
LAST30_MOM_SPY,SPY,True,IS,opt_bach_pess,500.0,0.02,257,257,0.20622568093385213,10983.764645547193,-7286.712922553246,-3518.8712450850617,-351.88712450850613,0.39162035870353773,-90434.99099868613,93953.87283088184,25.0,0,,,-4746.634270562394,-2230.0186610453884,-1819.0751817625974,-1699.7960633224643,0.9945027486256871,-4031.9685993519884,513.0973542669267,0.24087956021989004
LAST30_MOM_SPY,SPY,True,IS,opt_delta_no_decay,200.0,0.01,257,257,0.5058365758754864,5549.132601301685,-4969.189335698447,351.36261686971386,35.13626168697139,1.1430867471615456,9030.019253551645,14297.172767130662,25.0,0,,,-580.9447156232781,1272.0432099148873,-644.7957692786357,996.1583861483496,0.02148925537231384,-16.231144948127422,367.59376181784125,0.2688655672163918
LAST30_MOM_SPY,SPY,True,OOS,gross,0.0,,256,256,0.484375,11.769142124796677,-9.184550027104438,0.9648946089726649,0.09648946089726648,1.2037455020957002,24.701301989700205,21.459230430428857,25.0,0,,,-0.6779451358958771,2.6198689602042866,-0.3687675925713278,1.3336622015439927,0.13093453273363317,-0.5026708132763784,1.4675654222490433,0.14492753623188406
LAST30_MOM_SPY,SPY,True,OOS,quoted,0.25,,256,256,0.48046875,11.36264533281268,-9.613476361195168,0.4648946089726648,0.04648946089726648,1.0930812853173164,11.901301989700205,23.90923043042886,25.0,0,,,-1.1779451358958772,2.1198689602042866,-0.8687675925713279,1.3336622015439927,0.13093453273363317,-1.0026708132763786,1.4675654222490435,0.14492753623188406
LAST30_MOM_SPY,SPY,True,OOS,low,0.5,,256,256,0.46875,11.14141055222806,-9.89673710566445,-0.03510539102733512,-0.003510539102733512,0.9933229775282569,-0.898698010299771,26.359230430428852,25.0,0,,,-1.6779451358958772,1.6198689602042864,-1.368767592571328,1.333662201543993,0.13093453273363317,-1.5026708132763784,1.4675654222490433,0.14492753623188406
LAST30_MOM_SPY,SPY,True,OOS,realistic,1.5,,256,256,0.390625,11.18181686011416,-10.507491449451372,-2.0351053910273356,-0.20351053910273356,0.6821638975457129,-52.09869801029982,58.49532511161104,25.0,0,,,-3.677945135895877,-0.3801310397957135,-3.368767592571328,1.3336622015439925,0.13093453273363317,-3.502670813276379,1.4675654222490433,0.14492753623188406
LAST30_MOM_SPY,SPY,True,OOS,pessimistic,4.0,,256,256,0.265625,10.17262026987761,-13.259176374758914,-7.035105391027336,-0.7035105391027335,0.27750278686179314,-180.0986980103,181.66120887500912,25.0,0,,,-8.677945135895875,-5.380131039795713,-8.368767592571327,1.3336622015439916,0.13093453273363317,-8.50267081327638,1.4675654222490442,0.14492753623188406
LAST30_MOM_SPY,SPY,True,OOS,opt_bach,200.0,0.01,256,256,0.23828125,8644.720581458345,-7029.146569700581,-3294.3579125884926,-329.43579125884924,0.3847189553762618,-84335.56256226543,87235.97108331461,25.0,0,,,-4255.244825082804,-2232.7994788555498,-1063.2023161690586,-2231.155596419434,1.0,-4063.4377952317022,769.0798826432097,0.13093453273363317
LAST30_MOM_SPY,SPY,True,OOS,opt_bach_pess,500.0,0.02,256,256,0.2265625,8477.430434578484,-7513.916130930997,-3890.876674682755,-389.0876674682755,0.3304918047775251,-99606.44287187853,101745.75854271957,25.0,0,,,-4852.369165124018,-2830.148515543216,-1663.2023161690586,-2227.6743585136965,1.0,-4659.956557325964,769.0798826432092,0.13093453273363317
LAST30_MOM_SPY,SPY,True,OOS,opt_delta_no_decay,200.0,0.01,256,256,0.47265625,5512.519554237323,-4350.210304722634,311.47060517640796,31.147060517640796,1.1357728738677262,7973.647492516044,10983.97636536232,25.0,0,,,-411.96558290219906,1090.8257622457784,-471.72951778678794,783.2001229631959,0.03548225887056472,-349.30482131491783,660.7754264913258,0.12743628185907047
LAST30_MOM_SPY,SPY,True,Y2024,gross,0.0,,82,82,0.4268292682926829,11.082040634559341,-10.775277144013229,-1.44593418974445,-0.144593418974445,0.765881317108651,-11.856660355904491,24.779545865208036,25.0,0,,,-4.746863003365027,2.0447062252389228,-0.6063236349146812,-0.8396105548297688,0.6491754122938531,2.538838985822474,-3.9847731755669242,0.9575212393803099
LAST30_MOM_SPY,SPY,True,Y2024,quoted,0.25,,82,82,0.4268292682926829,10.582040634559341,-11.275277144013229,-1.9459341897444502,-0.19459341897444501,0.6988957278021152,-15.95666035590449,28.007803040300537,25.0,0,,,-5.246863003365027,1.5447062252389225,-1.1063236349146812,-0.839610554829769,0.6491754122938531,2.038838985822474,-3.9847731755669242,0.9575212393803099
LAST30_MOM_SPY,SPY,True,Y2024,low,0.5,,82,82,0.4146341463414634,10.380481496331189,-11.531311967381363,-2.44593418974445,-0.244593418974445,0.6376413265637292,-20.05666035590449,31.507803040300537,25.0,0,,,-5.746863003365028,1.044706225238923,-1.606323634914681,-0.8396105548297692,0.6491754122938531,1.5388389858224736,-3.984773175566924,0.9575212393803099
LAST30_MOM_SPY,SPY,True,Y2024,realistic,1.5,,82,82,0.3048780487804878,11.837138022516829,-11.587632528455536,-4.44593418974445,-0.444593418974445,0.4480403732262849,-36.456660355904496,45.507803040300544,25.0,0,,,-7.746863003365028,-0.955293774761077,-3.6063236349146823,-0.8396105548297674,0.6491754122938531,-0.46116101417752575,-3.9847731755669242,0.9575212393803099
LAST30_MOM_SPY,SPY,True,Y2024,pessimistic,4.0,,82,82,0.21951219512195122,10.47889926514295,-15.049793598931531,-9.44593418974445,-0.944593418974445,0.19582929154129344,-77.45666035590448,80.50780304030052,25.0,0,,,-12.746863003365027,-5.955293774761077,-8.60632363491468,-0.8396105548297701,0.6491754122938531,-5.461161014177526,-3.9847731755669242,0.9575212393803099
LAST30_MOM_SPY,SPY,True,Y2024,opt_bach,200.0,0.01,82,82,0.17073170731707318,11276.362402554849,-7230.562307935314,-4070.8434549247977,-407.08434549247977,0.32108208534591054,-33380.91633038333,35393.77924917872,25.0,0,,,-5926.266450150513,-2086.36901881405,-1063.7444106615844,-3007.0990442632133,0.9970014992503748,-1819.0476893757827,-2251.795765549015,0.9505247376311844
LAST30_MOM_SPY,SPY,True,Y2024,opt_bach_pess,500.0,0.02,82,82,0.15853658536585366,11559.013709944442,-7695.162392037204,-4642.671058796211,-464.267105879621,0.28300704790612224,-38069.902682128944,39826.612821128234,25.0,0,,,-6496.990173414177,-2658.2181668936246,-1663.000706811774,-2979.670351984437,0.9965017491254373,-2390.875293247196,-2251.7957655490145,0.9505247376311844
LAST30_MOM_SPY,SPY,True,Y2024,opt_delta_no_decay,200.0,0.01,82,82,0.4146341463414634,5306.543115490467,-4828.924079077794,-626.4132910860752,-62.64132910860752,0.7783931393243717,-5136.58898690582,11450.037671690096,25.0,0,,,-2081.15831288514,872.8625548211351,-481.49008484572835,-144.92320624034687,0.585207396301849,1354.4649467836455,-1980.8782378697206,0.9620189905047476
LAST30_MOM_SPY,SPY,True,Y2025,gross,0.0,,247,247,0.5506072874493927,13.647694507608104,-15.310243091525376,0.6342083800622879,0.06342083800622877,1.0921772748432061,15.664946987538507,44.955688162159,25.0,0,,,-2.145952549484842,3.4635517058781264,-0.9369267793896289,1.5711351594519167,0.19790104947526238,-1.9798362055262309,2.614044585588519,0.07596201899050475
LAST30_MOM_SPY,SPY,True,Y2025,quoted,0.25,,247,247,0.5465587044534413,13.246291858464707,-15.670535098369202,0.13420838006228797,0.013420838006228798,1.018887511354507,3.3149469875385016,47.355688162159005,25.0,0,,,-2.6459525494848415,2.9635517058781264,-1.4369267793896288,1.5711351594519167,0.19790104947526238,-2.479836205526231,2.614044585588519,0.07596201899050475
LAST30_MOM_SPY,SPY,True,Y2025,low,0.5,,247,247,0.5263157894736842,13.243404189823798,-15.487120297450497,-0.365791619937712,-0.036579161993771196,0.9501374859644528,-9.035053012461484,49.755688162159004,25.0,0,,,-3.1459525494848415,2.4635517058781256,-1.9369267793896288,1.5711351594519167,0.19790104947526238,-2.979836205526231,2.614044585588519,0.07596201899050475
LAST30_MOM_SPY,SPY,True,Y2025,realistic,1.5,,247,247,0.4534412955465587,13.179112805846584,-15.262304921329127,-2.365791619937712,-0.2365791619937712,0.7163913008107713,-58.43505301246152,76.86295120876184,25.0,0,,,-5.145952549484842,0.46355170587812544,-3.936926779389629,1.571135159451917,0.19790104947526238,-4.97983620552623,2.6140445855885184,0.07596201899050475
LAST30_MOM_SPY,SPY,True,Y2025,pessimistic,4.0,,247,247,0.30364372469635625,13.41704223670485,-16.428073824869063,-7.3657916199377125,-0.7365791619937713,0.35612540618261257,-181.9350530124616,181.9350530124616,25.0,0,,,-10.145952549484841,-4.536448294121875,-8.936926779389628,1.5711351594519156,0.19790104947526238,-9.97983620552623,2.614044585588517,0.07596201899050475
LAST30_MOM_SPY,SPY,True,Y2025,opt_bach,200.0,0.01,247,247,0.242914979757085,9551.460979543426,-6683.237529382211,-2739.5860697241606,-273.9586069724161,0.4585561822411859,-67667.7759221868,69958.53852515682,25.0,0,,,-3907.5056042236433,-1470.1764030831403,-1112.3232320811935,-1627.262837642967,0.9910044977511244,-4038.6798534600093,1299.0937837358488,0.028985507246376812
LAST30_MOM_SPY,SPY,True,Y2025,opt_bach_pess,500.0,0.02,247,247,0.242914979757085,8959.614427296898,-7274.7732239076295,-3331.1972762466103,-333.119727624661,0.3951659396812777,-82280.57272329128,82280.57272329128,25.0,0,,,-4501.059461724671,-2061.2602644501903,-1712.3232320811937,-1618.8740441654165,0.9900049975012494,-4630.29105998246,1299.0937837358497,0.028985507246376812
LAST30_MOM_SPY,SPY,True,Y2025,opt_delta_no_decay,200.0,0.01,247,247,0.5344129554655871,5479.687224886255,-5011.306925035573,595.2162643963356,59.52162643963357,1.2551073081683546,14701.84173058947,9233.82821277197,25.0,0,,,-271.77039261461056,1510.198402987998,-621.4408409306918,1216.6571053270275,0.006496751624187906,-498.1323135942313,1093.3485779905668,0.027486256871564217
LAST30_MOM_SPY,SPY,True,Y2026,gross,0.0,,184,184,0.4782608695652174,12.072235842607267,-8.67498881156147,1.2475968926061862,0.12475968926061862,1.27564616271416,22.955782823953818,14.23194741378009,25.0,0,,,-0.7392817374824395,3.2163148612281707,-0.2173141657414483,1.4649110583476346,0.14492753623188406,-0.6987609646977491,1.9463578573039353,0.10844577711144428
LAST30_MOM_SPY,SPY,True,Y2026,quoted,0.25,,184,184,0.47282608695652173,11.707913869087486,-9.082790498670855,0.7475968926061864,0.07475968926061864,1.1561328471488272,13.755782823953812,15.331947413780089,25.0,0,,,-1.2392817374824394,2.7163148612281716,-0.7173141657414482,1.4649110583476346,0.14492753623188406,-1.1987609646977493,1.9463578573039357,0.10844577711144428
LAST30_MOM_SPY,SPY,True,Y2026,low,0.5,,184,184,0.45652173913043476,11.618480915976416,-9.303945687024806,0.2475968926061863,0.024759689260618632,1.0489661373486658,4.555782823953844,16.431947413780087,25.0,0,,,-1.7392817374824396,2.216314861228171,-1.2173141657414484,1.4649110583476346,0.14492753623188406,-1.698760964697749,1.9463578573039353,0.10844577711144428
LAST30_MOM_SPY,SPY,True,Y2026,realistic,1.5,,184,184,0.391304347826087,11.402281907074084,-10.20898633098032,-1.7524031073938136,-0.17524031073938134,0.7179986466030924,-32.24421717604615,36.07569845708963,25.0,0,,,-3.7392817374824396,0.2163148612281709,-3.217314165741448,1.4649110583476346,0.14492753623188406,-3.698760964697749,1.9463578573039353,0.10844577711144428
LAST30_MOM_SPY,SPY,True,Y2026,pessimistic,4.0,,184,184,0.25,11.269247707972509,-12.759620045849255,-6.752403107393815,-0.6752403107393815,0.2943987273256994,-124.24421717604618,125.37845315283528,25.0,0,,,-8.73928173748244,-4.783685138771829,-8.217314165741447,1.4649110583476324,0.14492753623188406,-8.69876096469775,1.9463578573039344,0.10844577711144428
LAST30_MOM_SPY,SPY,True,Y2026,opt_bach,200.0,0.01,184,184,0.22282608695652173,9996.03551528684,-6968.38710860745,-3188.2711978483953,-318.82711978483957,0.4112854455445671,-58664.1900404105,60327.804083077404,25.0,0,,,-4408.770315466905,-1812.5918961094933,-1215.0664041828597,-1973.2047936655356,0.9945027486256871,-4234.584014128431,1046.3128162800353,0.08845577211394302
LAST30_MOM_SPY,SPY,True,Y2026,opt_bach_pess,500.0,0.02,184,184,0.20652173913043478,10157.538093485833,-7417.096110985656,-3787.552090496979,-378.7552090496979,0.35643906346845095,-69690.95846514445,70874.57250781133,25.0,0,,,-5008.22193150819,-2411.782101840349,-1815.06640418286,-1972.485686314119,0.9945027486256871,-4833.864906777014,1046.312816280035,0.08845577211394302
LAST30_MOM_SPY,SPY,True,Y2026,opt_delta_no_decay,200.0,0.01,184,184,0.46195652173913043,5701.893230826747,-4144.209945418518,404.2616305643488,40.42616305643488,1.1813023373891547,7438.414002384019,7677.966639240155,25.0,0,,,-481.7867831277877,1324.017440102777,-508.13692712389377,912.3985576882426,0.03648175912043978,-443.59175373245387,847.8533842968027,0.09795102448775612
LAST30_MOM_SPY_CLOSE,QQQ,False,all,gross,0.0,,513,513,0.5087719298245614,18.809094144926245,-17.783801612622256,0.8336365798147022,0.08336365798147022,1.0954264971904708,42.7655565444942,66.82669116826722,30.0,0,,,-1.5674400353985893,2.9219963586611706,2.423310102361957,-1.5896735225472547,0.8425787106446777,1.8292221450754789,-0.9955855652607767,0.7391304347826086
LAST30_MOM_SPY_CLOSE,QQQ,False,all,quoted,0.25,,513,513,0.4951267056530214,18.819571956819583,-17.79542745786576,0.33363657981470185,0.03336365798147019,1.0371349494458548,17.11555654449422,80.27669116826722,30.0,0,,,-2.0674400353985893,2.421996358661171,1.9233101023619568,-1.589673522547255,0.8425787106446777,1.3292221450754789,-0.995585565260777,0.7391304347826086
LAST30_MOM_SPY_CLOSE,QQQ,False,all,low,0.5,,513,513,0.4873294346978557,18.616357964786165,-18.02066131464487,-0.16636342018529815,-0.016636342018529815,0.9819926945090759,-8.534443455505865,93.72669116826732,30.0,0,,,-2.56744003539859,1.9219963586611706,1.4233101023619568,-1.589673522547255,0.8425787106446777,0.8292221450754789,-0.995585565260777,0.7391304347826086
LAST30_MOM_SPY_CLOSE,QQQ,False,all,realistic,1.5,,513,513,0.45614035087719296,17.832575945749262,-18.93966740451751,-2.166363420185298,-0.21663634201852983,0.7896840899881962,-111.13444345550576,164.36914403715613,30.0,0,,,-4.5674400353985884,-0.07800364133882903,-0.5766898976380432,-1.589673522547255,0.8425787106446777,-1.1707778549245211,-0.995585565260777,0.7391304347826086
LAST30_MOM_SPY_CLOSE,QQQ,False,all,pessimistic,4.0,,513,513,0.35477582846003897,17.296297343514606,-20.617131574243857,-7.166363420185299,-0.7166363420185299,0.4612838973718457,-367.6344434555054,373.4043065637567,30.0,0,,,-9.56744003539859,-5.078003641338828,-5.576689897638043,-1.5896735225472556,0.8425787106446777,-6.170777854924522,-0.995585565260777,0.7391304347826086
LAST30_MOM_SPY_CLOSE,QQQ,False,all,opt_bach,200.0,0.01,513,513,0.23586744639376217,11183.29462258928,-8726.210757483883,-4030.2065645231555,-403.0206564523155,0.39558823941761,-206749.59676003776,206749.59676003776,30.0,0,,,-4953.165191445166,-3067.0358810352654,-964.3886437028849,-3065.8179208202705,1.0,-3968.53751222309,-61.66905230006569,0.5722138930534733
LAST30_MOM_SPY_CLOSE,QQQ,False,all,opt_bach_pess,500.0,0.02,513,513,0.2222222222222222,11263.985844520192,-9164.865978025018,-4625.121128570528,-462.5121128570528,0.3511542533823757,-237268.71389566798,237268.71389566798,30.0,0,,,-5548.285931976444,-3662.7412906603627,-1564.375084743323,-3060.7460438272046,1.0,-4563.4520762704615,-61.66905230006614,0.5722138930534733
LAST30_MOM_SPY_CLOSE,QQQ,False,all,opt_delta_no_decay,200.0,0.01,513,513,0.4873294346978557,6131.149763992188,-4886.5751974221575,482.68647968035066,48.26864796803506,1.1926735788993212,24761.816407601982,12993.083741192902,30.0,0,,,-177.25649104745946,1092.6847408687763,-167.03597972571916,649.7224594060698,0.03498250874562719,591.9336300597678,-109.24715037941712,0.6136931534232883
LAST30_MOM_SPY_CLOSE,QQQ,False,IS,gross,0.0,,257,257,0.5097276264591439,19.485404283822625,-20.37818068710105,-0.05861013771972086,-0.005861013771972086,0.9941336237816866,-1.5062805393968333,62.88586844257637,30.0,0,,,-3.7093139422431394,3.682548405208324,-0.7287417326180583,0.6701315948983374,0.38980509745127434,0.8518733792030193,-0.9104835169227402,0.6336831584207896
LAST30_MOM_SPY_CLOSE,QQQ,False,IS,quoted,0.25,,257,257,0.4980544747081712,19.435428160067715,-20.397655890563072,-0.558610137719721,-0.055861013771972105,0.9454403010686534,-14.356280539396812,66.08586844257638,30.0,0,,,-4.209313942243139,3.182548405208324,-1.2287417326180583,0.6701315948983373,0.38980509745127434,0.3518733792030195,-0.9104835169227405,0.6336831584207896
LAST30_MOM_SPY_CLOSE,QQQ,False,IS,low,0.5,,257,257,0.49416342412451364,19.085813105656683,-20.738162075479753,-1.058610137719721,-0.1058610137719721,0.8990850393055179,-27.2062805393969,69.28586844257639,30.0,0,,,-4.709313942243139,2.682548405208324,-1.7287417326180583,0.6701315948983373,0.38980509745127434,-0.14812662079698044,-0.9104835169227405,0.6336831584207896
LAST30_MOM_SPY_CLOSE,QQQ,False,IS,realistic,1.5,,257,257,0.4669260700389105,18.15563161531874,-21.640427731622022,-3.0586101377197212,-0.3058610137719721,0.7348626939327683,-78.60628053939688,94.55342429925106,30.0,0,,,-6.709313942243139,0.6825484052083239,-3.728741732618059,0.6701315948983377,0.38980509745127434,-2.1481266207969805,-0.9104835169227408,0.6336831584207896
LAST30_MOM_SPY_CLOSE,QQQ,False,IS,pessimistic,4.0,,257,257,0.35019455252918286,18.51988497110057,-22.38235001672467,-8.058610137719722,-0.8058610137719722,0.4459217340571009,-207.1062805393968,214.40212867753743,30.0,0,,,-11.70931394224314,-4.3174515947916765,-8.728741732618058,0.6701315948983364,0.38980509745127434,-7.14812662079698,-0.9104835169227421,0.6336831584207896
LAST30_MOM_SPY_CLOSE,QQQ,False,IS,opt_bach,200.0,0.01,257,257,0.245136186770428,11727.43163003701,-8737.008304910396,-3720.4335348649224,-372.04335348649226,0.4358920826132623,-95615.14184602852,98735.7496042411,30.0,0,,,-5097.299571551986,-2283.3595672587217,-1313.845964837318,-2406.5875700276047,0.9985007496251874,-4213.717811372202,493.2842765072796,0.2723638180909545
LAST30_MOM_SPY_CLOSE,QQQ,False,IS,opt_bach_pess,500.0,0.02,257,257,0.22568093385214008,12128.886585422146,-9107.685518253318,-4314.996094077532,-431.4996094077532,0.38813948555269523,-110895.39961779256,113421.90211923711,30.0,0,,,-5692.03779380942,-2876.939010038589,-1913.8459648373182,-2401.1501292402136,0.9985007496251874,-4808.28037058481,493.28427650727826,0.2723638180909545
LAST30_MOM_SPY_CLOSE,QQQ,False,IS,opt_delta_no_decay,200.0,0.01,257,257,0.490272373540856,6409.1195287677,-5076.380297419265,554.6429636685084,55.464296366850846,1.2143488637216995,14254.324166280669,9912.911244535882,30.0,0,,,-376.3150228259158,1477.327836649565,-561.021244034926,1115.6642077034344,0.015992003998001,196.72065459093508,357.92230907757335,0.29185407296351823
LAST30_MOM_SPY_CLOSE,QQQ,False,OOS,gross,0.0,,256,256,0.5078125,18.127581620346042,-15.189422538143457,1.7293686360894938,0.1729368636089494,1.231321358990276,44.27183708389104,36.31702375590372,30.0,0,,,-1.1783443563994749,4.55592690114473,5.587674639822362,-3.858306003732868,0.9720139930034982,2.810388679564628,-1.081020043475134,0.7011494252873564
LAST30_MOM_SPY_CLOSE,QQQ,False,OOS,quoted,0.25,,256,256,0.4921875,18.1939402582818,-15.213216166958427,1.2293686360894938,0.12293686360894937,1.1591320676933965,31.471837083891053,43.117023755903716,30.0,0,,,-1.6783443563994749,4.05592690114473,5.087674639822362,-3.858306003732868,0.9720139930034982,2.3103886795646273,-1.0810200434751336,0.7011494252873564
LAST30_MOM_SPY_CLOSE,QQQ,False,OOS,low,0.5,,256,256,0.48046875,18.131635990066197,-15.36445756345287,0.729368636089494,0.0729368636089494,1.0913730614508652,18.67183708389097,49.91702375590378,30.0,0,,,-2.178344356399475,3.5559269011447294,4.587674639822363,-3.858306003732869,0.9720139930034982,1.8103886795646276,-1.0810200434751336,0.7011494252873564
LAST30_MOM_SPY_CLOSE,QQQ,False,OOS,realistic,1.5,,256,256,0.4453125,17.49251734620244,-16.334004272029354,-1.2706313639105062,-0.12706313639105063,0.8597578609526754,-32.52816291610899,81.49192076811798,30.0,0,,,-4.178344356399475,1.5559269011447294,2.5876746398223625,-3.858306003732869,0.9720139930034982,-0.1896113204353727,-1.0810200434751336,0.7011494252873564
LAST30_MOM_SPY_CLOSE,QQQ,False,OOS,pessimistic,4.0,,256,256,0.359375,16.099309446963126,-18.819622550498153,-6.270631363910506,-0.6270631363910506,0.4798884732905115,-160.52816291610893,164.0270832947188,30.0,0,,,-9.178344356399474,-3.4440730988552706,-2.412325360177637,-3.858306003732869,0.9720139930034982,-5.189611320435373,-1.0810200434751334,0.7011494252873564
LAST30_MOM_SPY_CLOSE,QQQ,False,OOS,opt_bach,200.0,0.01,256,256,0.2265625,10592.249252430545,-8715.631342328612,-4341.189645078491,-434.11896450784906,0.35600175847000903,-111134.45491400943,112751.51071139463,30.0,0,,,-5491.618609382844,-3037.653173322554,-613.5662549077706,-3727.62339017072,1.0,-3722.399477530427,-618.7901675480639,0.8160919540229885
LAST30_MOM_SPY_CLOSE,QQQ,False,OOS,opt_bach_pess,500.0,0.02,256,256,0.21875,10368.195791443173,-9221.760535497862,-4936.457588979511,-493.64575889795105,0.31480917449862594,-126373.31427787554,127932.58065263792,30.0,0,,,-6084.5767778887575,-3632.405010485988,-1213.5390840239609,-3722.91850495555,1.0,-4317.667421431447,-618.7901675480634,0.8160919540229885
LAST30_MOM_SPY_CLOSE,QQQ,False,OOS,opt_delta_no_decay,200.0,0.01,256,256,0.484375,5848.696615913846,-4698.20801484927,410.4489156766142,41.04489156766142,1.1694310122025489,10507.492241321328,12993.083741192902,30.0,0,,,-441.8027770648093,1290.9875125759797,228.4882895221955,181.96062615441872,0.3698150924537731,988.6904062140255,-578.2414905374113,0.8450774612693653
LAST30_MOM_SPY_CLOSE,QQQ,False,Y2024,gross,0.0,,82,82,0.5121951219512195,16.414956481861484,-15.457331660955948,0.8674988512188342,0.08674988512188342,1.1150504294017736,7.113490579994438,15.855938419469863,30.0,0,,,-4.0670372882640535,5.920242188794075,1.4348599216538247,-0.5673610704349905,0.5612193903048476,-0.4353636392003491,1.3028624904191832,0.3798100949525237
LAST30_MOM_SPY_CLOSE,QQQ,False,Y2024,quoted,0.25,,82,82,0.5,16.310517775617992,-15.575520073180325,0.3674988512188342,0.03674988512188342,1.0471892879970839,3.0134905799944427,16.605938419469858,30.0,0,,,-4.5670372882640535,5.420242188794075,0.9348599216538244,-0.5673610704349902,0.5612193903048476,-0.9353636392003494,1.3028624904191837,0.3798100949525237
LAST30_MOM_SPY_CLOSE,QQQ,False,Y2024,low,0.5,,82,82,0.4878048780487805,16.209867218251738,-15.696661498336312,-0.13250114878116534,-0.013250114878116535,0.9835192522259361,-1.0865094200055552,17.355938419469858,30.0,0,,,-5.0670372882640535,4.920242188794075,0.43485992165382453,-0.5673610704349898,0.5612193903048476,-1.4353636392003493,1.302862490419184,0.3798100949525237
LAST30_MOM_SPY_CLOSE,QQQ,False,Y2024,realistic,1.5,,82,82,0.47560975609756095,14.614218905344464,-17.3213867792672,-2.1325011487811656,-0.21325011487811657,0.7652249124450442,-17.48650942000557,31.12604865809694,30.0,0,,,-7.067037288264054,2.920242188794074,-1.565140078346176,-0.5673610704349896,0.5612193903048476,-3.435363639200349,1.3028624904191832,0.3798100949525237
LAST30_MOM_SPY_CLOSE,QQQ,False,Y2024,pessimistic,4.0,,82,82,0.34146341463414637,14.663165951621917,-18.433958163804984,-7.132501148781165,-0.7132501148781164,0.412452009409183,-58.48650942000556,65.62604865809693,30.0,0,,,-12.067037288264055,-2.079757811205926,-6.565140078346177,-0.5673610704349876,0.5612193903048476,-8.435363639200347,1.302862490419182,0.3798100949525237
LAST30_MOM_SPY_CLOSE,QQQ,False,Y2024,opt_bach,200.0,0.01,82,82,0.24390243902439024,10614.708225354694,-8866.86265320699,-4115.259999899263,-411.5259999899263,0.3861680914043858,-33745.13199917396,40367.97141244349,30.0,0,,,-6389.952003816134,-1202.4409255107205,-1040.5049010497498,-3074.755098849513,0.9870064967516242,-5330.047738257639,1214.7877383583764,0.21139430284857572
LAST30_MOM_SPY_CLOSE,QQQ,False,Y2024,opt_bach_pess,500.0,0.02,82,82,0.21951219512195122,11170.840654222733,-9179.982372651364,-4712.728537483879,-471.27285374838794,0.34224454976733565,-38644.374007367805,44787.21342063734,30.0,0,,,-6987.6206283528145,-1800.0030373408777,-1640.5049010497503,-3072.223636434129,0.9870064967516242,-5927.516275842255,1214.7877383583755,0.21139430284857572
LAST30_MOM_SPY_CLOSE,QQQ,False,Y2024,opt_delta_no_decay,200.0,0.01,82,82,0.4878048780487805,6036.722478775331,-4732.061743816138,521.0037306187243,52.100373061872425,1.21495868288462,4272.2305910735395,3662.12599867261,30.0,0,,,-1021.3576687182444,2318.6179704237297,-177.48649259548546,698.4902232142097,0.22988505747126436,-370.6870311631779,891.6907617819022,0.2143928035982009
LAST30_MOM_SPY_CLOSE,QQQ,False,Y2025,gross,0.0,,247,247,0.4777327935222672,19.92543324463495,-20.06230375112411,-0.9588504495064223,-0.09588504495064222,0.9084881536857805,-23.68360610280862,62.88586844257638,30.0,0,,,-4.744014729867068,2.725138340459403,0.30394205873889846,-1.2627925082453206,0.6881559220389805,1.1533385974189778,-2.1121890469254003,0.7931034482758621
LAST30_MOM_SPY_CLOSE,QQQ,False,Y2025,quoted,0.25,,247,247,0.46963562753036436,19.763318186316134,-20.250999775883653,-1.4588504495064223,-0.14588504495064222,0.8641717947333862,-36.03360610280862,66.08586844257638,30.0,0,,,-5.244014729867068,2.225138340459403,-0.19605794126110163,-1.2627925082453206,0.6881559220389805,0.653338597418978,-2.1121890469254003,0.7931034482758621
LAST30_MOM_SPY_CLOSE,QQQ,False,Y2025,low,0.5,,247,247,0.46963562753036436,19.263318186316134,-20.75099977588365,-1.9588504495064223,-0.19588504495064224,0.8220131518526487,-48.38360610280869,69.28586844257639,30.0,0,,,-5.744014729867068,1.7251383404594034,-0.6960579412611015,-1.2627925082453206,0.6881559220389805,0.15333859741897773,-2.1121890469254,0.7931034482758621
LAST30_MOM_SPY_CLOSE,QQQ,False,Y2025,realistic,1.5,,247,247,0.43724696356275305,18.63006038155122,-21.509946634788623,-3.958850449506422,-0.3958850449506422,0.6729516848461216,-97.78360610280862,109.54718755319298,30.0,0,,,-7.744014729867068,-0.27486165954059605,-2.696057941261101,-1.2627925082453206,0.6881559220389805,-1.846661402581022,-2.1121890469254,0.7931034482758621
LAST30_MOM_SPY_CLOSE,QQQ,False,Y2025,pessimistic,4.0,,247,247,0.32388663967611336,19.4336386187132,-22.56004281751582,-8.958850449506421,-0.895885044950642,0.4126555768232097,-221.28360610280868,221.41377793981638,30.0,0,,,-12.74401472986707,-5.274861659540595,-7.696057941261102,-1.2627925082453197,0.6881559220389805,-6.846661402581023,-2.1121890469253986,0.7931034482758621
LAST30_MOM_SPY_CLOSE,QQQ,False,Y2025,opt_bach,200.0,0.01,247,247,0.22672064777327935,11961.949021464607,-8802.176706788976,-4094.5206712335084,-409.45206712335084,0.39844329605221207,-101134.66057946759,101134.66057946759,30.0,0,,,-5355.7456554583105,-2765.5670163891687,-1111.3945092220918,-2983.1261620114165,0.9995002498750625,-3773.8300804385626,-320.6905907949458,0.663168415792104
LAST30_MOM_SPY_CLOSE,QQQ,False,Y2025,opt_bach_pess,500.0,0.02,247,247,0.2145748987854251,12039.536112876505,-9254.180751546377,-4685.083610597337,-468.50836105973366,0.35542331696046064,-115721.5651817542,115721.5651817542,30.0,0,,,-5946.146693017951,-3356.1025815461394,-1711.3663483060786,-2973.717262291258,0.9995002498750625,-4364.393019802393,-320.690590794944,0.663168415792104
LAST30_MOM_SPY_CLOSE,QQQ,False,Y2025,opt_delta_no_decay,200.0,0.01,247,247,0.46558704453441296,6372.283922575995,-5270.179462786929,150.4006559043114,15.040065590431139,1.053400748941019,3714.8962008364906,9912.911244535884,30.0,0,,,-746.779672276659,1103.2534847715388,-444.56219508972873,594.9628509940401,0.13693153423288357,405.51697748646376,-255.11632158215235,0.6526736631684158
LAST30_MOM_SPY_CLOSE,QQQ,False,Y2026,gross,0.0,,184,184,0.5489130434782609,18.50043838337271,-15.363705494548919,3.2247647862667606,0.32247647862667606,1.4653093718324781,59.33567206730838,19.17187351163652,30.0,0,,,-0.16884776247882483,6.70038213234365,5.708836306671534,-2.4840715204047736,0.8440779610194903,3.745739919976423,-0.5209751337096624,0.5837081459270365
LAST30_MOM_SPY_CLOSE,QQQ,False,Y2026,quoted,0.25,,184,184,0.5271739130434783,18.75149627442438,-15.144119746506677,2.7247647862667606,0.27247647862667607,1.3805253143621057,50.13567206730837,22.35967545208199,30.0,0,,,-0.6688477624788248,6.200382132343649,5.208836306671534,-2.4840715204047736,0.8440779610194903,3.245739919976423,-0.5209751337096624,0.5837081459270365
LAST30_MOM_SPY_CLOSE,QQQ,False,Y2026,low,0.5,,184,184,0.5108695652173914,18.842020136742555,-15.131035246452406,2.22476478626676,0.222476478626676,1.3006012432986116,40.935672067308374,25.60967545208199,30.0,0,,,-1.1688477624788245,5.700382132343649,4.708836306671534,-2.484071520404774,0.8440779610194903,2.745739919976423,-0.5209751337096629,0.5837081459270365
LAST30_MOM_SPY_CLOSE,QQQ,False,Y2026,realistic,1.5,,184,184,0.47282608695652173,18.28530704355587,-15.97386589810595,0.22476478626676025,0.022476478626676025,1.0266909680977032,4.135672067308401,42.98457246429618,30.0,0,,,-3.168847762478825,3.7003821323436497,2.7088363066715346,-2.4840715204047745,0.8440779610194903,0.7457399199764225,-0.5209751337096623,0.5837081459270365
LAST30_MOM_SPY_CLOSE,QQQ,False,Y2026,pessimistic,4.0,,184,184,0.40217391304347827,15.981978113205257,-18.739178724582775,-4.77523521373324,-0.477523521373324,0.573745130824719,-87.86432793269157,90.01973499089708,30.0,0,,,-8.168847762478824,-1.2996178676563506,-2.2911636933284654,-2.484071520404775,0.8440779610194903,-4.2542600800235775,-0.5209751337096629,0.5837081459270365
LAST30_MOM_SPY_CLOSE,QQQ,False,Y2026,opt_bach,200.0,0.01,184,184,0.24456521739130435,10467.00754720425,-8559.089075094633,-3905.967618554145,-390.59676185541446,0.3959065662141386,-71869.80418139628,71869.80418139628,30.0,0,,,-5336.1456572264415,-2290.494682036476,-733.1278725850207,-3172.839745969124,1.0,-3623.1510835053987,-282.8165350487461,0.6336831584207896
LAST30_MOM_SPY_CLOSE,QQQ,False,Y2026,opt_bach_pess,500.0,0.02,184,184,0.23369565217391305,10347.066058531116,-9035.117642427645,-4505.585581877502,-450.5585581877502,0.34924705526778554,-82902.77470654603,82902.77470654603,30.0,0,,,-5936.136244913629,-2890.476356414892,-1333.127872585021,-3172.457709292481,1.0,-4222.769046828755,-282.816535048747,0.6336831584207896
LAST30_MOM_SPY_CLOSE,QQQ,False,Y2026,opt_delta_no_decay,200.0,0.01,184,184,0.5163043478260869,5879.009376324151,-4390.550501054773,911.6679138963018,91.16679138963018,1.4292847982456882,16774.689615691954,6095.487279620585,30.0,0,,,-93.31041032851866,1971.635933500409,210.17009228640705,701.4978216098948,0.10294852573713144,1271.1717137874182,-359.5037998911164,0.712143928035982
LAST30_MOM_SPY_CLOSE,SPY,True,all,gross,0.0,,513,513,0.5009746588693957,14.886684850750475,-14.23220323530888,0.35562179026081603,0.03556217902608161,1.050071848775449,18.24339784037987,50.350451516335426,30.0,0,,,-1.5456116837645115,2.307673323548638,-0.4689136076375184,0.8245353978983344,0.2748625687156422,1.2882157717018723,-0.9325939814410562,0.7706146926536732
LAST30_MOM_SPY_CLOSE,SPY,True,all,quoted,0.25,,513,513,0.48927875243664715,14.733905205198393,-14.398000870614498,-0.1443782097391838,-0.01443782097391838,0.9803656951088422,-7.406602159620127,61.60045151633544,30.0,0,,,-2.0456116837645117,1.807673323548638,-0.9689136076375181,0.8245353978983343,0.2748625687156422,0.7882157717018723,-0.9325939814410561,0.7706146926536732
LAST30_MOM_SPY_CLOSE,SPY,True,all,low,0.5,,513,513,0.47368421052631576,14.711851413329638,-14.464984870501123,-0.6443782097391838,-0.06443782097391838,0.915359842442612,-33.056602159620205,72.85045151633547,30.0,0,,,-2.5456116837645117,1.307673323548638,-1.468913607637518,0.8245353978983342,0.2748625687156422,0.2882157717018722,-0.932593981441056,0.7706146926536732
LAST30_MOM_SPY_CLOSE,SPY,True,all,realistic,1.5,,513,513,0.4074074074074074,14.947956155630377,-14.739108085930757,-2.644378209739184,-0.2644378209739184,0.6972416374913177,-135.65660215962015,149.51477435478523,30.0,0,,,-4.545611683764511,-0.6923266764513625,-3.468913607637518,0.8245353978983343,0.2748625687156422,-1.7117842282981277,-0.9325939814410562,0.7706146926536732
LAST30_MOM_SPY_CLOSE,SPY,True,all,pessimistic,4.0,,513,513,0.29434697855750486,14.816418524717534,-17.013384582399304,-7.644378209739184,-0.7644378209739184,0.36326277374086896,-392.1566021596197,394.97413518253234,30.0,0,,,-9.54561168376451,-5.692326676451363,-8.468913607637518,0.8245353978983339,0.2748625687156422,-6.711784228298128,-0.9325939814410562,0.7706146926536732
LAST30_MOM_SPY_CLOSE,SPY,True,all,opt_bach,200.0,0.01,513,513,0.23391812865497075,12696.061885260679,-8768.41735407131,-3747.4865378533013,-374.74865378533013,0.44211628633722094,-192246.0593918743,192610.03541598027,30.0,0,,,-4716.689489254742,-2712.498922581205,-852.5547328826174,-2894.931804970684,1.0,-3501.5564445262444,-245.93009332705697,0.6531734132933533
LAST30_MOM_SPY_CLOSE,SPY,True,all,opt_bach_pess,500.0,0.02,513,513,0.2222222222222222,12758.16864050612,-9223.50209201073,-4338.686373673653,-433.8686373673653,0.39520683182822924,-222574.6109694584,222878.58699356436,30.0,0,,,-5308.442467732196,-3304.263016354692,-1452.3402400656196,-2886.3461336080336,1.0,-4092.7562803465958,-245.93009332705742,0.6531734132933533
LAST30_MOM_SPY_CLOSE,SPY,True,all,opt_delta_no_decay,200.0,0.01,513,513,0.4775828460038986,6553.536936520374,-5188.695259125824,419.19341130949505,41.919341130949505,1.154646058130327,21504.622000177085,20995.491055599425,30.0,0,,,-261.3046285494422,1129.6601643348663,-231.31982603943507,650.5132373489301,0.0544727636181909,603.7102406448421,-184.51682933534704,0.6536731634182908
LAST30_MOM_SPY_CLOSE,SPY,True,IS,gross,0.0,,257,257,0.5369649805447471,16.615934265098396,-17.844195769330426,0.6596872841760993,0.06596872841760992,1.0798412441004566,16.953963203325756,47.34990359958691,30.0,0,,,-2.4951033166598586,3.890076180022525,0.7443838897267276,-0.0846966055506283,0.5102448775612194,1.1894542929859149,-0.5297670088098155,0.5757121439280359
LAST30_MOM_SPY_CLOSE,SPY,True,IS,quoted,0.25,,257,257,0.5252918287937743,16.476383618890424,-17.895673414073354,0.15968728417609945,0.015968728417609948,1.0187973047293974,4.103963203325753,48.84990359958691,30.0,0,,,-2.9951033166598586,3.390076180022525,0.2443838897267275,-0.08469660555062805,0.5102448775612194,0.689454292985915,-0.5297670088098155,0.5757121439280359
LAST30_MOM_SPY_CLOSE,SPY,True,IS,low,0.5,,257,257,0.5136186770428015,16.345881862062548,-17.960934190071992,-0.3403127158239003,-0.034031271582390034,0.9610441786418497,-8.74603679667428,50.34990359958691,30.0,0,,,-3.495103316659859,2.890076180022525,-0.2556161102732725,-0.0846966055506278,0.5102448775612194,0.18945429298591498,-0.5297670088098153,0.5757121439280359
LAST30_MOM_SPY_CLOSE,SPY,True,IS,realistic,1.5,,257,257,0.4396887159533074,16.930720110986986,-17.462720420196334,-2.3403127158239005,-0.23403127158239004,0.7608157257073468,-60.14603679667424,80.92625289349446,30.0,0,,,-5.495103316659859,0.8900761800225246,-2.2556161102732726,-0.08469660555062797,0.5102448775612194,-1.810545707014085,-0.5297670088098156,0.5757121439280359
LAST30_MOM_SPY_CLOSE,SPY,True,IS,pessimistic,4.0,,257,257,0.30739299610894943,18.28202876682122,-18.712026070481006,-7.3403127158239005,-0.73403127158239,0.4336213558622458,-188.64603679667417,193.77832308678254,30.0,0,,,-10.495103316659858,-4.109923819977476,-7.255616110273272,-0.08469660555062841,0.5102448775612194,-6.810545707014084,-0.5297670088098165,0.5757121439280359
LAST30_MOM_SPY_CLOSE,SPY,True,IS,opt_bach,200.0,0.01,257,257,0.245136186770428,14932.38638438671,-8621.397267167365,-2847.5125588097526,-284.75125588097524,0.5624583662558758,-73181.07276141067,78239.37480239586,30.0,0,,,-4275.516005960422,-1176.9859110137634,-412.6597356625266,-2434.852823147226,0.9985007496251874,-3176.3486375462758,328.8360787365232,0.36081959020489757
LAST30_MOM_SPY_CLOSE,SPY,True,IS,opt_bach_pess,500.0,0.02,257,257,0.23346303501945526,15080.216810255997,-9072.08349700089,-3433.4141645673753,-343.34141645673753,0.5062739376367189,-88238.74402938162,92705.939463705,30.0,0,,,-4860.609578484888,-1761.0963726149068,-1012.3001629549572,-2421.114001612418,0.9985007496251874,-3762.250243303898,328.8360787365227,0.36081959020489757
LAST30_MOM_SPY_CLOSE,SPY,True,IS,opt_delta_no_decay,200.0,0.01,257,257,0.5136186770428015,6941.483915504056,-5525.545782029913,877.7535178708026,87.77535178708027,1.3266032540371775,22558.265409279633,10664.24944213188,30.0,0,,,-121.96610452175656,1916.8369152778694,94.37356818058555,783.379949690217,0.09545227386306847,434.0222853851522,443.7312324856504,0.2753623188405797
LAST30_MOM_SPY_CLOSE,SPY,True,OOS,gross,0.0,,256,256,0.46484375,12.881336790414231,-11.094779063421552,0.05036854050992612,0.005036854050992612,1.0084832078255253,1.2894346370540894,44.602208733059655,30.0,0,,,-1.964464394631861,2.1140800045940016,-1.6869505483508436,1.7373190888607697,0.12393803098450774,1.3873630374440635,-1.3369944969341374,0.8355822088955522
LAST30_MOM_SPY_CLOSE,SPY,True,OOS,quoted,0.25,,256,256,0.453125,12.706020844436122,-11.350029082743209,-0.44963145949007366,-0.04496314594900737,0.9275611336132623,-11.510565362945869,48.20220873305964,30.0,0,,,-2.464464394631861,1.6140800045940016,-2.1869505483508433,1.7373190888607697,0.12393803098450774,0.8873630374440634,-1.3369944969341372,0.8355822088955522
LAST30_MOM_SPY_CLOSE,SPY,True,OOS,low,0.5,,256,256,0.43359375,12.768680068890495,-11.451235457077962,-0.9496314594900738,-0.09496314594900737,0.8535886611562393,-24.310565362945947,52.73623370668622,30.0,0,,,-2.9644643946318614,1.1140800045940016,-2.6869505483508433,1.7373190888607697,0.12393803098450774,0.3873630374440634,-1.3369944969341372,0.8355822088955522
LAST30_MOM_SPY_CLOSE,SPY,True,OOS,realistic,1.5,,256,256,0.375,12.614077749846038,-12.287856985091741,-2.9496314594900737,-0.29496314594900735,0.6159289336692354,-75.51056536294597,82.32600943107997,30.0,0,,,-4.96446439463186,-0.8859199954059983,-4.686950548350843,1.7373190888607697,0.12393803098450774,-1.6126369625559365,-1.3369944969341372,0.8355822088955522
LAST30_MOM_SPY_CLOSE,SPY,True,OOS,pessimistic,4.0,,256,256,0.28125,11.013873953520424,-15.370133577624618,-7.9496314594900745,-0.7949631459490074,0.2803994345693313,-203.51056536294598,204.78537025882753,30.0,0,,,-9.964464394631861,-5.885919995405999,-9.686950548350843,1.7373190888607688,0.12393803098450774,-6.612636962555937,-1.3369944969341372,0.8355822088955522
LAST30_MOM_SPY_CLOSE,SPY,True,OOS,opt_bach,200.0,0.01,256,256,0.22265625,10224.334807279274,-8911.74346894249,-4650.976040252488,-465.0976040252488,0.32862013160936243,-119064.9866304637,120609.69648568683,30.0,0,,,-5821.423385846478,-3363.8621341469507,-1294.1680699355989,-3356.807970316889,1.0,-3828.0345945022277,-822.9414457502603,0.8840579710144928
LAST30_MOM_SPY_CLOSE,SPY,True,OOS,opt_bach_pess,500.0,0.02,256,256,0.2109375,10178.115118561813,-9371.172701995576,-5247.494802346751,-524.7494802346752,0.29034597333139606,-134335.86694007684,135764.63202421143,30.0,0,,,-6417.7919716775705,-3960.1912600824867,-1894.0992237274957,-3353.3955786192555,1.0,-4424.55335659649,-822.9414457502617,0.8840579710144928
LAST30_MOM_SPY_CLOSE,SPY,True,OOS,opt_delta_no_decay,200.0,0.01,256,256,0.44140625,6100.359934521737,-4894.245501342529,-41.15794566806767,-4.115794566806767,0.9849453082687236,-1053.6434091025367,20995.49105559942,30.0,0,,,-902.2102027637831,870.9941016797354,-558.2854600806278,517.1275144125601,0.1729135432283858,774.061039479765,-815.2189851478327,0.9300349825087456
LAST30_MOM_SPY_CLOSE,SPY,True,Y2024,gross,0.0,,82,82,0.4878048780487805,11.019763428410462,-14.235053611283831,-1.9156306650914943,-0.19156306650914942,0.7372654206685366,-15.708171453750248,27.95695353366223,30.0,0,,,-6.516605674796475,2.2377794456353266,1.9727834478392765,-3.8884141129307705,0.8995502248875562,1.615055162459154,-3.5306858275506485,0.8040979510244878
LAST30_MOM_SPY_CLOSE,SPY,True,Y2024,quoted,0.25,,82,82,0.47560975609756095,10.792731194940817,-14.395307700934755,-2.4156306650914945,-0.24156306650914944,0.6799963157041077,-19.808171453750248,31.356953533662228,30.0,0,,,-7.016605674796475,1.7377794456353268,1.472783447839276,-3.8884141129307705,0.8995502248875562,1.115055162459154,-3.5306858275506485,0.8040979510244878
LAST30_MOM_SPY_CLOSE,SPY,True,Y2024,low,0.5,,82,82,0.4634146341463415,10.576533995574119,-14.567954690211794,-2.9156306650914945,-0.2915630665091494,0.6270117908831314,-23.908171453750253,34.756953533662234,30.0,0,,,-7.516605674796475,1.2377794456353264,0.9727834478392762,-3.8884141129307705,0.8995502248875562,0.6150551624591538,-3.5306858275506485,0.8040979510244878
LAST30_MOM_SPY_CLOSE,SPY,True,Y2024,realistic,1.5,,82,82,0.4024390243902439,10.073453028907059,-15.010319683498683,-4.915630665091494,-0.4915630665091494,0.451966539487887,-40.308171453750255,48.60159662678041,30.0,0,,,-9.516605674796477,-0.7622205543646734,-1.027216552160724,-3.88841411293077,0.8995502248875562,-1.3849448375408462,-3.5306858275506476,0.8040979510244878
LAST30_MOM_SPY_CLOSE,SPY,True,Y2024,pessimistic,4.0,,82,82,0.21951219512195122,11.715544204900553,-15.999398597276755,-9.915630665091495,-0.9915630665091496,0.20594504147106624,-81.30817145375025,83.6015966267804,30.0,0,,,-14.516605674796475,-5.762220554364673,-6.0272165521607235,-3.8884141129307714,0.8995502248875562,-6.384944837540847,-3.5306858275506476,0.8040979510244878
LAST30_MOM_SPY_CLOSE,SPY,True,Y2024,opt_bach,200.0,0.01,82,82,0.17073170731707318,13309.28590061181,-8681.996902781268,-4927.387643665377,-492.7387643665377,0.31561254027941216,-40404.57867805608,40404.57867805608,30.0,0,,,-7040.777254554449,-2237.2252240846756,166.19352908122107,-5093.581172746598,1.0,-2548.619461365762,-2378.768182299615,0.8170914542728636
LAST30_MOM_SPY_CLOSE,SPY,True,Y2024,opt_bach_pess,500.0,0.02,82,82,0.14634146341463414,14934.639734822704,-9002.161815941276,-5499.215247536791,-549.9215247536791,0.284401014654871,-45093.565029801684,45093.565029801684,30.0,0,,,-7618.834795773688,-2811.1934722010233,-432.6795174328599,-5066.535730103931,1.0,-3120.447065237176,-2378.768182299615,0.8170914542728636
LAST30_MOM_SPY_CLOSE,SPY,True,Y2024,opt_delta_no_decay,200.0,0.01,82,82,0.4634146341463415,5499.997927062512,-5515.780779005964,-410.9077200961825,-41.090772009618256,0.8611651550429883,-3369.443304788698,8643.315329787325,30.0,0,,,-1965.3755139416382,1305.5939263833955,496.27285529360694,-907.1805753897895,0.7816091954022989,1062.310408200874,-1473.2181282970564,0.8025987006496752
LAST30_MOM_SPY_CLOSE,SPY,True,Y2025,gross,0.0,,247,247,0.5222672064777328,17.31328064844906,-17.339199697817076,0.7586544101518768,0.07586544101518769,1.0915861671394802,18.738763930751393,47.34990359958691,30.0,0,,,-2.619730672896546,4.143170721415078,-0.43685329825916464,1.1955077084110415,0.2943528235882059,1.125069509569318,-0.3664150994174411,0.5932033983008496
LAST30_MOM_SPY_CLOSE,SPY,True,Y2025,quoted,0.25,,247,247,0.5141700404858299,17.07952822165578,-17.54343704035642,0.25865441015187696,0.025865441015187694,1.030347359699503,6.388763930751332,48.8499035995869,30.0,0,,,-3.119730672896546,3.6431707214150784,-0.9368532982591646,1.1955077084110415,0.2943528235882059,0.6250695095693176,-0.36641509941744066,0.5932033983008496
LAST30_MOM_SPY_CLOSE,SPY,True,Y2025,low,0.5,,247,247,0.5020242914979757,16.986784023709223,-17.609541297824634,-0.2413455898481232,-0.024134558984812322,0.9724777987815518,-5.961236069248653,50.34990359958691,30.0,0,,,-3.6197306728965466,3.1431707214150784,-1.4368532982591642,1.195507708411041,0.2943528235882059,0.1250695095693182,-0.36641509941744144,0.5932033983008496
LAST30_MOM_SPY_CLOSE,SPY,True,Y2025,realistic,1.5,,247,247,0.4251012145748988,17.87404479420451,-17.1154018597462,-2.241345589848123,-0.22413455898481233,0.7722122665670338,-55.361236069248676,80.2674695255345,30.0,0,,,-5.619730672896546,1.1431707214150792,-3.436853298259165,1.195507708411042,0.2943528235882059,-1.8749304904306814,-0.36641509941744177,0.5932033983008496
LAST30_MOM_SPY_CLOSE,SPY,True,Y2025,pessimistic,4.0,,247,247,0.31983805668016196,18.063197102095657,-19.140505546178826,-7.241345589848124,-0.7241345589848124,0.4437711103662813,-178.8612360692486,179.24222219266161,30.0,0,,,-10.619730672896546,-3.8568292785849208,-8.436853298259162,1.1955077084110384,0.2943528235882059,-6.874930490430683,-0.3664150994174413,0.5932033983008496
LAST30_MOM_SPY_CLOSE,SPY,True,Y2025,opt_bach,200.0,0.01,247,247,0.2591093117408907,14124.599006084492,-8771.983862353336,-2839.2660340941425,-283.9266034094142,0.5631280847737488,-70129.87104212529,76005.11111498263,30.0,0,,,-4380.884475272264,-1172.9263210156714,-820.8468797678483,-2018.4191543262941,0.9900049975012494,-3402.1492745771448,562.8832404830023,0.23288355822088955
LAST30_MOM_SPY_CLOSE,SPY,True,Y2025,opt_bach_pess,500.0,0.02,247,247,0.25101214574898784,13975.579460197932,-9264.392459267947,-3430.8772406165917,-343.0877240616592,0.5055601575146731,-84742.66784322979,87810.69504263766,30.0,0,,,-4972.382124705433,-1763.7779353469982,-1420.7755249934582,-2010.1017156231335,0.9900049975012494,-3993.760481099595,562.8832404830032,0.23288355822088955
LAST30_MOM_SPY_CLOSE,SPY,True,Y2025,opt_delta_no_decay,200.0,0.01,247,247,0.5020242914979757,7118.726530596477,-5495.334973124563,837.2303161928824,83.72303161928824,1.3059444767509731,20679.588809964196,9528.684616153536,30.0,0,,,-208.02455716561713,1934.9162221662446,-186.12708372212805,1023.3573999150104,0.031984007996002,419.893175188687,417.33714100419536,0.2638680659670165
LAST30_MOM_SPY_CLOSE,SPY,True,Y2026,gross,0.0,,184,184,0.4782608695652174,13.08720756655142,-10.411939710653513,0.8267829001836289,0.08267829001836288,1.1521971188260456,15.212805363378768,24.963968114213976,30.0,0,,,-1.5747846551354403,3.1297456278043008,-1.6000986889720321,2.426881589155661,0.08995502248875563,1.361565210314066,-0.5347823101304372,0.6511744127936032
LAST30_MOM_SPY_CLOSE,SPY,True,Y2026,quoted,0.25,,184,184,0.46195652173913043,13.037571832374367,-10.586520728464986,0.3267829001836289,0.032678290018362886,1.057370508468936,6.012805363378762,27.213968114213966,30.0,0,,,-2.07478465513544,2.6297456278043008,-2.100098688972032,2.426881589155661,0.08995502248875563,0.8615652103140662,-0.5347823101304373,0.6511744127936032
LAST30_MOM_SPY_CLOSE,SPY,True,Y2026,low,0.5,,184,184,0.44021739130434784,13.169263983547431,-10.665847854694702,-0.17321709981637143,-0.01732170998163714,0.9709881130217607,-3.1871946366212454,29.463968114213973,30.0,0,,,-2.57478465513544,2.1297456278043008,-2.600098688972032,2.4268815891556605,0.08995502248875563,0.3615652103140662,-0.5347823101304376,0.6511744127936032
LAST30_MOM_SPY_CLOSE,SPY,True,Y2026,realistic,1.5,,184,184,0.3858695652173913,12.886256101145669,-11.635363978296946,-2.173217099816371,-0.2173217099816371,0.6958677186676725,-39.987194636621226,45.55194165875612,30.0,0,,,-4.57478465513544,0.12974562780430088,-4.600098688972032,2.4268815891556614,0.08995502248875563,-1.6384347896859341,-0.5347823101304368,0.6511744127936032
LAST30_MOM_SPY_CLOSE,SPY,True,Y2026,pessimistic,4.0,,184,184,0.29347826086956524,11.100126490344087,-14.763682898806097,-7.173217099816371,-0.7173217099816371,0.31230837213965257,-131.98719463662127,132.51130248650372,30.0,0,,,-9.574784655135439,-4.870254372195698,-9.600098688972032,2.426881589155661,0.08995502248875563,-6.638434789685935,-0.5347823101304368,0.6511744127936032
LAST30_MOM_SPY_CLOSE,SPY,True,Y2026,opt_bach,200.0,0.01,184,184,0.22826086956521738,10314.835410316868,-8805.205520776324,-4440.848351722443,-444.08483517224437,0.34648445221448826,-81711.60967169298,82075.58569579895,30.0,0,,,-5956.286737688478,-2781.4937399434066,-1349.1264567977398,-3091.7218949247035,0.999000499750125,-4059.678203203348,-381.17014851909516,0.7006496751624188
LAST30_MOM_SPY_CLOSE,SPY,True,Y2026,opt_bach_pess,500.0,0.02,184,184,0.21739130434782608,10218.240541688836,-9278.565296054321,-5040.129244371026,-504.0129244371027,0.3059093792955406,-92738.3780964269,93042.35412053287,30.0,0,,,-6555.588900880602,-3380.832411932877,-1949.1264567977398,-3091.0027875732867,0.999000499750125,-4658.959095851931,-381.17014851909516,0.7006496751624188
LAST30_MOM_SPY_CLOSE,SPY,True,Y2026,opt_delta_no_decay,200.0,0.01,184,184,0.45108695652173914,6191.500462953654,-4672.7700344073,227.96067907617385,22.796067907617385,1.0888754848660303,4194.4764950016,12131.356921946981,30.0,0,,,-827.7981283118494,1308.0694796990083,-616.2394305051105,844.2001095812843,0.08995502248875563,646.0885092756886,-418.12783019951473,0.7341329335332334
LAST30_ROD_SPY,QQQ,False,all,gross,0.0,,513,513,0.4834307992202729,15.180068755210025,-16.060879168579845,-0.9580427453831829,-0.09580427453831829,0.8845252414036986,-49.14759283815728,84.14897619758021,25.0,0,,,-2.8920071376780334,1.0088042459500348,-0.605376583343316,-0.3526661620398669,0.5847076461769115,-0.3785180881500151,-0.5795246572331678,0.655672163918041
LAST30_ROD_SPY,QQQ,False,all,quoted,0.25,,513,513,0.47173489278752434,15.048922595560585,-16.198580060912306,-1.458042745383183,-0.14580427453831832,0.8296110667764096,-74.79759283815731,104.94794741328327,25.0,0,,,-3.3920071376780334,0.508804245950035,-1.105376583343316,-0.352666162039867,0.5847076461769115,-0.8785180881500152,-0.5795246572331678,0.655672163918041
LAST30_ROD_SPY,QQQ,False,all,low,0.5,,513,513,0.45419103313840153,15.122777293322729,-16.171725134734892,-1.9580427453831828,-0.19580427453831828,0.7781675115026,-100.44759283815738,127.84794741328332,25.0,0,,,-3.8920071376780334,0.008804245950035159,-1.6053765833433158,-0.352666162039867,0.5847076461769115,-1.3785180881500152,-0.5795246572331676,0.655672163918041
LAST30_ROD_SPY,QQQ,False,all,realistic,1.5,,513,513,0.41325536062378165,14.521090555330728,-16.973246266151783,-3.958042745383183,-0.3958042745383183,0.6025647010508552,-203.0475928381575,219.44794741328346,25.0,0,,,-5.892007137678034,-1.9911957540499654,-3.605376583343316,-0.352666162039867,0.5847076461769115,-3.3785180881500145,-0.5795246572331685,0.655672163918041
LAST30_ROD_SPY,QQQ,False,all,pessimistic,4.0,,513,513,0.30994152046783624,13.463173353230651,-19.028588959167365,-8.958042745383183,-0.8958042745383183,0.31778596684107346,-459.5475928381572,462.6369088426024,25.0,0,,,-10.892007137678034,-6.991195754049966,-8.605376583343316,-0.352666162039867,0.5847076461769115,-8.378518088150017,-0.5795246572331667,0.655672163918041
LAST30_ROD_SPY,QQQ,False,all,opt_bach,200.0,0.01,513,513,0.1871345029239766,8101.747028012938,-6862.290463404588,-4062.0027457124193,-406.2002745712419,0.27179706322324243,-208380.74085504707,209373.88795876747,25.0,0,,,-4663.301105883404,-3383.1619150183583,-1017.7702540257062,-3044.232491686713,1.0,-4036.231033104459,-25.771712607960126,0.5212393803098451
LAST30_ROD_SPY,QQQ,False,all,opt_bach_pess,500.0,0.02,513,513,0.1617933723196881,8728.077336840448,-7240.532555498909,-4656.917309759791,-465.6917309759791,0.23267928037606042,-238899.85799067706,239778.2879345332,25.0,0,,,-5258.912952891644,-3977.1340723822736,-1617.4227414070278,-3039.4945683527635,1.0,-4631.145597151831,-25.77171260796058,0.5212393803098451
LAST30_ROD_SPY,QQQ,False,all,opt_delta_no_decay,200.0,0.01,513,513,0.44834307992202727,4902.738868305458,-4505.999679754825,-287.65686093637447,-28.765686093637445,0.8842783786140352,-14756.79696603595,23542.58415772438,25.0,0,,,-786.4418889954293,255.39426150161748,-361.7343288477527,74.07746791137822,0.40729635182408797,-241.77456753478438,-45.88229340159009,0.5487256371814093
LAST30_ROD_SPY,QQQ,False,IS,gross,0.0,,257,257,0.4708171206225681,15.41745262918731,-18.48922790163894,-2.5253822042460343,-0.25253822042460344,0.7418913525247776,-64.90232264912311,84.14897619758021,25.0,0,,,-5.854084378762261,0.6540703841413323,-1.30608440479018,-1.2192977994558543,0.7276361819090454,-1.0740730244847347,-1.4513091797612996,0.7891054472763618
LAST30_ROD_SPY,QQQ,False,IS,quoted,0.25,,257,257,0.46303501945525294,15.171337236440095,-18.716756214692772,-3.0253822042460343,-0.30253822042460343,0.6989742125027487,-77.7523226491231,93.63126346873479,25.0,0,,,-6.354084378762261,0.15407038414133284,-1.80608440479018,-1.2192977994558543,0.7276361819090454,-1.5740730244847345,-1.4513091797612998,0.7891054472763618
LAST30_ROD_SPY,QQQ,False,IS,low,0.5,,257,257,0.44357976653696496,15.330936591115222,-18.557692292855712,-3.5253822042460343,-0.3525382204246034,0.6585875733525829,-90.60232264912317,103.18126346873487,25.0,0,,,-6.854084378762261,-0.3459296158586673,-2.30608440479018,-1.2192977994558545,0.7276361819090454,-2.0740730244847345,-1.4513091797612998,0.7891054472763618
LAST30_ROD_SPY,QQQ,False,IS,realistic,1.5,,257,257,0.38910505836575876,15.357029369780255,-18.826281295982522,-5.525382204246036,-0.5525382204246037,0.5195687462384907,-142.0023226491232,147.8810832019142,25.0,0,,,-8.85408437876226,-2.345929615858667,-4.30608440479018,-1.2192977994558554,0.7276361819090454,-4.0740730244847345,-1.4513091797613011,0.7891054472763618
LAST30_ROD_SPY,QQQ,False,IS,pessimistic,4.0,,257,257,0.2723735408560311,15.88459906723961,-20.41147145025671,-10.525382204246036,-1.0525382204246037,0.29131200154779785,-270.5023226491232,272.939772063976,25.0,0,,,-13.85408437876226,-7.345929615858668,-9.30608440479018,-1.2192977994558554,0.7276361819090454,-9.074073024484735,-1.4513091797613011,0.7891054472763618
LAST30_ROD_SPY,QQQ,False,IS,opt_bach,200.0,0.01,257,257,0.1828793774319066,7879.196600117693,-7111.437243021448,-4369.959458478493,-436.99594584784927,0.2479722704161451,-112307.95808289727,113246.38802675343,25.0,0,,,-5175.72565067657,-3453.5483040065856,-1144.0154581928343,-3225.944000285658,1.0,-4238.859126077216,-131.10033240127632,0.5877061469265368
LAST30_ROD_SPY,QQQ,False,IS,opt_bach_pess,500.0,0.02,257,257,0.1556420233463035,8604.780659193431,-7465.775967347237,-4964.522017691102,-496.45220176911016,0.21245409595191506,-127588.21585466132,128466.64579851748,25.0,0,,,-5770.281432364668,-4048.8869679432246,-1743.4249107373846,-3221.0971069537172,1.0,-4833.421685289825,-131.10033240127632,0.5877061469265368
LAST30_ROD_SPY,QQQ,False,IS,opt_delta_no_decay,200.0,0.01,257,257,0.4357976653696498,4718.03918181642,-4731.582916485786,-613.459667420233,-61.3459667420233,0.7702028274174615,-15765.913452699973,21606.92022032054,25.0,0,,,-1322.901674173286,106.96605035766774,-458.6926738578827,-154.7669935623503,0.6536731634182908,-483.34638452204985,-130.11328289818317,0.6011994002998501
LAST30_ROD_SPY,QQQ,False,OOS,gross,0.0,,256,256,0.49609375,14.953899867404893,-13.500759574036927,0.6154191332408518,0.06154191332408518,1.0904613461097143,15.754729810965815,20.51972246241285,25.0,0,,,-1.8765178268185856,3.0776990329941647,0.09806837803107493,0.5173507552097769,0.392303848075962,0.3197538596547619,0.29566527358608996,0.4257871064467766
LAST30_ROD_SPY,QQQ,False,OOS,quoted,0.25,,256,256,0.48046875,14.930488918612115,-13.585735630673927,0.11541913324085226,0.011541913324085227,1.016352455413695,2.954729810965815,27.12509557445983,25.0,0,,,-2.3765178268185854,2.5776990329941647,-0.4019316219689251,0.5173507552097774,0.392303848075962,-0.1802461403452379,0.2956652735860902,0.4257871064467766
LAST30_ROD_SPY,QQQ,False,OOS,low,0.5,,256,256,0.46484375,14.923364184513117,-13.681263064579586,-0.3845808667591475,-0.03845808667591475,0.9474732079106082,-9.845270189034165,36.51614325796333,25.0,0,,,-2.8765178268185854,2.077699032994165,-0.9019316219689253,0.5173507552097778,0.392303848075962,-0.6802461403452381,0.2956652735860906,0.4257871064467766
LAST30_ROD_SPY,QQQ,False,OOS,realistic,1.5,,256,256,0.4375,13.774716613857942,-14.952923351683552,-2.3845808667591477,-0.23845808667591478,0.7164932385103687,-61.04527018903421,74.11614325796337,25.0,0,,,-4.876517826818586,0.07769903299416488,-2.901931621968925,0.5173507552097774,0.392303848075962,-2.680246140345238,0.2956652735860903,0.4257871064467766
LAST30_ROD_SPY,QQQ,False,OOS,pessimistic,4.0,,256,256,0.34765625,11.558681218616865,-17.480091798486484,-7.384580866759148,-0.7384580866759147,0.3524017957271967,-189.04527018903426,189.69713677862666,25.0,0,,,-9.876517826818585,-4.922300967005834,-7.901931621968925,0.5173507552097769,0.392303848075962,-7.680246140345239,0.2956652735860912,0.4257871064467766
LAST30_ROD_SPY,QQQ,False,OOS,opt_bach,200.0,0.01,256,256,0.19140625,8315.213764973685,-6609.53286089473,-3752.843077037104,-375.28430770371045,0.2978025326374909,-96072.78277214988,96127.49993201414,25.0,0,,,-4699.796536114733,-2712.947279197435,-891.0319045298,-2861.811172507304,1.0,-3832.811424143528,79.96834710642361,0.4427786106946527
LAST30_ROD_SPY,QQQ,False,OOS,opt_bach_pess,500.0,0.02,256,256,0.16796875,8842.771920698142,-7011.05922042338,-4348.111020938125,-434.81110209381245,0.254620660369182,-111311.642136016,111311.642136016,25.0,0,,,-5293.798794555429,-3309.282641640677,-1490.9283761027245,-2857.1826448354004,1.0,-4428.079368044549,79.96834710642361,0.4427786106946527
LAST30_ROD_SPY,QQQ,False,OOS,opt_delta_no_decay,200.0,0.01,256,256,0.4609375,5078.047045312003,-4268.973815073743,39.41861276031163,3.941861276031163,1.017129264844256,1009.1164866639762,7736.8691823912195,25.0,0,,,-732.9978254813707,814.4660398128343,-264.3972403024269,303.81585306273854,0.2383808095952024,0.7408893625875237,38.67772339772411,0.4682658670664668
LAST30_ROD_SPY,QQQ,False,Y2024,gross,0.0,,82,82,0.3902439024390244,13.192663770258857,-12.933977330167545,-2.73821494951334,-0.273821494951334,0.6528003411040689,-22.453362586009387,33.48746400416458,25.0,0,,,-6.662907659178067,1.1003424038985499,1.4246653540466334,-4.162880303559973,0.9315342328835582,-1.7200754902800168,-1.0181394592333233,0.6241879060469765
LAST30_ROD_SPY,QQQ,False,Y2024,quoted,0.25,,82,82,0.3780487804878049,13.111779632979184,-13.176446950636246,-3.23821494951334,-0.323821494951334,0.6048599669518766,-26.5533625860094,37.11979511263006,25.0,0,,,-7.162907659178067,0.6003424038985499,0.9246653540466333,-4.162880303559973,0.9315342328835582,-2.220075490280017,-1.018139459233323,0.6241879060469765
LAST30_ROD_SPY,QQQ,False,Y2024,low,0.5,,82,82,0.35365853658536583,13.500500390193507,-13.170719569352931,-3.73821494951334,-0.373821494951334,0.560870361891767,-30.653362586009386,40.81979511263005,25.0,0,,,-7.662907659178067,0.10034240389854973,0.42466535404663325,-4.162880303559973,0.9315342328835582,-2.720075490280017,-1.018139459233323,0.6241879060469765
LAST30_ROD_SPY,QQQ,False,Y2024,realistic,1.5,,82,82,0.3170731707317073,13.008720217760649,-14.44214913431912,-5.738214949513339,-0.5738214949513339,0.41820389071413383,-47.0533625860094,55.61979511263006,25.0,0,,,-9.662907659178066,-1.8996575961014506,-1.5753346459533668,-4.162880303559972,0.9315342328835582,-4.720075490280017,-1.0181394592333222,0.6241879060469765
LAST30_ROD_SPY,QQQ,False,Y2024,pessimistic,4.0,,82,82,0.24390243902439024,11.170794339779528,-17.805637300898137,-10.73821494951334,-1.073821494951334,0.20237871771702362,-88.05336258600941,94.17053535829697,25.0,0,,,-14.662907659178067,-6.89965759610145,-6.575334645953368,-4.162880303559972,0.9315342328835582,-9.720075490280017,-1.018139459233323,0.6241879060469765
LAST30_ROD_SPY,QQQ,False,Y2024,opt_bach,200.0,0.01,82,82,0.1951219512195122,5220.343682169578,-7619.619646790517,-5114.26094845684,-511.4260948456841,0.16608937466809134,-41936.939777346095,44183.477205168194,25.0,0,,,-6273.603452135417,-3768.60645901183,-953.3602991049809,-4160.900649351859,1.0,-4626.801558195068,-487.45939026177257,0.6701649175412294
LAST30_ROD_SPY,QQQ,False,Y2024,opt_bach_pess,500.0,0.02,82,82,0.17073170731707318,5305.206583468399,-7979.922206234661,-5711.729486041457,-571.1729486041456,0.13687456920195631,-46836.18178553994,48962.71921336204,25.0,0,,,-6870.285794850305,-4364.804028172975,-1553.3602991049806,-4158.369186936476,1.0,-5224.270095779683,-487.4593902617735,0.6701649175412294
LAST30_ROD_SPY,QQQ,False,Y2024,opt_delta_no_decay,200.0,0.01,82,82,0.34146341463414637,4835.583483981782,-4100.60701566807,-1049.2248938364125,-104.92248938364126,0.6114557124607451,-8603.644129458584,11421.620169877731,25.0,0,,,-2143.379887026339,117.17820056231619,-53.43991673881469,-995.7849770975979,0.9225387306346826,-679.2480042673623,-369.9768895690503,0.6411794102948526
LAST30_ROD_SPY,QQQ,False,Y2025,gross,0.0,,247,247,0.4898785425101215,16.343085871093564,-18.451893441881634,-1.4065796893715161,-0.14065796893715163,0.8505658656068136,-34.742518327476446,56.39668204265956,25.0,0,,,-4.732919550987798,1.7808185213156082,-1.8064869825533012,0.3999072931817851,0.4352823588205897,-0.08890959780475123,-1.317670091566765,0.7656171914042978
LAST30_ROD_SPY,QQQ,False,Y2025,quoted,0.25,,247,247,0.4777327935222672,16.25071942150172,-18.515581976836955,-1.9065796893715163,-0.19065796893715165,0.8028372631953814,-47.09251832747645,60.94119171353949,25.0,0,,,-5.232919550987798,1.2808185213156082,-2.3064869825533014,0.3999072931817851,0.4352823588205897,-0.5889095978047512,-1.3176700915667652,0.7656171914042978
LAST30_ROD_SPY,QQQ,False,Y2025,low,0.5,,247,247,0.46153846153846156,16.314959927633616,-18.453613646804488,-2.4065796893715166,-0.24065796893715163,0.7578055785818772,-59.442518327476506,66.74119171353951,25.0,0,,,-5.7329195509877975,0.7808185213156079,-2.8064869825533014,0.39990729318178486,0.4352823588205897,-1.0889095978047507,-1.3176700915667658,0.7656171914042978
LAST30_ROD_SPY,QQQ,False,Y2025,realistic,1.5,,247,247,0.41295546558704455,16.111556337269626,-18.84002710121563,-4.406579689371515,-0.44065796893715153,0.6015727294880389,-108.84251832747644,112.02551452424103,25.0,0,,,-7.7329195509877975,-1.2191814786843918,-4.806486982553301,0.3999072931817862,0.4352823588205897,-3.0889095978047507,-1.3176700915667645,0.7656171914042978
LAST30_ROD_SPY,QQQ,False,Y2025,pessimistic,4.0,,247,247,0.2874493927125506,17.038847450219183,-20.074905410456395,-9.406579689371515,-0.9406579689371516,0.34239892141416234,-232.34251832747648,232.34251832747648,25.0,0,,,-12.732919550987795,-6.2191814786843915,-9.8064869825533,0.3999072931817853,0.4352823588205897,-8.08890959780475,-1.3176700915667645,0.7656171914042978
LAST30_ROD_SPY,QQQ,False,Y2025,opt_bach,200.0,0.01,247,247,0.19838056680161945,9649.755169534821,-7072.899173717621,-3755.4495266756394,-375.5449526675639,0.33763675476213006,-92759.60330888836,92759.60330888836,25.0,0,,,-4771.705466871007,-2636.67858882287,-1128.5545795853589,-2626.8949470902808,1.0,-3695.584325269205,-59.86520140643461,0.552223888055972
LAST30_ROD_SPY,QQQ,False,Y2025,opt_bach_pess,500.0,0.02,247,247,0.1700404858299595,10628.54057460553,-7413.9696743667355,-4346.012466039469,-434.60124660394683,0.29370967915314833,-107346.50791117494,107346.50791117494,25.0,0,,,-5360.3910130569875,-3226.2540640116417,-1727.832822608104,-2618.1796434313646,1.0,-4286.147264633033,-59.86520140643552,0.552223888055972
LAST30_ROD_SPY,QQQ,False,Y2025,opt_delta_no_decay,200.0,0.01,247,247,0.4574898785425101,5226.15264421601,-4872.893762335932,-252.68224840731077,-25.26822484073108,0.9044171568904891,-6241.251535660579,11317.429313592162,25.0,0,,,-1067.3899149147408,577.0085402518747,-550.2386414097762,297.55639300246537,0.2613693153423288,-149.80396534699813,-102.87828306031264,0.5872063968015993
LAST30_ROD_SPY,QQQ,False,Y2026,gross,0.0,,184,184,0.5163043478260869,14.368193897278752,-14.432534151552767,0.4374069606156813,0.04374069606156813,1.0626571897519812,8.048288075328536,20.51972246241285,25.0,0,,,-2.4941737255158487,3.3053354777833777,0.10229096958543717,0.33511599103024414,0.4642678660669665,-0.16941803456642834,0.6068249951821096,0.39930034982508744
LAST30_ROD_SPY,QQQ,False,Y2026,quoted,0.25,,184,184,0.5054347826086957,14.169776427592511,-14.6077618353057,-0.06259303938431864,-0.006259303938431863,0.9913359930569231,-1.1517119246714684,27.12509557445983,25.0,0,,,-2.994173725515849,2.8053354777833777,-0.39770903041456285,0.3351159910302442,0.4642678660669665,-0.6694180345664283,0.6068249951821097,0.39930034982508744
LAST30_ROD_SPY,QQQ,False,Y2026,low,0.5,,184,184,0.4891304347826087,14.135412958648358,-14.635151973670924,-0.5625930393843185,-0.05625930393843184,0.9247533642688297,-10.35171192467145,33.87509557445982,25.0,0,,,-3.494173725515849,2.3053354777833777,-0.8977090304145626,0.33511599103024414,0.4642678660669665,-1.1694180345664282,0.6068249951821097,0.39930034982508744
LAST30_ROD_SPY,QQQ,False,Y2026,realistic,1.5,,184,184,0.45652173913043476,13.057925305557562,-15.6838284491355,-2.562593039384319,-0.25625930393843194,0.6993609559197231,-47.15171192467145,60.87509557445982,25.0,0,,,-5.494173725515849,0.3053354777833772,-2.897709030414563,0.33511599103024414,0.4642678660669665,-3.169418034566428,0.6068249951821088,0.39930034982508744
LAST30_ROD_SPY,QQQ,False,Y2026,pessimistic,4.0,,184,184,0.3695652173913043,10.403978050037077,-18.094720919389967,-7.562593039384319,-0.7562593039384318,0.33705320527873095,-139.15171192467153,141.01331675811224,25.0,0,,,-10.494173725515848,-4.694664522216622,-7.897709030414562,0.3351159910302437,0.4642678660669665,-8.169418034566428,0.6068249951821096,0.39930034982508744
LAST30_ROD_SPY,QQQ,False,Y2026,opt_bach,200.0,0.01,184,184,0.16847826086956522,7142.071369913632,-6263.046994480065,-4004.5759656963446,-400.45759656963446,0.2310514925516225,-73684.19776881277,74259.29153464617,25.0,0,,,-4989.654465507545,-2955.7135973521913,-897.7587751684521,-3106.8171905278923,1.0,-4230.323173201622,225.7472075052774,0.3843078460769615
LAST30_ROD_SPY,QQQ,False,Y2026,opt_bach_pess,500.0,0.02,184,184,0.14673913043478262,7546.623061324718,-6693.824876403773,-4604.1939290197015,-460.4193929019702,0.19388420221024055,-84717.1682939625,85177.54489993164,25.0,0,,,-5588.845848674441,-3555.2000489043976,-1497.758775168452,-3106.435153851249,1.0,-4829.941136524978,225.7472075052765,0.3843078460769615
LAST30_ROD_SPY,QQQ,False,Y2026,opt_delta_no_decay,200.0,0.01,184,184,0.483695652173913,4513.2399254197335,-4218.91964601605,4.78797277625812,0.478797277625812,1.0021980857778763,88.09869908314647,7736.869182391221,25.0,0,,,-826.9220928079133,857.0256477353406,-246.07985379401967,250.8678265702778,0.32083958020989506,-170.2741160582182,175.06208883447633,0.3983008495752124
LAST30_ROD_SPY,SPY,True,all,gross,0.0,,513,513,0.4873294346978557,11.836180744945159,-12.874309422035243,-0.8321602178537596,-0.08321602178537596,0.8739204575796141,-42.689819175897824,60.727315671541085,25.0,0,,,-2.4928802675095443,0.7366171807704833,0.04662490102867523,-0.8787851188824348,0.7661169415292354,-0.3940478467751129,-0.4381123710786467,0.632183908045977
LAST30_ROD_SPY,SPY,True,all,quoted,0.25,,513,513,0.47953216374269003,11.523789991511421,-13.176968275920554,-1.3321602178537595,-0.13321602178537595,0.8057562456125243,-68.33981917589792,81.29440778308752,25.0,0,,,-2.9928802675095443,0.2366171807704833,-0.4533750989713249,-0.8787851188824346,0.7661169415292354,-0.8940478467751131,-0.4381123710786464,0.632183908045977
LAST30_ROD_SPY,SPY,True,all,low,0.5,,513,513,0.46393762183235865,11.402793724924521,-13.286411266512781,-1.8321602178537597,-0.18321602178537597,0.7427588580664686,-93.98981917589795,104.34440778308755,25.0,0,,,-3.4928802675095447,-0.26338281922951673,-0.9533750989713249,-0.8787851188824348,0.7661169415292354,-1.3940478467751127,-0.438112371078647,0.632183908045977
LAST30_ROD_SPY,SPY,True,all,realistic,1.5,,513,513,0.37816764132553604,11.734033373170114,-13.298748169761694,-3.83216021785376,-0.383216021785376,0.5365962135962329,-196.5898191758981,203.06432448488016,25.0,0,,,-5.492880267509544,-2.2633828192295167,-2.9533750989713248,-0.8787851188824352,0.7661169415292354,-3.394047846775113,-0.43811237107864676,0.632183908045977
LAST30_ROD_SPY,SPY,True,all,pessimistic,4.0,,513,513,0.23196881091617932,12.401865131532775,-15.245482594952739,-8.83216021785376,-0.883216021785376,0.24569514071949689,-453.08981917589773,456.34015686334254,25.0,0,,,-10.492880267509543,-7.263382819229516,-7.953375098971324,-0.878785118882436,0.7661169415292354,-8.394047846775113,-0.4381123710786472,0.632183908045977
LAST30_ROD_SPY,SPY,True,all,opt_bach,200.0,0.01,513,513,0.1949317738791423,9852.325161133609,-6967.878173717293,-3689.0861006469418,-368.9086100646942,0.3423640349326546,-189250.11696318781,192086.3257432628,25.0,0,,,-4418.506195612017,-2907.6003306943035,-734.9065852591555,-2954.1795153877865,1.0,-3914.114640817827,225.0285401708852,0.31584207896051975
LAST30_ROD_SPY,SPY,True,all,opt_bach_pess,500.0,0.02,513,513,0.18323586744639375,9870.02380124704,-7454.818431324447,-4280.285936467293,-428.0285936467293,0.2970263375868914,-219578.668540772,222294.87732084698,25.0,0,,,-5009.995560824781,-3498.563186621469,-1334.7202057318887,-2945.5657307354045,1.0,-4505.314476638178,225.0285401708852,0.31584207896051975
LAST30_ROD_SPY,SPY,True,all,opt_delta_no_decay,200.0,0.01,513,513,0.4619883040935672,5253.9218081298095,-4864.1560606459525,-189.72242536358243,-18.972242536358245,0.9275030976090122,-9732.760421151785,17310.906793431586,25.0,0,,,-764.7969527212883,401.4732258979564,-222.05889275190577,32.33646738832334,0.4427786106946527,-336.2596918640646,146.5372665004822,0.3583208395802099
LAST30_ROD_SPY,SPY,True,IS,gross,0.0,,257,257,0.5058365758754864,12.840816216957224,-15.779119913185403,-1.3021094193389364,-0.13021094193389365,0.8330085997574154,-33.46421207701066,59.06748333323097,25.0,0,,,-4.073864740442122,1.2827066478614002,1.193685947627543,-2.4957953669664796,0.8985507246376812,-0.731626932648236,-0.5704824866907005,0.6036981509245377
LAST30_ROD_SPY,SPY,True,IS,quoted,0.25,,257,257,0.4980544747081712,12.537287259673077,-16.030347984560155,-1.8021094193389364,-0.18021094193389364,0.7760342444421123,-46.314212077010694,69.767483333231,25.0,0,,,-4.573864740442122,0.7827066478614003,0.693685947627543,-2.4957953669664796,0.8985507246376812,-1.231626932648236,-0.5704824866907003,0.6036981509245377
LAST30_ROD_SPY,SPY,True,IS,low,0.5,,257,257,0.4708171206225681,12.746673609138789,-15.691100202028679,-2.302109419338936,-0.23021094193389363,0.7227530475535132,-59.16421207701074,80.46748333323103,25.0,0,,,-5.073864740442122,0.28270664786140015,0.1936859476275432,-2.4957953669664796,0.8985507246376812,-1.731626932648236,-0.5704824866907001,0.6036981509245377
LAST30_ROD_SPY,SPY,True,IS,realistic,1.5,,257,257,0.3968871595330739,12.912063679175793,-15.63014590997444,-4.302109419338937,-0.43021094193389364,0.5436271027925398,-110.56421207701058,123.26748333323093,25.0,0,,,-7.073864740442123,-1.7172933521386,-1.8063140523724566,-2.49579536696648,0.8985507246376812,-3.731626932648236,-0.5704824866907008,0.6036981509245377
LAST30_ROD_SPY,SPY,True,IS,pessimistic,4.0,,257,257,0.245136186770428,14.277136923480775,-16.959287355409256,-9.302109419338937,-0.9302109419338936,0.27338352894808615,-239.06421207701075,243.17302401501414,25.0,0,,,-12.073864740442122,-6.7172933521386,-6.806314052372456,-2.4957953669664805,0.8985507246376812,-8.731626932648235,-0.5704824866907021,0.6036981509245377
LAST30_ROD_SPY,SPY,True,IS,opt_bach,200.0,0.01,257,257,0.19455252918287938,10642.029846983023,-6877.951697355367,-3469.3949766669643,-346.9394976666964,0.3737360661271825,-89163.45090034096,94595.08757035474,25.0,0,,,-4504.25295353877,-2358.726714371035,-296.2883002114083,-3173.106676455556,1.0,-3979.651860334663,510.25688366769873,0.25087456271864067
LAST30_ROD_SPY,SPY,True,IS,opt_bach_pess,500.0,0.02,257,257,0.1867704280155642,10486.627977526716,-7395.0687301645985,-4055.296582424587,-405.5296582424587,0.32567813159917297,-104221.12216831197,109001.65223166392,25.0,0,,,-5091.48886766123,-2944.884116393565,-895.9939224330508,-3159.3026599915365,1.0,-4565.553466092286,510.25688366769873,0.25087456271864067
LAST30_ROD_SPY,SPY,True,IS,opt_delta_no_decay,200.0,0.01,257,257,0.4669260700389105,5458.751553864049,-4927.378401156709,-77.82355834545962,-7.782355834545962,0.9703716323552974,-2000.065449478318,14652.620221918187,25.0,0,,,-905.4029578818519,713.996483090365,106.25150584389941,-184.075064189359,0.63968015992004,-511.61878784169585,433.79522949623623,0.24287856071964017
LAST30_ROD_SPY,SPY,True,OOS,gross,0.0,,256,256,0.46875,10.747825650265423,-10.161729036917079,-0.3603752773002814,-0.03603752773002814,0.9332442873954773,-9.225607098887192,21.098822040685135,25.0,0,,,-2.126164557974929,1.3785194005277837,-1.1049168527834696,0.7445415754831882,0.2783608195902049,-0.05515009259779802,-0.3052251847024834,0.5922038980509745
LAST30_ROD_SPY,SPY,True,OOS,quoted,0.25,,256,256,0.4609375,10.424403124353015,-10.509678548279187,-0.8603752773002814,-0.08603752773002814,0.848134414568946,-22.02560709888724,28.365914152231547,25.0,0,,,-2.626164557974929,0.8785194005277838,-1.6049168527834694,0.744541575483188,0.2783608195902049,-0.5551500925977981,-0.3052251847024833,0.5922038980509745
LAST30_ROD_SPY,SPY,True,OOS,low,0.5,,256,256,0.45703125,10.012969229284122,-10.933622092195067,-1.3603752773002815,-0.13603752773002817,0.7708500130601119,-34.82560709888724,38.339926373883884,25.0,0,,,-3.126164557974929,0.3785194005277836,-2.10491685278347,0.7445415754831883,0.2783608195902049,-1.055150092597798,-0.3052251847024836,0.5922038980509745
LAST30_ROD_SPY,SPY,True,OOS,realistic,1.5,,256,256,0.359375,10.42795629477251,-11.095292988463065,-3.3603752773002817,-0.33603752773002815,0.527235211098312,-86.02560709888719,87.65984307567629,25.0,0,,,-5.12616455797493,-1.6214805994722163,-4.10491685278347,0.7445415754831881,0.2783608195902049,-3.055150092597798,-0.3052251847024836,0.5922038980509745
LAST30_ROD_SPY,SPY,True,OOS,pessimistic,4.0,,256,256,0.21875,10.292184365591277,-13.583091977309916,-8.360375277300282,-0.8360375277300282,0.21216168065264696,-214.0256070988874,215.15984307567652,25.0,0,,,-10.12616455797493,-6.621480599472217,-9.10491685278347,0.7445415754831881,0.2783608195902049,-8.055150092597797,-0.3052251847024845,0.5922038980509745
LAST30_ROD_SPY,SPY,True,OOS,opt_bach,200.0,0.01,256,256,0.1953125,9062.6204752842,-7058.241186372239,-3909.635393079966,-390.9635393079966,0.31164494182360253,-100086.66606284714,101106.16470392283,25.0,0,,,-4934.099369047823,-2846.448184994874,-1175.2382229828704,-2734.3971700970956,1.0,-3848.321416537253,-61.313976542713135,0.5307346326836582
LAST30_ROD_SPY,SPY,True,OOS,opt_bach_pess,500.0,0.02,256,256,0.1796875,9226.610747737821,-7514.28361009782,-4506.154155174228,-450.61541551742283,0.26896337974989365,-115357.5463724603,116317.04501353599,25.0,0,,,-5530.451036104547,-3442.7014499117927,-1775.1602635748627,-2730.9938915993657,1.0,-4444.840178631515,-61.313976542713135,0.5307346326836582
LAST30_ROD_SPY,SPY,True,OOS,opt_delta_no_decay,200.0,0.01,256,256,0.45703125,5043.840017633153,-4801.843394099378,-302.0583973309947,-30.20583973309947,0.8841467859090364,-7732.694971673465,12371.284182395144,25.0,0,,,-1100.3050777030883,468.9546041663174,-551.6517538422258,249.59335651123115,0.2893553223388306,-160.21559941777087,-141.84279791322382,0.592703648175912
LAST30_ROD_SPY,SPY,True,Y2024,gross,0.0,,82,82,0.4878048780487805,10.246547455078387,-11.53446547083484,-0.9095811167308275,-0.09095811167308275,0.8460397795250298,-7.458565157192787,18.833086753747065,25.0,0,,,-4.469047323284121,2.346935357628281,3.0662327911655414,-3.975813907896369,0.9430284857571214,-2.156938575998995,1.2473574592681675,0.3408295852073963
LAST30_ROD_SPY,SPY,True,Y2024,quoted,0.25,,82,82,0.47560975609756095,10.004832120727746,-11.762188471635115,-1.4095811167308274,-0.14095811167308275,0.7714678339722431,-11.558565157192788,22.183086753747066,25.0,0,,,-4.969047323284121,1.8469353576282814,2.5662327911655414,-3.975813907896369,0.9430284857571214,-2.6569385759989945,1.247357459268167,0.3408295852073963
LAST30_ROD_SPY,SPY,True,Y2024,low,0.5,,82,82,0.43902439024390244,10.315575727356295,-11.477095168625098,-1.9095811167308274,-0.19095811167308274,0.7034061446973825,-15.658565157192777,25.533086753747057,25.0,0,,,-5.469047323284121,1.3469353576282816,2.0662327911655414,-3.975813907896369,0.9430284857571214,-3.156938575998994,1.2473574592681667,0.3408295852073963
LAST30_ROD_SPY,SPY,True,Y2024,realistic,1.5,,82,82,0.32926829268292684,11.442799041957027,-11.446204103723048,-3.909581116730827,-0.3909581116730827,0.49076305334406944,-32.0585651571928,39.377142846884574,25.0,0,,,-7.469047323284121,-0.6530646423717181,0.06623279116554137,-3.9758139078963683,0.9430284857571214,-5.1569385759989945,1.2473574592681675,0.3408295852073963
LAST30_ROD_SPY,SPY,True,Y2024,pessimistic,4.0,,82,82,0.21951219512195122,10.724638566624046,-14.431705402674385,-8.909581116730827,-0.8909581116730827,0.2090054163871757,-73.05856515719276,77.15297522534729,25.0,0,,,-12.469047323284121,-5.653064642371717,-4.933767208834458,-3.9758139078963692,0.9430284857571214,-10.156938575998996,1.2473574592681693,0.3408295852073963
LAST30_ROD_SPY,SPY,True,Y2024,opt_bach,200.0,0.01,82,82,0.2073170731707317,10587.948627434796,-7110.242845087292,-3441.1055885888104,-344.11055885888106,0.38946008669462895,-28217.065826428236,33081.92772555316,25.0,0,,,-5436.7730192951285,-1213.134409663023,1034.9395088548054,-4476.045097443615,1.0,-4214.785284191735,773.6796956029243,0.3078460769615192
LAST30_ROD_SPY,SPY,True,Y2024,opt_bach_pess,500.0,0.02,82,82,0.18292682926829268,11393.46553430906,-7462.126937259318,-4012.9331924602234,-401.29331924602235,0.34182959997018414,-32906.05217817383,37240.41047503319,25.0,0,,,-6011.036094391346,-1777.1106956233873,435.6377748588294,-4448.570967319053,1.0,-4786.612888063149,773.6796956029252,0.3078460769615192
LAST30_ROD_SPY,SPY,True,Y2024,opt_delta_no_decay,200.0,0.01,82,82,0.43902439024390244,5670.67212263751,-4609.030692215702,-95.99043203624336,-9.599043203624337,0.9628743242833653,-787.1215426971961,6307.194491323542,25.0,0,,,-1637.9369835267287,1403.8556288335744,1035.8554571894956,-1131.845889225739,0.8905547226386806,-778.3538448072728,682.3634127710295,0.30134932533733133
LAST30_ROD_SPY,SPY,True,Y2025,gross,0.0,,247,247,0.5060728744939271,12.913485911705946,-15.912604075662099,-1.3245018553341417,-0.13245018553341417,0.8314811695388189,-32.71519582675331,47.12381228198803,25.0,0,,,-4.149171610195062,1.3592734123393544,-0.15414108451932254,-1.1703607708148192,0.7321339330334833,-0.24791095507761787,-1.0765909002565237,0.6991504247876063
LAST30_ROD_SPY,SPY,True,Y2025,quoted,0.25,,247,247,0.5020242914979757,12.514724560417026,-16.280307347636132,-1.8245018553341417,-0.18245018553341416,0.774952832225393,-45.065195826753346,52.27381228198805,25.0,0,,,-4.649171610195062,0.8592734123393544,-0.6541410845193224,-1.1703607708148192,0.7321339330334833,-0.747910955077618,-1.0765909002565237,0.6991504247876063
LAST30_ROD_SPY,SPY,True,Y2025,low,0.5,,247,247,0.48582995951417,12.422735912357552,-16.25889974606645,-2.324501855334142,-0.2324501855334142,0.7219441886124291,-57.415195826753305,60.93747028541218,25.0,0,,,-5.149171610195062,0.35927341233935434,-1.1541410845193225,-1.1703607708148194,0.7321339330334833,-1.247910955077618,-1.076590900256524,0.6991504247876063
LAST30_ROD_SPY,SPY,True,Y2025,realistic,1.5,,247,247,0.4089068825910931,12.528287351026647,-15.982938224117975,-4.324501855334143,-0.43245018553341424,0.5422550471876066,-106.81519582675331,107.71072352739256,25.0,0,,,-7.149171610195062,-1.6407265876606463,-3.1541410845193223,-1.1703607708148205,0.7321339330334833,-3.2479109550776175,-1.0765909002565253,0.6991504247876063
LAST30_ROD_SPY,SPY,True,Y2025,pessimistic,4.0,,247,247,0.24696356275303644,14.137129539800398,-17.018907850512672,-9.324501855334143,-0.9324501855334143,0.27242467502593054,-230.3151958267534,230.3151958267534,25.0,0,,,-12.149171610195063,-6.6407265876606445,-8.154141084519322,-1.1703607708148205,0.7321339330334833,-8.247910955077618,-1.0765909002565248,0.6991504247876063
LAST30_ROD_SPY,SPY,True,Y2025,opt_bach,200.0,0.01,247,247,0.19433198380566802,10164.806126443802,-6911.555163821124,-3593.0719981016236,-359.3071998101624,0.3547410785123591,-88748.87835311006,88748.87835311006,25.0,0,,,-4650.023649647931,-2433.185084145617,-1003.5727300434238,-2589.4992680582,1.0,-3922.024726929672,328.9527288280483,0.3098450774612694
LAST30_ROD_SPY,SPY,True,Y2025,opt_bach_pess,500.0,0.02,247,247,0.19433198380566802,9571.76051075545,-7502.820382203055,-4184.683204624073,-418.46832046240735,0.30771979558907553,-103361.6751542146,103361.6751542146,25.0,0,,,-5241.958712152997,-3024.798289605764,-1603.4982471417725,-2581.184957482301,1.0,-4513.635933452122,328.95272882804875,0.3098450774612694
LAST30_ROD_SPY,SPY,True,Y2025,opt_delta_no_decay,200.0,0.01,247,247,0.4817813765182186,5236.156070321773,-5233.077342461876,-189.1956577604421,-18.91956577604421,0.9302344544246983,-4673.132746682919,12095.679303572077,25.0,0,,,-1030.0356152334518,658.806643457673,-447.05199645733035,257.85633869688826,0.29535232383808097,-380.6448330859689,191.44917532552682,0.37031484257871067
LAST30_ROD_SPY,SPY,True,Y2026,gross,0.0,,184,184,0.46195652173913043,10.999971165528368,-9.698566979691204,-0.1367422930408575,-0.013674229304085751,0.9737953769202681,-2.5160581919517737,21.051399238157686,25.0,0,,,-2.1977646054110633,1.9279645754740797,-1.0295634063673442,0.8928211133264867,0.24887556221889057,0.19541534641552377,-0.33215763945638127,0.6011994002998501
LAST30_ROD_SPY,SPY,True,Y2026,quoted,0.25,,184,184,0.45108695652173914,10.757084815803811,-9.999986352784497,-0.6367422930408576,-0.06367422930408576,0.8839992655333593,-11.716058191951785,24.201399238157688,25.0,0,,,-2.6977646054110633,1.4279645754740802,-1.5295634063673444,0.8928211133264868,0.24887556221889057,-0.30458465358447634,-0.33215763945638127,0.6011994002998501
LAST30_ROD_SPY,SPY,True,Y2026,low,0.5,,184,184,0.44565217391304346,10.387510620296377,-10.401337772390399,-1.1367422930408575,-0.11367422930408574,0.8028528651544629,-20.916058191951763,27.39518235341635,25.0,0,,,-3.1977646054110638,0.9279645754740801,-2.0295634063673442,0.8928211133264867,0.24887556221889057,-0.8045846535844763,-0.3321576394563812,0.6011994002998501
LAST30_ROD_SPY,SPY,True,Y2026,realistic,1.5,,184,184,0.358695652173913,10.63772542134047,-10.841105590915157,-3.1367422930408573,-0.3136742293040857,0.5488290994695119,-57.71605819195182,59.350294168740916,25.0,0,,,-5.197764605411063,-1.0720354245259198,-4.029563406367345,0.8928211133264874,0.24887556221889057,-2.8045846535844765,-0.33215763945638077,0.6011994002998501
LAST30_ROD_SPY,SPY,True,Y2026,pessimistic,4.0,,184,184,0.21739130434782608,10.51033886313358,-13.316487058644867,-8.136742293040857,-0.8136742293040857,0.2192423993081073,-149.71605819195173,150.85029416874085,25.0,0,,,-10.197764605411063,-6.072035424525921,-9.029563406367345,0.8928211133264874,0.24887556221889057,-7.8045846535844765,-0.33215763945638077,0.6011994002998501
LAST30_ROD_SPY,SPY,True,Y2026,opt_bach,200.0,0.01,184,184,0.19021739130434784,9066.477010790491,-6980.996128954125,-3928.4876512853116,-392.84876512853117,0.305072417404399,-72284.17278364976,73303.67142472544,25.0,0,,,-5105.429242720918,-2646.83452414435,-1162.9872480614954,-2765.500403223816,1.0,-3769.501684153228,-158.98596713208372,0.6041979010494752
LAST30_ROD_SPY,SPY,True,Y2026,opt_bach_pess,500.0,0.02,184,184,0.16847826086956522,9594.70160601047,-7389.184064510858,-4527.768543933896,-452.77685439338956,0.26309055119417146,-83310.94120838371,84270.43984945939,25.0,0,,,-5704.65663622782,-3246.335213795809,-1762.8787827981798,-2764.889761135716,1.0,-4368.782576801811,-158.98596713208462,0.6041979010494752
LAST30_ROD_SPY,SPY,True,Y2026,opt_delta_no_decay,200.0,0.01,184,184,0.44565217391304346,5096.740240774678,-4516.252559423924,-232.20142020498187,-23.220142020498187,0.9072520536302507,-4272.506131771661,10753.799985750742,25.0,0,,,-1157.0534985194868,704.5068937557788,-480.6223714473136,248.4209512423317,0.31084457771114443,-79.65724391214388,-152.544176292838,0.6011994002998501
NOISE_MOM_SPY,QQQ,False,all,gross,0.0,,438,285,0.4155251141552511,49.086903130189,-25.59542210358783,5.436959614556877,0.5436959614556878,1.3634360102710306,238.13883111759137,68.14319112440688,115.14840182648402,0,,34.58401193990992,-0.1782889075602041,11.716442932230926,-1.636418998306797,7.073378612863674,0.10594702648675662,5.68569471950302,-0.24873510494614237,0.5442278860569715
NOISE_MOM_SPY,QQQ,False,all,quoted,0.25,,438,285,0.4041095890410959,49.96608052246318,-25.600030426437048,4.936959614556877,0.4936959614556878,1.323632923418007,216.238831117591,76.34319112440696,115.14840182648402,0,,30.224326120278427,-0.6782889075602047,11.216442932230926,-2.1364189983067967,7.073378612863674,0.10594702648675662,5.18569471950302,-0.24873510494614237,0.5442278860569715
NOISE_MOM_SPY,QQQ,False,all,low,0.5,,438,285,0.3881278538812785,51.51760874535274,-25.427631251992725,4.436959614556877,0.44369596145568774,1.28517988366415,194.33883111759135,84.54319112440683,115.14840182648402,0,,25.86464030064691,-1.178288907560205,10.716442932230926,-2.6364189983067963,7.0733786128636735,0.10594702648675662,4.68569471950302,-0.24873510494614237,0.5442278860569715
NOISE_MOM_SPY,QQQ,False,all,realistic,1.5,,438,285,0.3698630136986301,52.00844386318756,-26.659346357465477,2.4369596145568786,0.24369596145568784,1.1450654078941038,106.73883111759132,117.34319112440693,115.14840182648402,0,,8.425897022120864,-3.1782889075602045,8.716442932230926,-4.636418998306796,7.073378612863674,0.10594702648675662,2.685694719503019,-0.2487351049461406,0.5442278860569715
NOISE_MOM_SPY,QQQ,False,all,pessimistic,4.0,,438,285,0.319634703196347,54.80094097911687,-29.512561831880703,-2.563040385443121,-0.2563040385443121,0.8723542422490682,-112.26116888240875,229.77879702761518,115.14840182648402,0,,-35.17096117419425,-8.178288907560205,3.716442932230926,-9.636418998306796,7.073378612863675,0.10594702648675662,-2.314305280496979,-0.24873510494614193,0.5442278860569715
NOISE_MOM_SPY,QQQ,False,all,opt_bach,200.0,0.01,438,285,0.18036529680365296,12772.030003301852,-4504.562193079876,-1388.4645138238104,-138.84645138238105,0.623935915181511,-60814.745705482914,66368.55390198174,115.14840182648402,0,,-12359.065567185798,-2380.6479405978016,-269.7267385372035,-1073.3678170725727,-315.0966967512377,0.7136431784107946,-1465.5371331502686,77.07261932645815,0.4542728635682159
NOISE_MOM_SPY,QQQ,False,all,opt_bach_pess,500.0,0.02,438,285,0.16210045662100456,13582.124955339716,-4999.833273772744,-1987.6893599211808,-198.7689359921181,0.5255384352866581,-87060.79396454764,91461.24256706017,115.14840182648402,0,,-17577.455110116498,-2979.8825802460824,-869.5056214880074,-1673.2731789667178,-314.416180954463,0.7131434282858571,-2064.761979247639,77.07261932645815,0.4542728635682159
NOISE_MOM_SPY,QQQ,False,all,opt_delta_no_decay,200.0,0.01,438,285,0.363013698630137,6376.442035307853,-3317.8971104900993,201.280798600938,20.1280798600938,1.0952377967682587,8816.098978721093,15924.300422916673,115.14840182648402,0,,1177.5731063468877,-436.0329318410901,878.2331361556858,67.1671932107504,134.11360539018762,0.36931534232883556,370.4437868458265,-169.16298824488848,0.6761619190404797
NOISE_MOM_SPY,QQQ,False,IS,gross,0.0,,216,135,0.4351851851851852,51.329736074608086,-25.508095453047925,7.930590489543125,0.7930590489543125,1.5504544815092525,171.30075457413153,52.80205451576322,113.6574074074074,0,,20.71145205015477,-0.8513590083195889,19.459650476935927,-3.9000483610247194,11.830638850567844,0.10694652673663169,11.638941757902815,-3.7083512683596904,0.7731134432783608
NOISE_MOM_SPY,QQQ,False,IS,quoted,0.25,,216,135,0.41203703703703703,53.698596334772446,-24.993445102782932,7.430590489543125,0.7430590489543125,1.505646766138267,160.5007545741314,55.58933378552902,113.6574074074074,0,,18.560905155005344,-1.3513590083195886,18.959650476935927,-4.400048361024719,11.830638850567844,0.10694652673663169,11.138941757902817,-3.708351268359692,0.7731134432783608
NOISE_MOM_SPY,QQQ,False,IS,low,0.5,,216,135,0.3888888888888889,56.39073852364488,-24.544049168521628,6.930590489543125,0.6930590489543125,1.462065822055193,149.70075457413162,58.38933378552892,113.6574074074074,0,,16.410358259855894,-1.851359008319589,18.459650476935927,-4.900048361024719,11.830638850567844,0.10694652673663169,10.638941757902817,-3.708351268359692,0.7731134432783608
NOISE_MOM_SPY,QQQ,False,IS,realistic,1.5,,216,135,0.36574074074074076,57.879946531795305,-25.602249855989154,4.930590489543126,0.4930590489543126,1.3036365065518825,106.50075457413153,69.58933378552899,113.6574074074074,0,,7.8081706792581365,-3.8513590083195886,16.459650476935924,-6.900048361024719,11.830638850567844,0.10694652673663169,8.638941757902817,-3.7083512683596913,0.7731134432783608
NOISE_MOM_SPY,QQQ,False,IS,pessimistic,4.0,,216,135,0.32407407407407407,59.97889551518905,-28.85969274193095,-0.06940951045687273,-0.006940951045687272,0.996441817874294,-1.49924542586851,99.59294206969554,113.6574074074074,0,,-13.697298272236269,-8.85135900831959,11.459650476935927,-11.90004836102472,11.830638850567846,0.10694652673663169,3.6389417579028165,-3.708351268359689,0.7731134432783608
NOISE_MOM_SPY,QQQ,False,IS,opt_bach,200.0,0.01,216,135,0.18518518518518517,12830.096476984994,-4374.425676063925,-1188.4030551289397,-118.84030551289396,0.6665860237269644,-25669.505990785103,29938.462880300787,113.6574074074074,0,,-6340.429805500773,-2621.5634215935293,442.5306653425192,-1257.5021236907526,69.09906856181283,0.5037481259370314,-1058.6927185224677,-129.71033660647208,0.6066966516741629
NOISE_MOM_SPY,QQQ,False,IS,opt_bach_pess,500.0,0.02,216,135,0.14814814814814814,15373.26127023979,-4772.074504276906,-1787.5803154596176,-178.75803154596176,0.5602617170577889,-38611.734813927724,42580.69170344341,113.6574074074074,0,,-8914.313419680646,-3220.4540537369257,-157.02118612620467,-1857.5021236907521,69.92180823113449,0.5037481259370314,-1657.8699788531458,-129.71033660647186,0.6066966516741629
NOISE_MOM_SPY,QQQ,False,IS,opt_delta_no_decay,200.0,0.01,216,135,0.37037037037037035,6370.549341703595,-3189.8573984067,351.0339868193354,35.10339868193354,1.1747804047854222,7582.3341152976445,10101.172954003821,113.6574074074074,0,,727.7031234471663,-563.5644400480995,1346.266897252732,56.95803324401219,294.0759535753232,0.3333333333333333,732.9800237026551,-381.9460368833197,0.775112443778111
NOISE_MOM_SPY,QQQ,False,OOS,gross,0.0,,222,150,0.3963963963963964,46.69114975774131,-25.674928457064464,3.0107241686243125,0.30107241686243125,1.194271862073573,66.83807654345974,45.18238678486375,116.59909909909909,0,,13.872559889755152,-3.751912217487597,9.664904750990264,0.5660311924457756,2.444692976178537,0.3313343328335832,-0.10665375029137635,3.1173779189156887,0.26436781609195403
NOISE_MOM_SPY,QQQ,False,OOS,quoted,0.25,,222,150,0.3963963963963964,46.19114975774131,-26.174928457064464,2.5107241686243125,0.25107241686243126,1.1589138231199947,55.73807654345975,47.33220970762723,116.59909909909909,0,,11.663420965273083,-4.251912217487598,9.164904750990264,0.0660311924457756,2.444692976178537,0.3313343328335832,-0.6066537502913769,3.1173779189156896,0.26436781609195403
NOISE_MOM_SPY,QQQ,False,OOS,low,0.5,,222,150,0.38738738738738737,46.75780756655575,-26.285225627126447,2.010724168624313,0.20107241686243127,1.1248690635990302,44.638076543459746,50.582209707627214,116.59909909909909,0,,9.45428204079102,-4.751912217487598,8.664904750990265,-0.4339688075542254,2.4446929761785383,0.3313343328335832,-1.106653750291377,3.1173779189156896,0.26436781609195403
NOISE_MOM_SPY,QQQ,False,OOS,realistic,1.5,,222,150,0.3738738738738739,46.4199051786091,-27.701232837337827,0.01072416862431303,0.0010724168624313029,1.0006183049318624,0.23807654345972673,63.58220970762723,116.59909909909909,0,,0.6177263428627278,-6.751912217487596,6.6649047509902655,-2.4339688075542245,2.4446929761785374,0.3313343328335832,-3.1066537502913767,3.1173779189156896,0.26436781609195403
NOISE_MOM_SPY,QQQ,False,OOS,pessimistic,4.0,,222,150,0.3153153153153153,49.622986443044695,-30.13965977354297,-4.989275831375687,-0.4989275831375687,0.7582265790918713,-110.7619234565402,131.43054421757458,116.59909909909909,0,,-21.47366290195798,-11.751912217487595,1.6649047509902655,-7.4339688075542245,2.444692976178538,0.3313343328335832,-8.106653750291375,3.1173779189156887,0.26436781609195403
NOISE_MOM_SPY,QQQ,False,OOS,opt_bach,200.0,0.01,222,150,0.17567567567567569,12712.474645678121,-4629.720810537841,-1583.1189060674687,-158.31189060674686,0.5851791110014265,-35145.239714697804,39228.95503705235,116.59909909909909,0,,-6018.6357616850255,-2948.7754341430127,82.81259543826273,-894.2101133359652,-688.9087927315036,0.8675662168915542,-1861.3857527881291,278.2668467206604,0.3698150924537731
NOISE_MOM_SPY,QQQ,False,OOS,opt_bach_pess,500.0,0.02,222,150,0.17567567567567569,12112.474645678121,-5228.836626708451,-2182.3900518297287,-218.23900518297287,0.49367521686392346,-48449.05915061994,50375.595443066035,116.59909909909909,0,,-8663.141690435852,-3548.035714583424,-516.8115520645127,-1494.0233949109008,-688.3666569188279,0.8675662168915542,-2460.6568985503886,278.26684672065994,0.3698150924537731
NOISE_MOM_SPY,QQQ,False,OOS,opt_delta_no_decay,200.0,0.01,222,150,0.35585585585585583,6382.409319970391,-3439.669144359626,55.574993847902704,5.557499384790271,1.02508301221876,1233.764863423445,9205.319150023584,116.59909909909909,0,,449.86998289972144,-904.4941529025668,1096.4706663225702,77.10042993514418,-21.525436087241474,0.526736631684158,17.705826660804206,37.8691671870985,0.47176411794102946
NOISE_MOM_SPY,QQQ,False,Y2024,gross,0.0,,66,44,0.4696969696969697,45.28083527537301,-22.4810710736642,9.346490999368429,0.9346490999368429,1.7839845148417282,61.68684059583162,15.39724067125659,126.51515151515152,0,,14.173629121101825,-1.1968880534276778,22.60140757782891,4.561075680134934,4.785415319233495,0.32983508245877063,5.294542741847406,4.0519482575210235,0.37231384307846077
NOISE_MOM_SPY,QQQ,False,Y2024,quoted,0.25,,66,44,0.4393939393939394,47.88343068697345,-21.750029296321987,8.846490999368429,0.8846490999368428,1.7255267095539548,58.386840595831615,15.647240671256583,126.51515151515152,0,,13.508066344227357,-1.696888053427678,22.10140757782891,4.061075680134934,4.785415319233495,0.32983508245877063,4.794542741847405,4.051948257521024,0.37231384307846077
NOISE_MOM_SPY,QQQ,False,Y2024,low,0.5,,66,44,0.4393939393939394,47.38343068697345,-22.250029296321987,8.34649099936843,0.834649099936843,1.6691377839503256,55.086840595831625,15.89724067125659,126.51515151515152,0,,12.842503567352884,-2.1968880534276787,21.60140757782891,3.5610756801349344,4.785415319233497,0.32983508245877063,4.294542741847405,4.051948257521026,0.37231384307846077
NOISE_MOM_SPY,QQQ,False,Y2024,realistic,1.5,,66,44,0.4090909090909091,48.81432615105647,-23.054317951800215,6.346490999368429,0.6346490999368428,1.4658656812076312,41.886840595831615,16.89724067125659,126.51515151515152,0,,10.180252459855001,-4.1968880534276805,19.60140757782891,1.5610756801349357,4.785415319233493,0.32983508245877063,2.2945427418474056,4.0519482575210235,0.37231384307846077
NOISE_MOM_SPY,QQQ,False,Y2024,pessimistic,4.0,,66,44,0.36363636363636365,49.53286714863586,-26.188581085927247,1.3464909993684286,0.13464909993684288,1.0807953061922844,8.886840595831629,24.818090784041093,126.51515151515152,0,,3.5246246911102945,-9.196888053427676,14.601407577828908,-3.438924319865065,4.785415319233493,0.32983508245877063,-2.7054572581525944,4.051948257521023,0.37231384307846077
NOISE_MOM_SPY,QQQ,False,Y2024,opt_bach,200.0,0.01,66,44,0.21212121212121213,13540.874094716128,-4128.291876508207,-380.2869735212261,-38.02869735212261,0.8830819277393144,-2509.894025240093,10906.57796903436,126.51515151515152,0,,-101.92143736479414,-2791.4882854699686,2787.7982338866295,-869.7183900043947,489.43141648316856,0.39980009995002497,-757.0602086634154,376.7732351421893,0.3828085957021489
NOISE_MOM_SPY,QQQ,False,Y2024,opt_bach_pess,500.0,0.02,66,44,0.16666666666666666,16527.38205962058,-4481.820780149587,-980.2869735212261,-98.0286973521226,0.7375298063154124,-6469.894025240095,13823.447900138028,126.51515151515152,0,,-900.5967696141588,-3391.4882854699686,2187.798233886629,-1469.718390004395,489.43141648316885,0.39980009995002497,-1357.0602086634153,376.77323514218926,0.3828085957021489
NOISE_MOM_SPY,QQQ,False,Y2024,opt_delta_no_decay,200.0,0.01,66,44,0.42424242424242425,6766.865201608348,-2968.6797810998423,1161.5514236854503,116.15514236854503,1.6795719204641983,7666.239396323969,2045.605051105208,126.51515151515152,0,,1899.9976618870492,-444.4754739006346,3092.4889911585783,482.3114085898342,679.2400150956162,0.28385807096451776,992.1638726577366,169.3875510277137,0.4577711144427786
NOISE_MOM_SPY,QQQ,False,Y2025,gross,0.0,,214,134,0.40186915887850466,52.959253542630144,-26.86239631801611,5.2154629717763035,0.5215462971776303,1.3246025430013642,111.6109075960128,59.377245763606425,109.34579439252336,0,,9.83756893544843,-3.871419106501032,16.581392836957413,-5.199112157414183,10.414575129190487,0.14792603698150925,7.8731645814961375,-2.657701609719834,0.7051474262868566
NOISE_MOM_SPY,QQQ,False,Y2025,quoted,0.25,,214,134,0.3878504672897196,54.36460350677241,-26.741626069480773,4.7154629717763035,0.47154629717763036,1.2880573790553513,100.9109075960129,64.02724576360635,109.34579439252336,0,,7.571794432758371,-4.371419106501032,16.081392836957413,-5.699112157414183,10.414575129190487,0.14792603698150925,7.3731645814961375,-2.657701609719834,0.7051474262868566
NOISE_MOM_SPY,QQQ,False,Y2025,low,0.5,,214,134,0.3644859813084112,57.34498786222479,-26.25588218598091,4.2154629717763035,0.42154629717763037,1.252635006636219,90.21090759601289,68.67724576360635,109.34579439252336,0,,5.306019930068308,-4.871419106501032,15.581392836957416,-6.199112157414183,10.414575129190487,0.14792603698150925,6.8731645814961375,-2.657701609719834,0.7051474262868566
NOISE_MOM_SPY,QQQ,False,Y2025,realistic,1.5,,214,134,0.34579439252336447,58.38578364656721,-27.47456367061318,2.2154629717763035,0.22154629717763036,1.1232592240704955,47.41090759601286,87.27724576360637,109.34579439252336,0,,-3.757078080691957,-6.871419106501033,13.581392836957416,-8.199112157414184,10.414575129190489,0.14792603698150925,4.8731645814961375,-2.657701609719834,0.7051474262868566
NOISE_MOM_SPY,QQQ,False,Y2025,pessimistic,4.0,,214,134,0.3037383177570093,61.14515373703664,-30.67332830165941,-2.784537028223698,-0.27845370282236975,0.8696174113469142,-59.58909240398711,148.50651635805252,109.34579439252336,0,,-26.414823107592632,-11.871419106501033,8.581392836957416,-13.199112157414184,10.414575129190487,0.14792603698150925,-0.12683541850386226,-2.657701609719836,0.7051474262868566
NOISE_MOM_SPY,QQQ,False,Y2025,opt_bach,200.0,0.01,214,134,0.1588785046728972,15480.705451416845,-4601.157589063924,-1410.5812181464191,-141.0581218146419,0.6355212129409349,-30186.43806833338,38894.70083764515,109.34579439252336,0,,-6955.676379399824,-2945.0823221259375,437.1500668988939,-948.2013039968735,-462.3799141495456,0.7336331834082959,-1457.0475564506448,46.4663383042257,0.5102448775612194
NOISE_MOM_SPY,QQQ,False,Y2025,opt_bach_pess,500.0,0.02,214,134,0.13551401869158877,17519.15591678089,-5070.164242489877,-2008.9946881961762,-200.89946881961762,0.5416483433842134,-42992.48632739818,45369.36123760796,109.34579439252336,0,,-9661.372342000792,-3541.646196913946,-162.35215386703877,-1548.007605443769,-460.9870827524071,0.7336331834082959,-2055.4610265004026,46.46633830422638,0.5102448775612194
NOISE_MOM_SPY,QQQ,False,Y2025,opt_delta_no_decay,200.0,0.01,214,134,0.34579439252336447,6646.6872642092885,-3563.465968475396,-32.852233808729395,-3.2852233808729396,0.9859078250195112,-703.037803506809,13773.398965321732,109.34579439252336,0,,-790.8181171747786,-1008.3930566025067,1118.3229678842267,72.1346250869086,-104.986858895638,0.5872063968015993,309.617557348118,-342.4697911568474,0.712143928035982
NOISE_MOM_SPY,QQQ,False,Y2026,gross,0.0,,158,107,0.41139240506329117,45.778687253717585,-25.02369722832447,4.103866007958654,0.4103866007958654,1.2786222751484357,64.84108292574676,33.39193193207934,118.25949367088607,0,,10.572813883359665,-2.794988729803013,11.154773316114907,0.6001739591098282,3.503692048848826,0.2703648175912044,2.886311681900131,1.217554326058523,0.4012993503248376
NOISE_MOM_SPY,QQQ,False,Y2026,quoted,0.25,,158,107,0.41139240506329117,45.278687253717585,-25.52369722832447,3.6038660079586546,0.3603866007958655,1.2398828443238004,56.94108292574676,34.54193193207934,118.25949367088607,0,,9.14446534329269,-3.294988729803013,10.654773316114905,0.1001739591098278,3.503692048848827,0.2703648175912044,2.386311681900131,1.2175543260585235,0.4012993503248376
NOISE_MOM_SPY,QQQ,False,Y2026,low,0.5,,158,107,0.3987341772151899,46.20579275451115,-25.47951699238668,3.103866007958655,0.3103866007958655,1.202602712480156,49.041082925746736,35.69193193207934,118.25949367088607,0,,7.716116803225717,-3.794988729803013,10.154773316114905,-0.3998260408901726,3.5036920488488277,0.2703648175912044,1.8863116819001309,1.2175543260585242,0.4012993503248376
NOISE_MOM_SPY,QQQ,False,Y2026,realistic,1.5,,158,107,0.3860759493670886,45.6857886870801,-26.93218846035483,1.1038660079586542,0.11038660079586542,1.0667621121397637,17.441082925746745,40.29193193207935,118.25949367088607,0,,2.0027226429578198,-5.794988729803014,8.154773316114905,-2.3998260408901735,3.5036920488488277,0.2703648175912044,-0.11368831809986855,1.2175543260585227,0.4012993503248376
NOISE_MOM_SPY,QQQ,False,Y2026,pessimistic,4.0,,158,107,0.3227848101265823,49.194273188269015,-29.20090750789021,-3.8961339920413454,-0.3896133992041345,0.8029797594999697,-61.55891707425322,82.22753783528759,118.25949367088607,0,,-12.28076275771192,-10.794988729803014,3.154773316114906,-7.399826040890173,3.5036920488488277,0.2703648175912044,-5.113688318099869,1.2175543260585235,0.4012993503248376
NOISE_MOM_SPY,QQQ,False,Y2026,opt_bach,200.0,0.01,158,107,0.1962025316455696,9454.004760859612,-4521.718769336554,-1779.6464311335092,-177.96464311335092,0.5103524945176466,-28118.413611909447,29403.264918892564,118.25949367088607,0,,-5301.467750421179,-2901.7615966575477,-560.0247849442713,-1327.9658929251004,-451.68053820840873,0.7496251874062968,-1772.9817308075583,-6.664700325950889,0.5027486256871564
NOISE_MOM_SPY,QQQ,False,Y2026,opt_bach_pess,500.0,0.02,158,107,0.1962025316455696,8854.00476085961,-5121.718769336554,-2379.646431133509,-237.96464311335092,0.42197040834492006,-37598.41361190945,38029.905324906285,118.25949367088607,0,,-7015.485998501547,-3501.7615966575477,-1160.0247849442712,-1927.9658929250995,-451.6805382084094,0.7496251874062968,-2372.9817308075585,-6.6647003259504345,0.5027486256871564
NOISE_MOM_SPY,QQQ,False,Y2026,opt_delta_no_decay,200.0,0.01,158,107,0.36075949367088606,5833.81053363908,-3108.8933322612706,117.27198644961524,11.727198644961524,1.059009804170323,1852.897385903922,6692.548006212953,118.25949367088607,0,,68.3935616346165,-744.5513433961395,1005.6573213227873,-112.97551967860015,230.24750612821538,0.3363318340829585,193.12282133268445,-75.85083488306921,0.5662168915542228
NOISE_MOM_SPY,SPY,True,all,gross,0.0,,482,309,0.3941908713692946,30.84151874770682,-19.205772383218672,0.5224129173536219,0.0522412917353622,1.044899997432732,25.18030261644462,80.30052393380466,105.11410788381743,0,,4.066282782007156,-2.8885985170970434,3.9801406209785783,0.34970539424484987,0.17270752310877208,0.4737631184407796,-0.12801431159061188,0.6504272289442339,0.4497751124437781
NOISE_MOM_SPY,SPY,True,all,quoted,0.25,,482,309,0.38589211618257263,31.00060868720281,-19.44361550559215,0.02241291735362172,0.002241291735362172,1.0018770536788553,1.0803026164445533,94.75052393380469,105.11410788381743,0,,-2.416071835831092,-3.3885985170970434,3.4801406209785783,-0.1502946057551499,0.17270752310877163,0.4737631184407796,-0.6280143115906119,0.6504272289442337,0.4497751124437781
NOISE_MOM_SPY,SPY,True,all,low,0.5,,482,309,0.36721991701244816,32.06750903447376,-19.364413353893145,-0.47758708264637834,-0.047758708264637836,0.9610241651674786,-23.01969738355547,109.78772270136285,105.11410788381743,0,,-8.898426453669346,-3.8885985170970434,2.9801406209785783,-0.65029460575515,0.17270752310877163,0.4737631184407796,-1.1280143115906123,0.6504272289442339,0.4497751124437781
NOISE_MOM_SPY,SPY,True,all,realistic,1.5,,482,309,0.34024896265560167,32.51765182116198,-20.52544613995635,-2.477587082646378,-0.24775870826463778,0.817039962488373,-119.41969738355539,174.1877227013628,105.11410788381743,0,,-34.827844925022326,-5.888598517097042,0.9801406209785783,-2.65029460575515,0.17270752310877224,0.4737631184407796,-3.1280143115906123,0.6504272289442343,0.4497751124437781
NOISE_MOM_SPY,SPY,True,all,pessimistic,4.0,,482,309,0.26556016597510373,36.07985737385106,-23.22717151889404,-7.477587082646379,-0.747758708264638,0.5616621948378742,-360.4196973835556,379.72502916631856,105.11410788381743,0,,-99.65139110340479,-10.888598517097043,-4.019859379021422,-7.65029460575515,0.17270752310877047,0.4737631184407796,-8.128014311590613,0.6504272289442339,0.4497751124437781
NOISE_MOM_SPY,SPY,True,all,opt_bach,200.0,0.01,482,309,0.15975103734439833,13140.162249517543,-4491.185531313876,-1674.5594335462008,-167.45594335462008,0.5562569286534256,-80713.76469692687,88116.08370944046,105.11410788381743,0,,-19990.29071364153,-2493.6818356749473,-666.8117701081942,-842.8275499889148,-831.731883557286,0.9415292353823088,-1917.4923757582621,242.93294221206133,0.32533733133433285
NOISE_MOM_SPY,SPY,True,all,opt_bach_pess,500.0,0.02,482,309,0.14107883817427386,14251.144368206236,-4988.19713034899,-2273.9331844947264,-227.39331844947264,0.46926126069943863,-109603.57949264573,115334.58028661154,105.11410788381743,0,,-27757.38697684145,-3093.134779614321,-1265.629455004693,-1442.74942167967,-831.1837628150565,0.9410294852573713,-2516.866126706787,242.93294221206042,0.32533733133433285
NOISE_MOM_SPY,SPY,True,all,opt_delta_no_decay,200.0,0.01,482,309,0.3506224066390041,5932.542760033152,-3455.002035215401,-163.5184866738956,-16.35184866738956,0.9271178371400008,-7881.591057681772,22150.443806069416,105.11410788381743,0,,-723.8605723443757,-753.5121770485523,462.42072316231895,-77.43127973433045,-86.08720693956516,0.5857071464267866,-111.73796432990416,-51.78052234399145,0.5792103948025987
NOISE_MOM_SPY,SPY,True,IS,gross,0.0,,229,144,0.40611353711790393,35.39865580477002,-19.505696764245275,2.7917040607260026,0.2791704060726003,1.240993030980644,63.93002299062546,39.08372637565204,104.71615720524018,0,,13.97012756145905,-2.529985696318636,8.66822616764073,2.4809672801148808,0.31073678061112187,0.45327336331834084,-3.708777791526319,6.500481852252322,0.09095452273863068
NOISE_MOM_SPY,SPY,True,IS,quoted,0.25,,229,144,0.39737991266375544,35.67312336178353,-19.72068113055106,2.2917040607260026,0.22917040607260028,1.19283817792787,52.48002299062545,42.38372637565204,104.71615720524018,0,,11.112097497647705,-3.029985696318636,8.16822616764073,1.9809672801148812,0.3107367806111214,0.45327336331834084,-4.208777791526319,6.500481852252321,0.09095452273863068
NOISE_MOM_SPY,SPY,True,IS,low,0.5,,229,144,0.37554585152838427,37.2298917179451,-19.520772432426742,1.7917040607260024,0.17917040607260024,1.1469835472391767,41.030022990625426,45.683726375652064,104.71615720524018,0,,8.254067433836354,-3.529985696318636,7.6682261676407295,1.4809672801148812,0.3107367806111212,0.45327336331834084,-4.708777791526319,6.500481852252321,0.09095452273863068
NOISE_MOM_SPY,SPY,True,IS,realistic,1.5,,229,144,0.3406113537117904,38.908791780316584,-20.414473701711515,-0.20829593927399806,-0.020829593927399807,0.9845260513793879,-4.769977009374563,58.88372637565207,104.71615720524018,0,,-3.1780528214090094,-5.529985696318636,5.6682261676407295,-0.5190327198851188,0.31073678061112076,0.45327336331834084,-6.708777791526319,6.500481852252321,0.09095452273863068
NOISE_MOM_SPY,SPY,True,IS,pessimistic,4.0,,229,144,0.29694323144104806,39.28130712260579,-23.99893574180707,-5.208295939273998,-0.5208295939273998,0.6913165989578788,-119.26997700937453,136.42103284060767,104.71615720524018,0,,-31.758353459522432,-10.529985696318635,0.6682261676407307,-5.519032719885118,0.3107367806111201,0.45327336331834084,-11.708777791526318,6.50048185225232,0.09095452273863068
NOISE_MOM_SPY,SPY,True,IS,opt_bach,200.0,0.01,229,144,0.1703056768558952,14348.150188056203,-4249.003532667189,-1081.8026806662615,-108.18026806662616,0.6931381899086463,-24773.281387257368,31927.136536941398,104.71615720524018,0,,-3817.221912541341,-2433.4227357669106,496.11409951176563,-982.4048280154173,-99.39785265084424,0.5547226386806596,-2559.323550484812,1477.5208698185506,0.02448775612193903
NOISE_MOM_SPY,SPY,True,IS,opt_bach_pess,500.0,0.02,229,144,0.14410480349344978,16331.481654891497,-4713.468537476561,-1680.7901254759245,-168.07901254759244,0.5833683233378404,-38490.09387339868,44152.630804534914,104.71615720524018,0,,-7237.927787077922,-3032.3533713278184,-102.13458041459195,-1582.2403832771813,-98.54974219874316,0.5547226386806596,-3158.3109952944747,1477.5208698185502,0.02448775612193903
NOISE_MOM_SPY,SPY,True,IS,opt_delta_no_decay,200.0,0.01,229,144,0.3624454148471616,6404.815214565926,-3222.5091781218302,266.8704052540817,26.687040525408165,1.1298939365645193,6111.332280318467,8412.132127610988,104.71615720524018,0,,3177.9239059419465,-675.2059311233828,1218.838692824463,-23.44351709970992,290.3139223537916,0.30834582708645675,-650.534569728793,917.4049749828747,0.05247376311844078
NOISE_MOM_SPY,SPY,True,OOS,gross,0.0,,253,165,0.383399209486166,26.472304868254486,-18.94429984591342,-1.5316095009557662,-0.15316095009557662,0.8688810642543652,-38.749720374180875,56.785588467778574,105.47430830039525,0,,-9.9038447794519,-5.602625206457259,2.975354488263581,-1.5793814510683413,0.04777195011257507,0.519240379810095,3.113072000287953,-4.644681501243719,0.9815092453773113
NOISE_MOM_SPY,SPY,True,OOS,quoted,0.25,,253,165,0.37549407114624506,26.524831472604433,-19.201621478729304,-2.031609500955766,-0.2031609500955766,0.8305795756504697,-51.39972037418092,66.48558846777863,105.47430830039525,0,,-13.528169333478798,-6.102625206457259,2.4753544882635805,-2.079381451068341,0.047771950112574846,0.519240379810095,2.613072000287953,-4.644681501243719,0.9815092453773113
NOISE_MOM_SPY,SPY,True,OOS,low,0.5,,253,165,0.35968379446640314,27.188773751193146,-19.226392685804843,-2.5316095009557658,-0.2531609500955766,0.7943615056936947,-64.04972037418094,76.77278723533674,105.47430830039525,0,,-17.152493887505706,-6.602625206457259,1.9753544882635807,-2.579381451068341,0.04777195011257529,0.519240379810095,2.113072000287953,-4.644681501243719,0.9815092453773113
NOISE_MOM_SPY,SPY,True,OOS,realistic,1.5,,253,165,0.33992094861660077,26.721036509370595,-20.625786488309465,-4.531609500955766,-0.45316095009557666,0.6671519546220459,-114.64972037418079,122.20654269632291,105.47430830039525,0,,-31.64979210361332,-8.60262520645726,-0.02464551173641902,-4.579381451068341,0.0477719501125744,0.519240379810095,0.11307200028795267,-4.644681501243719,0.9815092453773113
NOISE_MOM_SPY,SPY,True,OOS,pessimistic,4.0,,253,165,0.23715415019762845,32.451547658595715,-22.583368203407005,-9.531609500955767,-0.9531609500955767,0.44672539313332704,-241.14972037418084,246.20654269632297,105.47430830039525,0,,-67.89303764388237,-13.602625206457258,-5.024645511736419,-9.57938145106834,0.047771950112572625,0.519240379810095,-4.886927999712047,-4.64468150124372,0.9815092453773113
NOISE_MOM_SPY,SPY,True,OOS,opt_bach,200.0,0.01,253,165,0.15019762845849802,11900.385154701551,-4705.206832443507,-2211.0862968248816,-221.10862968248819,0.44702049510444547,-55940.483309669486,56470.75049536099,105.47430830039525,0,,-16173.068801100191,-3290.111525668577,-835.6477357074738,-716.4908042653217,-1494.59549255956,0.9875062468765617,-1336.5463717567602,-874.5399250681214,0.9710144927536232
NOISE_MOM_SPY,SPY,True,OOS,opt_bach_pess,500.0,0.02,253,165,0.1383399209486166,12289.683497902986,-5235.20081935356,-2810.8097082706377,-281.08097082706377,0.3768937221593455,-71113.48561924715,71343.75280493865,105.47430830039525,0,,-20519.45918976353,-3889.9538284401974,-1435.4847616981754,-1316.4908042653215,-1494.3189040053162,0.9875062468765617,-1936.2697832025167,-874.539925068121,0.9710144927536232
NOISE_MOM_SPY,SPY,True,OOS,opt_delta_no_decay,200.0,0.01,253,165,0.33992094861660077,5476.744926007336,-3658.259263572654,-553.0799738340015,-55.307997383400156,0.7709567472646633,-13992.923338000248,15611.934028241018,105.47430830039525,0,,-3901.7844782863235,-1342.0414899829066,343.14004623808694,-126.29767358147716,-426.78230025252435,0.7741129435282359,375.94750063588856,-929.0274744698901,0.9850074962518741
NOISE_MOM_SPY,SPY,True,Y2024,gross,0.0,,77,48,0.42857142857142855,31.061144808321938,-19.115632741188662,2.388700494315879,0.2388700494315879,1.21868100949887,18.39299380623227,34.72062217464355,103.96103896103897,0,,9.280327277429699,-4.7713201521644155,10.931029076719447,-6.157917199472026,8.546617693787905,0.07646176911544228,-3.311219153809787,5.699919648125666,0.1924037981009495
NOISE_MOM_SPY,SPY,True,Y2024,quoted,0.25,,77,48,0.42857142857142855,30.561144808321938,-19.615632741188662,1.8887004943158794,0.18887004943158794,1.1684995793234096,14.542993806232271,36.42062217464356,103.96103896103897,0,,8.214936201753543,-5.2713201521644155,10.431029076719447,-6.657917199472026,8.546617693787905,0.07646176911544228,-3.811219153809787,5.699919648125666,0.1924037981009495
NOISE_MOM_SPY,SPY,True,Y2024,low,0.5,,77,48,0.38961038961038963,33.079954309746896,-18.839759387874135,1.3887004943158794,0.13887004943158796,1.1207608344839122,10.692993806232266,38.12062217464356,103.96103896103897,0,,7.149545126077383,-5.771320152164416,9.931029076719446,-7.157917199472026,8.546617693787905,0.07646176911544228,-4.311219153809787,5.699919648125666,0.1924037981009495
NOISE_MOM_SPY,SPY,True,Y2024,realistic,1.5,,77,48,0.3246753246753247,37.43878504729754,-18.904609386925305,-0.6112995056841208,-0.061129950568412084,0.9521178417244881,-4.707006193767724,44.92062217464356,103.96103896103897,0,,2.8879808233727533,-7.7713201521644155,7.931029076719446,-9.157917199472028,8.546617693787907,0.07646176911544228,-6.3112191538097875,5.699919648125666,0.1924037981009495
NOISE_MOM_SPY,SPY,True,Y2024,pessimistic,4.0,,77,48,0.2857142857142857,37.31779947839684,-22.78293909931651,-5.61129950568412,-0.561129950568412,0.655188504270134,-43.207006193767725,65.1833043482068,103.96103896103897,0,,-7.765929933388832,-12.771320152164414,2.9310290767194456,-14.157917199472026,8.546617693787905,0.07646176911544228,-11.311219153809787,5.699919648125667,0.1924037981009495
NOISE_MOM_SPY,SPY,True,Y2024,opt_bach,200.0,0.01,77,48,0.22077922077922077,16513.375462649918,-4527.823056320899,117.63635695837266,11.763635695837266,1.0333419959699675,905.7999485794692,15406.506756822933,103.96103896103897,0,,2355.0819724314983,-2689.5144880119315,3796.3446298840736,-1945.0739916412103,2062.710348599583,0.11794102948525736,-2570.150221950407,2687.7865789087796,0.05297351324337831
NOISE_MOM_SPY,SPY,True,Y2024,opt_bach_pess,500.0,0.02,77,48,0.19480519480519481,18092.476917343298,-4973.472098851392,-480.1054073848935,-48.010540738489354,0.8801119359717872,-3696.8116368636784,18097.80012371829,103.96103896103897,0,,1083.223243936389,-3289.4333129193456,3198.7308639520315,-2544.5849287184046,2064.479521333511,0.11744127936031984,-3167.8919862936723,2687.7865789087787,0.05297351324337831
NOISE_MOM_SPY,SPY,True,Y2024,opt_delta_no_decay,200.0,0.01,77,48,0.37662337662337664,7937.418162676205,-3285.4225261158426,941.3616294032407,94.13616294032407,1.459636754531235,7248.48454640495,5781.638098588133,103.96103896103897,0,,3495.92999484621,-758.5998113455023,2964.0087186896853,-871.7546123987296,1813.1162418019703,0.057971014492753624,-684.543029220784,1625.9046586240247,0.08595702148925537
NOISE_MOM_SPY,SPY,True,Y2025,gross,0.0,,223,141,0.3901345291479821,34.19377301539754,-19.990487528593345,1.1486634459681229,0.11486634459681229,1.094218322915022,25.615194845089114,52.19223450102128,104.14798206278027,0,,1.1433428063185858,-4.247007707323901,7.445768678079309,4.658624136771184,-3.5099606908030614,0.808095952023988,-0.8036987555567875,1.9523622015249105,0.35132433783108447
NOISE_MOM_SPY,SPY,True,Y2025,quoted,0.25,,223,141,0.37668161434977576,34.90936257276744,-20.05564394001133,0.6486634459681226,0.06486634459681227,1.0518887103679855,14.46519484508913,59.09223450102126,104.14798206278027,0,,-1.7227601176990817,-4.7470077073239,6.945768678079309,4.158624136771184,-3.5099606908030614,0.808095952023988,-1.3036987555567876,1.9523622015249102,0.35132433783108447
NOISE_MOM_SPY,SPY,True,Y2025,low,0.5,,223,141,0.36771300448430494,35.25636667458122,-20.268582403296236,0.14866344596812228,0.014866344596812228,1.0116002292168758,3.3151948450891124,65.9922345010213,104.14798206278027,0,,-4.588863041716751,-5.247007707323901,6.445768678079309,3.6586241367711843,-3.509960690803062,0.808095952023988,-1.8036987555567876,1.9523622015249098,0.35132433783108447
NOISE_MOM_SPY,SPY,True,Y2025,realistic,1.5,,223,141,0.34080717488789236,35.92941313668115,-21.384241156033173,-1.8513365540318778,-0.18513365540318777,0.8686654286163334,-41.28480515491089,93.5922345010213,104.14798206278027,0,,-16.05327473778742,-7.2470077073239025,4.445768678079308,1.6586241367711847,-3.5099606908030623,0.808095952023988,-3.8036987555567867,1.952362201524909,0.35132433783108447
NOISE_MOM_SPY,SPY,True,Y2025,pessimistic,4.0,,223,141,0.273542600896861,39.25284973526857,-24.211554848151188,-6.851336554031878,-0.6851336554031878,0.6104686018233269,-152.7848051549108,166.6209509909935,104.14798206278027,0,,-44.714303977964065,-12.2470077073239,-0.5542313219206908,-3.3413758632288144,-3.5099606908030636,0.808095952023988,-8.803698755556786,1.9523622015249078,0.35132433783108447
NOISE_MOM_SPY,SPY,True,Y2025,opt_bach,200.0,0.01,223,141,0.14798206278026907,12715.125713695912,-4418.402654702011,-1882.9477840422287,-188.29477840422288,0.49982238920121086,-41989.73558414167,46329.50681356774,104.14798206278027,0,,-10619.332051486992,-3033.4531449148362,-450.6052498224533,-150.4335561107982,-1732.5142279314305,0.9945027486256871,-2037.9691853413508,155.0214012991221,0.3853073463268366
NOISE_MOM_SPY,SPY,True,Y2025,opt_bach_pess,500.0,0.02,223,141,0.12556053811659193,14358.387445891127,-4900.534545790391,-2482.373936969393,-248.2373936969393,0.42071271051210857,-55356.93879441746,57476.71002384353,104.14798206278027,0,,-14053.536844418499,-3633.0124894503883,-1050.4152287902607,-750.4335561107983,-1731.9403808585948,0.9945027486256871,-2637.395338268516,155.02140129912277,0.3853073463268366
NOISE_MOM_SPY,SPY,True,Y2025,opt_delta_no_decay,200.0,0.01,223,141,0.34977578475336324,5665.8003216174575,-3455.5881575250583,-265.14734419269786,-26.514734419269786,0.8819945228552093,-5912.785775497161,12082.508454349514,104.14798206278027,0,,-1379.0928558103137,-1086.3395834746943,666.924704593699,445.9092194104644,-711.0565636031622,0.9095452273863068,-213.19966461439247,-51.94767957830538,0.5322338830584707
NOISE_MOM_SPY,SPY,True,Y2026,gross,0.0,,182,120,0.38461538461538464,26.571607586429813,-18.288315994632637,-1.0344992326855402,-0.10344992326855401,0.9080800411799876,-18.827886034876833,35.22490381324639,106.78571428571429,0,,-6.357387301741138,-5.501837534513171,3.3581872372446475,-2.1766788907396175,1.1421796580540773,0.37681159420289856,2.046625270032098,-3.081124502717638,0.895552223888056
NOISE_MOM_SPY,SPY,True,Y2026,quoted,0.25,,182,120,0.3791208791208791,26.45230407293671,-18.623786206915053,-1.5344992326855404,-0.15344992326855403,0.8672936688646073,-27.927886034876835,42.1249038132464,106.78571428571429,0,,-8.908247919885557,-6.001837534513171,2.8581872372446466,-2.6766788907396175,1.142179658054077,0.37681159420289856,1.5466252700320986,-3.081124502717639,0.895552223888056
NOISE_MOM_SPY,SPY,True,Y2026,low,0.5,,182,120,0.35714285714285715,27.577360038365967,-18.48553216104749,-2.0344992326855404,-0.20344992326855404,0.8287971070237138,-37.02788603487687,49.61210258080453,106.78571428571429,0,,-11.45910853802998,-6.501837534513171,2.3581872372446466,-3.1766788907396175,1.142179658054077,0.37681159420289856,1.0466252700320984,-3.081124502717639,0.895552223888056
NOISE_MOM_SPY,SPY,True,Y2026,realistic,1.5,,182,120,0.34615384615384615,26.449045620640614,-20.172846507975862,-4.0344992326855404,-0.40344992326855406,0.6941229593589338,-73.42788603487685,83.81210258080452,106.78571428571429,0,,-21.662551010607665,-8.50183753451317,0.3581872372446476,-5.176678890739619,1.1421796580540784,0.37681159420289856,-0.953374729967902,-3.0811245027176386,0.895552223888056
NOISE_MOM_SPY,SPY,True,Y2026,pessimistic,4.0,,182,120,0.24725274725274726,31.17347381059604,-22.241497677559053,-9.03449923268554,-0.9034499232685541,0.460376470550903,-164.42788603487682,169.48470835701895,106.78571428571429,0,,-47.17115719205188,-13.501837534513172,-4.641812762755351,-10.176678890739618,1.1421796580540775,0.37681159420289856,-5.953374729967902,-3.081124502717638,0.895552223888056
NOISE_MOM_SPY,SPY,True,Y2026,opt_bach,200.0,0.01,182,120,0.14835164835164835,11535.776362808781,-4566.220983286991,-2177.463135239816,-217.74631352398157,0.44007020803254066,-39629.829061364646,40160.09624705615,106.78571428571429,0,,-11726.04063458604,-3273.841571646552,-913.6211583964855,-1224.8653776130536,-952.5977576267624,0.8780609695152424,-1493.7507126053833,-683.7124226344326,0.912543728135932
NOISE_MOM_SPY,SPY,True,Y2026,opt_bach_pess,500.0,0.02,182,120,0.13736263736263737,11826.232591716916,-5102.892391124646,-2777.463135239816,-277.7463135239816,0.36903738344183307,-50549.82906136463,50780.096247056135,106.78571428571429,0,,-14787.073376359342,-3873.841571646552,-1513.6211583964857,-1824.8653776130536,-952.5977576267624,0.8780609695152424,-2093.7507126053833,-683.7124226344326,0.912543728135932
NOISE_MOM_SPY,SPY,True,Y2026,opt_delta_no_decay,200.0,0.01,182,120,0.34065934065934067,5330.357655513405,-3522.1256077310554,-506.44449607634937,-50.64444960763493,0.7819193375642816,-9217.289828589564,11523.15022295873,106.78571428571429,0,,-2840.6977113802723,-1365.2358901988966,348.6297545309867,-382.6072945372454,-123.83720153910394,0.5737131434282858,254.92109698898955,-761.3655930653389,0.9490254872563718
ORB15_CLASSIC,QQQ,True,all,gross,0.0,,513,513,0.5497076023391813,42.8288499770329,-46.91380284220076,2.418415666617744,0.24184156666177442,1.1144816010268175,124.06472369749025,131.21564683836246,121.93567251461988,0,0.040767714257031386,,-2.105592005734077,6.850265630636235,-2.9661850060095256,5.38460067262727,0.03298350824587706,-4.573254549258585,6.991670215876329,0.01199400299850075
ORB15_CLASSIC,QQQ,True,all,quoted,0.25,,513,513,0.5497076023391813,42.3288499770329,-47.41380284220076,1.9184156666177432,0.19184156666177432,1.089855219236919,98.41472369749025,135.81564683836254,121.93567251461988,0,0.040767714257031386,,-2.605592005734077,6.350265630636235,-3.4661850060095256,5.384600672627268,0.03298350824587706,-5.073254549258585,6.9916702158763275,0.01199400299850075
ORB15_CLASSIC,QQQ,True,all,low,0.5,,513,513,0.5497076023391813,41.8288499770329,-47.91380284220076,1.4184156666177425,0.14184156666177425,1.065742810046336,72.76472369749038,140.41564683836245,121.93567251461988,0,0.040767714257031386,,-3.105592005734077,5.850265630636235,-3.9661850060095256,5.384600672627268,0.03298350824587706,-5.573254549258585,6.9916702158763275,0.01199400299850075
ORB15_CLASSIC,QQQ,True,all,realistic,1.5,,513,513,0.5419103313840156,40.41282695172276,-49.07710066214479,-0.581584333382257,-0.0581584333382257,0.9741307818002785,-29.835276302509737,164.00990972722252,121.93567251461988,0,0.040767714257031386,,-5.105592005734077,3.850265630636235,-5.966185006009526,5.384600672627268,0.03298350824587706,-7.573254549258586,6.991670215876328,0.01199400299850075
ORB15_CLASSIC,QQQ,True,all,pessimistic,4.0,,513,513,0.5282651072124757,36.379712741250074,-52.57130130538789,-5.581584333382258,-0.5581584333382258,0.7749335489697136,-286.33527630250984,327.56472168602966,121.93567251461988,0,0.040767714257031386,,-10.105592005734078,-1.1497343693637665,-10.966185006009527,5.384600672627268,0.03298350824587706,-12.573254549258587,6.991670215876329,0.01199400299850075
ORB15_CLASSIC,QQQ,True,all,opt_bach,200.0,0.01,513,513,0.4444444444444444,3947.465720275335,-5887.705907114558,-1516.5185171634937,-151.65185171634937,0.5363672415098473,-77797.39993048724,79069.05197286897,121.93567251461988,0,0.040767714257031386,,-1989.4889454869462,-1019.956934353961,-2535.3319231071896,1018.8134059436959,0.0004997501249375312,-2266.2904652197526,749.7719480562589,0.0034982508745627187
ORB15_CLASSIC,QQQ,True,all,opt_bach_pess,500.0,0.02,513,513,0.43079922027290446,3462.1839084365633,-6338.755626949837,-2116.5185171634935,-211.65185171634937,0.41338579272573495,-108577.39993048723,109063.85469137627,121.93567251461988,0,0.040767714257031386,,-2589.488945486946,-1619.9569343539608,-3135.331923107189,1018.8134059436957,0.0004997501249375312,-2866.290465219753,749.7719480562596,0.0034982508745627187
ORB15_CLASSIC,QQQ,True,all,opt_delta_no_decay,200.0,0.01,513,513,0.5360623781676414,3860.2373124552046,-4659.702697152187,-92.4833937564119,-9.248339375641189,0.9572194899703398,-4744.39809970393,15830.871065262592,121.93567251461988,0,0.040767714257031386,,-501.2511147745281,321.45428096921455,-462.9007743712731,370.4173806148612,0.0879560219890055,-829.3635159911457,736.8801222347338,0.0029985007496251873
ORB15_CLASSIC,QQQ,True,IS,gross,0.0,,257,257,0.5836575875486382,43.09686814639903,-48.318833727664504,5.036634292216939,0.5036634292216938,1.2503648295654022,129.44150130997525,68.1628620124,109.06614785992218,0,0.11308076622606518,,-1.3777435146757882,11.125758902069727,-1.6657033958551355,6.702337688072074,0.06596701649175413,-4.686710127042903,9.723344419259842,0.012993503248375811
ORB15_CLASSIC,QQQ,True,IS,quoted,0.25,,257,257,0.5836575875486382,42.59686814639903,-48.818833727664504,4.536634292216939,0.4536634292216939,1.2232007846064488,116.59150130997534,71.11286201239994,109.06614785992218,0,0.11308076622606518,,-1.8777435146757884,10.625758902069727,-2.1657033958551355,6.702337688072074,0.06596701649175413,-5.186710127042903,9.723344419259842,0.012993503248375811
ORB15_CLASSIC,QQQ,True,IS,low,0.5,,257,257,0.5836575875486382,42.09686814639903,-49.318833727664504,4.036634292216939,0.4036634292216939,1.196587524062004,103.7415013099753,74.06286201239992,109.06614785992218,0,0.11308076622606518,,-2.377743514675789,10.125758902069727,-2.665703395855135,6.702337688072074,0.06596701649175413,-5.686710127042903,9.723344419259842,0.012993503248375811
ORB15_CLASSIC,QQQ,True,IS,realistic,1.5,,257,257,0.5758754863813229,40.64794919462419,-50.38973823582226,2.036634292216939,0.2036634292216939,1.0952966370805972,52.34150130997537,85.86286201239994,109.06614785992218,0,0.11308076622606518,,-4.377743514675789,8.125758902069727,-4.665703395855135,6.702337688072074,0.06596701649175413,-7.686710127042903,9.723344419259842,0.012993503248375811
ORB15_CLASSIC,QQQ,True,IS,pessimistic,4.0,,257,257,0.5719844357976653,35.897389464476255,-54.89546580162052,-2.9633657077830615,-0.29633657077830616,0.8738784746643509,-76.15849869002473,115.92985921081353,109.06614785992218,0,0.11308076622606518,,-9.377743514675789,3.1257589020697267,-9.665703395855136,6.702337688072074,0.06596701649175413,-12.686710127042904,9.723344419259842,0.012993503248375811
ORB15_CLASSIC,QQQ,True,IS,opt_bach,200.0,0.01,257,257,0.5019455252918288,3682.192532857882,-5571.820471581501,-926.8100530107597,-92.68100530107597,0.6660228341792782,-23819.018362376526,25103.718504037974,109.06614785992218,0,0.11308076622606518,,-1594.2707239831252,-281.61573493183374,-2408.364331553318,1481.5542785425584,0.0004997501249375312,-2012.688166454374,1085.8781134436142,0.004997501249375313
ORB15_CLASSIC,QQQ,True,IS,opt_bach_pess,500.0,0.02,257,257,0.48249027237354086,3217.389587449258,-5949.9736275749865,-1526.8100530107597,-152.68100530107597,0.5041487043175418,-39239.018362376504,39995.34566485244,109.06614785992218,0,0.11308076622606518,,-2194.270723983125,-881.6157349318337,-3008.3643315533177,1481.554278542558,0.0004997501249375312,-2612.6881664543744,1085.8781134436147,0.004997501249375313
ORB15_CLASSIC,QQQ,True,IS,opt_delta_no_decay,200.0,0.01,257,257,0.5758754863813229,3773.2838434059254,-4626.935835228952,210.54475791486854,21.054475791486855,1.1072895889567607,5411.000278412121,6510.780701146841,109.06614785992218,0,0.11308076622606518,,-350.7422966767845,750.0516548819069,-422.1617601446779,632.7065180595464,0.059470264867566215,-822.0488623089558,1032.5936202238242,0.005997001499250375
ORB15_CLASSIC,QQQ,True,OOS,gross,0.0,,256,256,0.515625,42.524283875480485,-45.701397158776416,-0.21003037548769976,-0.021003037548769976,0.9905120822395297,-5.376777612485107,131.2156468383625,134.85546875,0,-0.03182781057125644,,-6.504023610432253,6.010675463903574,-4.271746622453581,4.061716246965881,0.15692153923038482,-4.459355785623549,4.2493254101358495,0.1634182908545727
ORB15_CLASSIC,QQQ,True,OOS,quoted,0.25,,256,256,0.515625,42.024283875480485,-46.201397158776416,-0.7100303754876995,-0.07100303754876995,0.9682721897508951,-18.176777612485118,135.8156468383625,134.85546875,0,-0.03182781057125644,,-7.004023610432252,5.510675463903574,-4.771746622453582,4.061716246965883,0.15692153923038482,-4.959355785623549,4.2493254101358495,0.1634182908545727
ORB15_CLASSIC,QQQ,True,OOS,low,0.5,,256,256,0.515625,41.524283875480485,-46.701397158776416,-1.2100303754876993,-0.12100303754876993,0.9465085119762021,-30.976777612485144,140.41564683836253,134.85546875,0,-0.03182781057125644,,-7.504023610432253,5.010675463903574,-5.271746622453581,4.061716246965882,0.15692153923038482,-5.459355785623549,4.2493254101358495,0.1634182908545727
ORB15_CLASSIC,QQQ,True,OOS,realistic,1.5,,256,256,0.5078125,40.14514932134266,-47.94156498332855,-3.2100303754876993,-0.32100303754876996,0.8639600839177999,-82.17677761248511,158.8156468383625,134.85546875,0,-0.03182781057125644,,-9.504023610432252,3.010675463903573,-7.271746622453581,4.061716246965882,0.15692153923038482,-7.45935578562355,4.24932541013585,0.1634182908545727
ORB15_CLASSIC,QQQ,True,OOS,pessimistic,4.0,,256,256,0.484375,36.951499206457754,-50.634497558527364,-8.2100303754877,-0.8210030375487699,0.6855408087330871,-210.17677761248515,224.40389702089178,134.85546875,0,-0.03182781057125644,,-14.504023610432254,-1.9893245360964267,-12.27174662245358,4.061716246965881,0.15692153923038482,-12.459355785623549,4.2493254101358495,0.1634182908545727
ORB15_CLASSIC,QQQ,True,OOS,opt_bach,200.0,0.01,256,256,0.38671875,4293.124722061713,-6145.243077485457,-2108.5305300043246,-210.85305300043248,0.44052441338371484,-53978.381568110715,54828.484773511635,134.85546875,0,-0.03182781057125644,,-2808.07501600674,-1383.8819782929454,-2662.7954818155677,554.264951811243,0.10394802598700649,-2520.8833979646834,412.3528679603587,0.1679160419790105
ORB15_CLASSIC,QQQ,True,OOS,opt_bach_pess,500.0,0.02,256,256,0.37890625,3775.1168548533237,-6663.963211332575,-2708.5305300043246,-270.8530530004325,0.3455989532290651,-69338.3815681107,69645.19398161246,134.85546875,0,-0.03182781057125644,,-3408.07501600674,-1983.8819782929452,-3262.7954818155677,554.264951811243,0.10394802598700649,-3120.8833979646834,412.3528679603587,0.1679160419790105
ORB15_CLASSIC,QQQ,True,OOS,opt_delta_no_decay,200.0,0.01,256,256,0.49609375,3961.5689141819234,-4687.389425443913,-396.6952491451583,-39.669524914515826,0.8320514655605925,-10155.398378116059,15830.871065262601,134.85546875,0,-0.03182781057125644,,-1015.2185090330979,217.86235926911914,-503.7989253721909,107.10367622703262,0.4052973513243378,-836.7067425392815,440.01149339412325,0.1469265367316342
ORB15_CLASSIC,QQQ,True,Y2024,gross,0.0,,82,82,0.573170731707317,39.487445232665316,-42.02125988369627,4.697144268364635,0.46971442683646353,1.2618850084606408,38.51658300059002,17.727968516515148,111.28048780487805,0,0.08847896408555293,,-5.371035400908728,14.484685864433757,-1.1960591945170405,5.893203462881676,0.16741629185407297,-7.328740083859518,12.025884352224153,0.02798600699650175
ORB15_CLASSIC,QQQ,True,Y2024,quoted,0.25,,82,82,0.573170731707317,38.987445232665316,-42.52125988369627,4.197144268364635,0.41971442683646354,1.231256304625874,34.41658300059004,18.427968516515143,111.28048780487805,0,0.08847896408555293,,-5.871035400908728,13.984685864433757,-1.6960591945170405,5.893203462881676,0.16741629185407297,-7.8287400838595165,12.025884352224152,0.02798600699650175
ORB15_CLASSIC,QQQ,True,Y2024,low,0.5,,82,82,0.573170731707317,38.487445232665316,-43.02125988369627,3.697144268364636,0.3697144268364636,1.2013395442329673,30.316583000589997,19.127968516515153,111.28048780487805,0,0.08847896408555293,,-6.371035400908728,13.484685864433757,-2.1960591945170407,5.893203462881677,0.16741629185407297,-8.328740083859518,12.025884352224153,0.02798600699650175
ORB15_CLASSIC,QQQ,True,Y2024,realistic,1.5,,82,82,0.573170731707317,36.487445232665316,-45.02125988369626,1.6971442683646367,0.16971442683646368,1.0883175322474055,13.916583000590022,22.405286376850487,111.28048780487805,0,0.08847896408555293,,-8.371035400908726,11.484685864433757,-4.196059194517041,5.893203462881678,0.16741629185407297,-10.328740083859516,12.025884352224153,0.02798600699650175
ORB15_CLASSIC,QQQ,True,Y2024,pessimistic,4.0,,82,82,0.5609756097560976,32.19412383497608,-48.66010740008332,-3.302855731635365,-0.3302855731635365,0.8453934487470509,-27.083416999409977,37.421045610503796,111.28048780487805,0,0.08847896408555293,,-13.371035400908726,6.484685864433757,-9.19605919451704,5.893203462881676,0.16741629185407297,-15.328740083859515,12.02588435222415,0.02798600699650175
ORB15_CLASSIC,QQQ,True,Y2024,opt_bach,200.0,0.01,82,82,0.47560975609756095,3764.483274928706,-5431.798841484419,-1057.9573470928117,-105.79573470928118,0.6285760728400968,-8675.250246161055,9797.73349721003,111.28048780487805,0,0.08847896408555293,,-2171.787808991666,74.38564528798537,-2749.5099917048437,1691.552644612032,0.005497251374312844,-2342.081585067462,1284.1242379746504,0.02798600699650175
ORB15_CLASSIC,QQQ,True,Y2024,opt_bach_pess,500.0,0.02,82,82,0.47560975609756095,3164.4832749287057,-6031.7988414844185,-1657.9573470928115,-165.79573470928113,0.47583031416540145,-13595.250246161057,14249.36065802452,111.28048780487805,0,0.08847896408555293,,-2771.787808991666,-525.6143547120147,-3349.5099917048447,1691.5526446120332,0.005497251374312844,-2942.081585067462,1284.1242379746507,0.02798600699650175
ORB15_CLASSIC,QQQ,True,Y2024,opt_delta_no_decay,200.0,0.01,82,82,0.573170731707317,3687.4486713811866,-4666.95909729848,121.54291645693883,12.154291645693883,1.0610156815279703,996.6519149468977,3017.2042908078893,111.28048780487805,0,0.08847896408555293,,-881.6663568154513,1111.609656443356,-452.63431975206373,574.1772362090026,0.18440779610194902,-1135.4962237928612,1257.0391402498,0.02348825587206397
ORB15_CLASSIC,QQQ,True,Y2025,gross,0.0,,247,247,0.5546558704453441,43.77436271928703,-46.672384559922314,3.494434781177606,0.3494434781177606,1.1681207107195377,86.31253909508679,68.16286201240001,114.2914979757085,0,0.07705814365372467,,-3.1633008319103104,10.080120294841132,-2.3416368469549504,5.836071628132556,0.09645177411294353,-5.820855133747988,9.315289914925593,0.026486756621689155
ORB15_CLASSIC,QQQ,True,Y2025,quoted,0.25,,247,247,0.5546558704453441,43.27436271928703,-47.172384559922314,2.994434781177606,0.2994434781177606,1.1425382085978975,73.96253909508694,71.11286201239994,114.2914979757085,0,0.07705814365372467,,-3.6633008319103104,9.58012029484113,-2.8416368469549504,5.836071628132556,0.09645177411294353,-6.320855133747988,9.315289914925593,0.026486756621689155
ORB15_CLASSIC,QQQ,True,Y2025,low,0.5,,247,247,0.5546558704453441,42.77436271928703,-47.672384559922314,2.494434781177606,0.2494434781177606,1.1174923379529034,61.61253909508678,74.06286201239996,114.2914979757085,0,0.07705814365372467,,-4.163300831910311,9.08012029484113,-3.3416368469549504,5.836071628132556,0.09645177411294353,-6.820855133747988,9.315289914925593,0.026486756621689155
ORB15_CLASSIC,QQQ,True,Y2025,realistic,1.5,,247,247,0.5465587044534413,41.38854778805072,-48.7975764324641,0.4944347811776058,0.049443478117760585,1.022345480166544,12.21253909508682,85.8628620124,114.2914979757085,0,0.07705814365372467,,-6.163300831910311,7.080120294841132,-5.341636846954951,5.836071628132557,0.09645177411294353,-8.820855133747987,9.315289914925593,0.026486756621689155
ORB15_CLASSIC,QQQ,True,Y2025,pessimistic,4.0,,247,247,0.5425101214574899,36.66996684184887,-53.33318730846796,-4.505565218822394,-0.4505565218822394,0.8153410968909457,-111.28746090491309,170.0789350511854,114.2914979757085,0,0.07705814365372467,,-11.163300831910313,2.080120294841132,-10.341636846954952,5.836071628132558,0.09645177411294353,-13.820855133747987,9.315289914925593,0.026486756621689155
ORB15_CLASSIC,QQQ,True,Y2025,opt_bach,200.0,0.01,247,247,0.4777327935222672,3797.6549536926723,-5843.722180939569,-1237.7201490099956,-123.77201490099957,0.5944539804544919,-30571.687680546886,31240.414640503834,114.2914979757085,0,0.07705814365372467,,-1934.7408146667785,-561.3065314983368,-2374.5112003012055,1136.79105129121,0.0079960019990005,-2251.962396480034,1014.2422474700384,0.01249375312343828
ORB15_CLASSIC,QQQ,True,Y2025,opt_bach_pess,500.0,0.02,247,247,0.4574898785425101,3351.1217401838644,-6213.385324225713,-1837.7201490099956,-183.77201490099955,0.4548158206223241,-45391.687680546886,45391.687680546886,114.2914979757085,0,0.07705814365372467,,-2534.740814666778,-1161.3065314983369,-2974.5112003012055,1136.79105129121,0.0079960019990005,-2851.9623964800335,1014.2422474700379,0.01249375312343828
ORB15_CLASSIC,QQQ,True,Y2025,opt_delta_no_decay,200.0,0.01,247,247,0.5465587044534413,3905.582007946517,-4660.3606351287945,21.42987829293471,2.142987829293471,1.0101409609392977,529.3179938354867,6510.780701146841,114.2914979757085,0,0.07705814365372467,,-612.8477692729936,601.9696285384025,-475.93366036864785,497.36353866158254,0.1199400299850075,-947.5556597661138,968.9855380590485,0.01249375312343828
ORB15_CLASSIC,QQQ,True,Y2026,gross,0.0,,184,184,0.532608695652174,43.10957219434374,-49.213744872413415,-0.041543391205795796,-0.004154339120579579,0.9981939286493378,-0.7643983981866302,131.2156468383625,136.94565217391303,0,-0.029210864802327395,,-7.454498758325457,7.5881068989179745,-4.5934334398620456,4.55189004865625,0.18690654672663667,-1.670498254659897,1.6289548634541011,0.35082458770614694
ORB15_CLASSIC,QQQ,True,Y2026,quoted,0.25,,184,184,0.532608695652174,42.60957219434374,-49.7137448724134,-0.5415433912057958,-0.05415433912057957,0.9766935486452104,-9.964398398186624,135.81564683836248,136.94565217391303,0,-0.029210864802327395,,-7.954498758325457,7.0881068989179745,-5.0934334398620456,4.55189004865625,0.18690654672663667,-2.170498254659897,1.6289548634541013,0.35082458770614694
ORB15_CLASSIC,QQQ,True,Y2026,low,0.5,,184,184,0.532608695652174,42.109572194343734,-50.2137448724134,-1.0415433912057959,-0.10415433912057959,0.9556213458276032,-19.164398398186652,140.4156468383625,136.94565217391303,0,-0.029210864802327395,,-8.454498758325457,6.588106898917975,-5.593433439862046,4.551890048656251,0.18690654672663667,-2.670498254659897,1.6289548634541011,0.35082458770614694
ORB15_CLASSIC,QQQ,True,Y2026,realistic,1.5,,184,184,0.5217391304347826,40.96252099225842,-51.045977264075844,-3.041543391205795,-0.30415433912057954,0.8754144583388692,-55.96439839818664,158.8156468383625,136.94565217391303,0,-0.029210864802327395,,-10.454498758325453,4.5881068989179745,-7.593433439862046,4.551890048656251,0.18690654672663667,-4.670498254659897,1.6289548634541018,0.35082458770614694
ORB15_CLASSIC,QQQ,True,Y2026,pessimistic,4.0,,184,184,0.4945652173913043,38.06809779848488,-53.1595793940214,-8.041543391205797,-0.8041543391205797,0.7007096266230852,-147.96439839818666,212.87045879716953,136.94565217391303,0,-0.029210864802327395,,-15.454498758325457,-0.41189310108202554,-12.593433439862046,4.551890048656249,0.18690654672663667,-9.670498254659897,1.6289548634540996,0.35082458770614694
ORB15_CLASSIC,QQQ,True,Y2026,opt_bach,200.0,0.01,184,184,0.3858695652173913,4296.958478377768,-6111.404177014288,-2095.133804553222,-209.51338045532222,0.441773901503653,-38550.46200377927,40231.005441396585,136.94565217391303,0,-0.029210864802327395,,-2877.5743604412746,-1222.1786771715488,-2655.767341085832,560.6335365326099,0.15242378810594703,-2251.7478627806136,156.61405822739152,0.3638180909545227
ORB15_CLASSIC,QQQ,True,Y2026,opt_bach_pess,500.0,0.02,184,184,0.375,3812.333904369337,-6599.614429906759,-2695.133804553222,-269.5133804553222,0.3465960575296698,-49590.46200377926,49590.46200377926,136.94565217391303,0,-0.029210864802327395,,-3477.5743604412746,-1822.178677171549,-3255.7673410858324,560.6335365326104,0.15242378810594703,-2851.7478627806136,156.61405822739152,0.3638180909545227
ORB15_CLASSIC,QQQ,True,Y2026,opt_delta_no_decay,200.0,0.01,184,184,0.5054347826086957,3881.7376591127495,-4656.102004201636,-340.78087002643025,-34.078087002643024,0.8520110966464661,-6270.368008486317,15830.871065262594,136.94565217391303,0,-0.029210864802327395,,-1042.4364558895443,365.71338845739746,-449.9808093572711,109.19993933084083,0.40879560219890054,-534.2747032076793,193.49383318124904,0.3248375812093953
ORB15_CLASSIC,SPY,True,all,gross,0.0,,512,512,0.55859375,27.043840412416746,-31.52885819749762,1.189485166634232,0.11894851666342322,1.0854697254973105,60.90164053167268,71.21981147981461,82.69921875,0,0.06272298284921099,,-1.7962200758640434,4.090516938061261,1.4993492695264092,-0.30986410289217714,0.5652173913043478,-0.2720494454041731,1.4615346120384052,0.22788605697151423
ORB15_CLASSIC,SPY,True,all,quoted,0.25,,512,512,0.556640625,26.63719378615322,-31.8880344658015,0.6894851666342321,0.0689485166634232,1.0487687113823434,35.3016405316728,73.68311113435536,82.69921875,0,0.06272298284921099,,-2.2962200758640434,3.5905169380612616,0.9993492695264092,-0.30986410289217714,0.5652173913043478,-0.7720494454041729,1.461534612038405,0.22788605697151423
ORB15_CLASSIC,SPY,True,all,low,0.5,,512,512,0.556640625,26.13719378615322,-32.3880344658015,0.1894851666342321,0.018948516663423207,1.0131957697494551,9.701640531672627,86.48076622921036,82.69921875,0,0.06272298284921099,,-2.7962200758640434,3.0905169380612616,0.4993492695264092,-0.3098641028921771,0.5652173913043478,-1.2720494454041729,1.461534612038405,0.22788605697151423
ORB15_CLASSIC,SPY,True,all,realistic,1.5,,512,512,0.556640625,24.13719378615322,-34.3880344658015,-1.8105148333657675,-0.18105148333657675,0.8812485728292492,-92.69835946832735,149.4807662292103,82.69921875,0,0.06272298284921099,,-4.796220075864043,1.0905169380612616,-1.5006507304735908,-0.3098641028921767,0.5652173913043478,-3.2720494454041726,1.4615346120384052,0.22788605697151423
ORB15_CLASSIC,SPY,True,all,pessimistic,4.0,,512,512,0.544921875,19.59595673320817,-38.43028121565816,-6.810514833365768,-0.6810514833365768,0.6105780558048791,-348.6983594683269,350.80577048741407,82.69921875,0,0.06272298284921099,,-9.796220075864042,-3.9094830619387393,-6.50065073047359,-0.3098641028921776,0.5652173913043478,-8.272049445404173,1.4615346120384052,0.22788605697151423
ORB15_CLASSIC,SPY,True,all,opt_bach,200.0,0.01,512,512,0.484375,3116.267387512593,-4932.246939845067,-1033.7478125312002,-103.37478125312002,0.5935231412911113,-52927.88800159742,54041.55478917705,82.69921875,0,0.06272298284921099,,-1433.340012389819,-632.9482677733421,-1637.9177211017927,604.1699085705925,0.013493253373313344,-1300.969789628882,267.2219770976817,0.13193403298350825
ORB15_CLASSIC,SPY,True,all,opt_bach_pess,500.0,0.02,512,512,0.455078125,2691.8712157613045,-5246.182341535336,-1633.7478125312002,-163.37478125312003,0.42851163164874695,-83647.88800159747,84221.5547891771,82.69921875,0,0.06272298284921099,,-2033.340012389819,-1232.9482677733417,-2237.8858499887147,604.1380374575144,0.013493253373313344,-1900.969789628882,267.2219770976817,0.13193403298350825
ORB15_CLASSIC,SPY,True,all,opt_delta_no_decay,200.0,0.01,512,512,0.556640625,3151.1931631104026,-4365.269202803815,-181.30089365234653,-18.130089365234653,0.9063229907118351,-9282.605755000133,14543.14560063772,82.69921875,0,0.06272298284921099,,-529.0420237316941,176.29228328288033,-244.31228108331888,63.01138743097235,0.38980509745127434,-485.05181548016435,303.7509218278178,0.10094952523738131
ORB15_CLASSIC,SPY,True,IS,gross,0.0,,257,257,0.5758754863813229,27.602227440140794,-32.45877517555657,2.1288839183080595,0.21288839183080596,1.1546416514249032,54.71231670051713,71.21981147981461,73.63424124513618,0,0.09673539895973671,,-2.502288184899297,6.4485689899918865,2.4312073755900006,-0.3023234572819411,0.5497251374312844,-0.45154145483581654,2.5804253731438758,0.2048975512243878
ORB15_CLASSIC,SPY,True,IS,quoted,0.25,,257,257,0.5758754863813229,27.102227440140794,-32.95877517555657,1.6288839183080592,0.16288839183080592,1.1165267669490713,41.86231670051718,72.4198114798146,73.63424124513618,0,0.09673539895973671,,-3.002288184899297,5.9485689899918865,1.9312073755900003,-0.3023234572819411,0.5497251374312844,-0.9515414548358168,2.5804253731438758,0.2048975512243878
ORB15_CLASSIC,SPY,True,IS,low,0.5,,257,257,0.5758754863813229,26.602227440140794,-33.45877517555657,1.1288839183080592,0.11288839183080593,1.0795510420592027,29.01231670051709,73.61981147981459,73.63424124513618,0,0.09673539895973671,,-3.5022881848992973,5.4485689899918865,1.4312073755900003,-0.3023234572819411,0.5497251374312844,-1.4515414548358165,2.5804253731438758,0.2048975512243878
ORB15_CLASSIC,SPY,True,IS,realistic,1.5,,257,257,0.5758754863813229,24.602227440140794,-35.45877517555657,-0.8711160816919407,-0.08711160816919407,0.9420759490742087,-22.387683299482894,78.76496289671923,73.63424124513618,0,0.09673539895973671,,-5.502288184899297,3.4485689899918857,-0.5687926244099993,-0.3023234572819413,0.5497251374312844,-3.4515414548358163,2.5804253731438758,0.2048975512243878
ORB15_CLASSIC,SPY,True,IS,pessimistic,4.0,,257,257,0.5603112840466926,20.205675175207986,-39.10171732942282,-5.871116081691941,-0.587111608169194,0.6585088011635686,-150.88768329948292,153.8982536023226,73.63424124513618,0,0.09673539895973671,,-10.502288184899296,-1.5514310100081146,-5.5687926244099994,-0.30232345728194154,0.5497251374312844,-8.451541454835816,2.580425373143875,0.2048975512243878
ORB15_CLASSIC,SPY,True,IS,opt_bach,200.0,0.01,257,257,0.5097276264591439,2912.700847218196,-4573.636962443374,-757.6437598532349,-75.76437598532348,0.6621173125541426,-19471.444628228124,20829.57100850494,73.63424124513618,0,0.09673539895973671,,-1302.0893051366984,-263.4783829571662,-1571.9049799577153,814.2612201044805,0.006496751624187906,-1179.996929254034,422.3531694007992,0.09795102448775612
ORB15_CLASSIC,SPY,True,IS,opt_bach_pess,500.0,0.02,257,257,0.4708171206225681,2523.6549162785786,-4810.858023176393,-1357.643759853235,-135.7643759853235,0.4667172910165188,-34891.444628228135,35649.57100850495,73.63424124513618,0,0.09673539895973671,,-1902.0893051366984,-863.4783829571661,-2171.8414857557864,814.1977259025514,0.006496751624187906,-1779.9969292540343,422.3531694007993,0.09795102448775612
ORB15_CLASSIC,SPY,True,IS,opt_delta_no_decay,200.0,0.01,257,257,0.5758754863813229,2938.3918842099565,-3890.828776720287,41.951992998296646,4.195199299829664,1.0254224325436978,1078.1662200562232,4773.8265291614,73.63424124513618,0,0.09673539895973671,,-439.2021449439545,474.03327988982096,-268.2318523913463,310.18384538964295,0.1549225387306347,-410.0519266966516,452.00391969494825,0.08045977011494253
ORB15_CLASSIC,SPY,True,OOS,gross,0.0,,255,255,0.5411764705882353,26.444990556596746,-30.662525286314494,0.2427185816139435,0.02427185816139435,1.0172523962691034,6.189323831155581,69.03311113435538,91.83529411764705,0,0.02844380269075959,,-3.587353401321966,4.215693121408401,0.5601824724348685,-0.317463890820925,0.5477261369315343,-0.09114965550639892,0.3338682371203424,0.4547726136931534
ORB15_CLASSIC,SPY,True,OOS,quoted,0.25,,255,255,0.5372549019607843,26.1348216635973,-30.898960420349784,-0.2572814183860564,-0.025728141838605636,0.9820062067373598,-6.560676168844452,73.68311113435541,91.83529411764705,0,0.02844380269075959,,-4.087353401321966,3.7156931214084,0.06018247243486844,-0.31746389082092485,0.5477261369315343,-0.5911496555063986,0.33386823712034225,0.4547726136931534
ORB15_CLASSIC,SPY,True,OOS,low,0.5,,255,255,0.5372549019607843,25.6348216635973,-31.398960420349784,-0.7572814183860563,-0.07572814183860563,0.9478805043701407,-19.310676168844417,78.33311113435539,91.83529411764705,0,0.02844380269075959,,-4.587353401321966,3.2156931214084,-0.43981752756513176,-0.3174638908209246,0.5477261369315343,-1.0911496555063986,0.3338682371203423,0.4547726136931534
ORB15_CLASSIC,SPY,True,OOS,realistic,1.5,,255,255,0.5372549019607843,23.6348216635973,-33.39896042034978,-2.757281418386057,-0.27572814183860567,0.8215952890831556,-70.31067616884448,96.9331111343554,91.83529411764705,0,0.02844380269075959,,-6.587353401321966,1.2156931214084,-2.4398175275651317,-0.3174638908209251,0.5477261369315343,-3.0911496555063986,0.33386823712034186,0.4547726136931534
ORB15_CLASSIC,SPY,True,OOS,pessimistic,4.0,,255,255,0.5294117647058824,18.945590395075037,-37.798012208529784,-7.757281418386056,-0.7757281418386056,0.5638865101390064,-197.81067616884448,197.81067616884448,91.83529411764705,0,0.02844380269075959,,-11.587353401321966,-3.7843068785915994,-7.439817527565133,-0.31746389082092374,0.5477261369315343,-8.091149655506399,0.33386823712034275,0.4547726136931534
ORB15_CLASSIC,SPY,True,OOS,opt_bach,200.0,0.01,255,255,0.4588235294117647,3344.192317243926,-5259.67344095096,-1312.0173871909535,-131.20173871909535,0.5390626467954927,-33456.44337336931,33456.44337336931,91.83529411764705,0,0.02844380269075959,,-1890.665335335545,-726.4484291323815,-1704.448209235235,392.4308220442815,0.17191404297851073,-1422.891456751768,110.8740695608144,0.3823088455772114
ORB15_CLASSIC,SPY,True,OOS,opt_bach_pess,500.0,0.02,255,255,0.4392156862745098,2873.6048964524634,-5660.197077876706,-1912.0173871909535,-191.20173871909535,0.3976284840032068,-48756.44337336928,48756.44337336928,91.83529411764705,0,0.02844380269075959,,-2490.665335335545,-1326.4484291323813,-2304.448209235235,392.4308220442815,0.17191404297851073,-2022.8914567517675,110.87406956081395,0.3823088455772114
ORB15_CLASSIC,SPY,True,OOS,opt_delta_no_decay,200.0,0.01,255,255,0.5372549019607843,3381.080676083147,-4803.523494694531,-406.3047833355438,-40.63047833355438,0.8172109443662258,-10360.771975056357,13788.894251242382,91.83529411764705,0,0.02844380269075959,,-973.5539037193661,147.4202410213917,-220.20510529444414,-186.09967804109965,0.6901549225387307,-560.6399386855086,154.3351553499648,0.3353323338330835
ORB15_CLASSIC,SPY,True,Y2024,gross,0.0,,82,82,0.6341463414634146,21.83009127266245,-26.40794790667226,4.182028158271704,0.41820281582717045,1.4328574490657229,34.292630897827976,19.504633514950687,72.89024390243902,0,0.1709583100304689,,-1.7716531624028498,9.68544964350773,-2.0115393974479012,6.193567555719605,0.02848575712143928,2.1805349583552025,2.0014931999165015,0.2983508245877061
ORB15_CLASSIC,SPY,True,Y2024,quoted,0.25,,82,82,0.6341463414634146,21.33009127266245,-26.90794790667226,3.682028158271704,0.3682028158271704,1.3740237023716104,30.192630897827975,20.35463351495068,72.89024390243902,0,0.1709583100304689,,-2.2716531624028495,9.18544964350773,-2.5115393974479012,6.193567555719605,0.02848575712143928,1.6805349583552027,2.001493199916501,0.2983508245877061
ORB15_CLASSIC,SPY,True,Y2024,low,0.5,,82,82,0.6341463414634146,20.83009127266245,-27.40794790667226,3.182028158271704,0.3182028158271704,1.3173365500483882,26.092630897827963,21.20463351495069,72.89024390243902,0,0.1709583100304689,,-2.7716531624028495,8.68544964350773,-3.0115393974479012,6.193567555719605,0.02848575712143928,1.180534958355203,2.001493199916501,0.2983508245877061
ORB15_CLASSIC,SPY,True,Y2024,realistic,1.5,,82,82,0.6341463414634146,18.830091272662454,-29.40794790667226,1.1820281582717038,0.11820281582717039,1.1098640740318237,9.69263089782796,24.604633514950688,72.89024390243902,0,0.1709583100304689,,-4.771653162402849,6.685449643507733,-5.011539397447901,6.193567555719605,0.02848575712143928,-0.8194650416447974,2.001493199916501,0.2983508245877061
ORB15_CLASSIC,SPY,True,Y2024,pessimistic,4.0,,82,82,0.5975609756097561,14.779668360413638,-31.432649717636018,-3.8179718417282973,-0.38179718417282976,0.6981774800617656,-31.307369102172046,42.313451260098965,72.89024390243902,0,0.1709583100304689,,-9.771653162402847,1.6854496435077317,-10.011539397447901,6.1935675557196035,0.02848575712143928,-5.819465041644798,2.0014931999165007,0.2983508245877061
ORB15_CLASSIC,SPY,True,Y2024,opt_bach,200.0,0.01,82,82,0.5365853658536586,2783.671573215607,-4570.715549584538,-624.4590446673875,-62.44590446673875,0.705184697834962,-5120.564166272577,7747.499266655897,72.89024390243902,0,0.1709583100304689,,-1562.528068087936,244.69868199200843,-2246.579673557318,1622.1206288899307,0.0029985007496251873,-782.6886529408052,158.22960827341774,0.3933033483258371
ORB15_CLASSIC,SPY,True,Y2024,opt_bach_pess,500.0,0.02,82,82,0.5,2356.915115668557,-4805.833205003331,-1224.4590446673874,-122.44590446673874,0.4904279893057427,-10040.564166272577,11647.499266655897,72.89024390243902,0,0.1709583100304689,,-2162.5280680879355,-355.3013180079916,-2846.380673436638,1621.9216287692507,0.0029985007496251873,-1382.6886529408052,158.22960827341785,0.3933033483258371
ORB15_CLASSIC,SPY,True,Y2024,opt_delta_no_decay,200.0,0.01,82,82,0.6341463414634146,2711.9546447764214,-4258.59261084469,161.75442930528277,16.175442930528277,1.1038203965104667,1326.386320303318,3727.7547536136267,72.89024390243902,0,0.1709583100304689,,-663.3033827458595,943.6797722059977,-848.0978732792032,1009.852302584486,0.01899050474762619,-36.02100884102284,197.77543814630562,0.3638180909545227
ORB15_CLASSIC,SPY,True,Y2025,gross,0.0,,247,247,0.5384615384615384,29.458736176367484,-32.84630726997353,0.7025622780562472,0.07025622780562471,1.0463436652592422,17.353288267989317,71.2198114798146,81.66396761133603,0,0.04119562115485501,,-3.9774946679159684,5.250196482153291,3.272015340010915,-2.569453061954668,0.8185907046476761,-2.0060963707630095,2.7086586488192568,0.19590204897551225
ORB15_CLASSIC,SPY,True,Y2025,quoted,0.25,,247,247,0.5344129554655871,29.178589261813293,-33.05687739025618,0.20256227805624735,0.020256227805624735,1.013161211202931,5.003288267989296,72.4198114798146,81.66396761133603,0,0.04119562115485501,,-4.477494667915969,4.750196482153291,2.772015340010915,-2.569453061954668,0.8185907046476761,-2.5060963707630095,2.7086586488192568,0.19590204897551225
ORB15_CLASSIC,SPY,True,Y2025,low,0.5,,247,247,0.5344129554655871,28.678589261813293,-33.55687739025618,-0.2974377219437527,-0.029743772194375264,0.9809623377346424,-7.3467117320106805,77.52429749875411,81.66396761133603,0,0.04119562115485501,,-4.977494667915967,4.250196482153291,2.272015340010915,-2.569453061954668,0.8185907046476761,-3.0060963707630095,2.7086586488192568,0.19590204897551225
ORB15_CLASSIC,SPY,True,Y2025,realistic,1.5,,247,247,0.5344129554655871,26.678589261813293,-35.55687739025618,-2.2974377219437523,-0.22974377219437525,0.8612224403681472,-56.74671173201068,110.03859297987255,81.66396761133603,0,0.04119562115485501,,-6.977494667915968,2.2501964821532914,0.272015340010916,-2.5694530619546683,0.8185907046476761,-5.006096370763009,2.7086586488192568,0.19590204897551225
ORB15_CLASSIC,SPY,True,Y2025,pessimistic,4.0,,247,247,0.5303643724696356,21.870399566157605,-40.236978107644426,-7.297437721943751,-0.7297437721943751,0.613825133922823,-180.24671173201057,194.4441549857417,81.66396761133603,0,0.04119562115485501,,-11.977494667915968,-2.7498035178467086,-4.727984659989086,-2.5694530619546656,0.8185907046476761,-10.00609637076301,2.7086586488192594,0.19590204897551225
ORB15_CLASSIC,SPY,True,Y2025,opt_bach,200.0,0.01,247,247,0.47368421052631576,3165.993194144352,-4779.4907125153095,-1015.8404409396805,-101.58404409396806,0.5961710245128528,-25091.258891210095,25091.258891210095,81.66396761133603,0,0.04119562115485501,,-1588.1097988687948,-471.8872816769519,-1310.93347202678,295.09303108709946,0.21039480259870064,-1520.6637696554485,504.82332871576796,0.06696651674162919
ORB15_CLASSIC,SPY,True,Y2025,opt_bach_pess,500.0,0.02,247,247,0.43724696356275305,2798.010647979619,-5045.307474056834,-1615.8404409396805,-161.58404409396803,0.4308942311127525,-39911.258891210106,39911.258891210106,81.66396761133603,0,0.04119562115485501,,-2188.1097988687948,-1071.887281676952,-1910.9334720267802,295.0930310870997,0.21039480259870064,-2120.6637696554485,504.82332871576796,0.06696651674162919
ORB15_CLASSIC,SPY,True,Y2025,opt_delta_no_decay,200.0,0.01,247,247,0.5344129554655871,3221.276455570461,-4020.0033409230336,-150.16960352569998,-15.016960352569999,0.9197666856052017,-3709.18920708479,8409.899171728452,81.66396761133603,0,0.04119562115485501,,-645.8722012161675,340.25293607873203,38.15954831275008,-188.32915183845006,0.7071464267866067,-718.0162003603373,567.8465968346372,0.04247876061969016
ORB15_CLASSIC,SPY,True,Y2026,gross,0.0,,183,183,0.5519125683060109,26.54813564669173,-31.570786422650137,0.5057771238172354,0.05057771238172354,1.0357528790357067,9.2557213658554,69.0331111343554,88.49180327868852,0,0.04328014956857039,,-4.0500125364988975,4.797951111597684,0.6799194951123138,-0.17414237129507837,0.526736631684158,0.9694678740240442,-0.46369075020680883,0.5647176411794103
ORB15_CLASSIC,SPY,True,Y2026,quoted,0.25,,183,183,0.5519125683060109,26.04813564669173,-32.07078642265014,0.005777123817235078,0.0005777123817235077,1.000402012265139,0.10572136585537528,73.68311113435541,88.49180327868852,0,0.04328014956857039,,-4.5500125364988975,4.297951111597685,0.17991949511231375,-0.17414237129507867,0.526736631684158,0.46946787402404394,-0.4636907502068089,0.5647176411794103
ORB15_CLASSIC,SPY,True,Y2026,low,0.5,,183,183,0.5519125683060109,25.54813564669173,-32.57078642265014,-0.4942228761827646,-0.04942228761827646,0.9661365005213685,-9.044278634144614,78.33311113435542,88.49180327868852,0,0.04328014956857039,,-5.0500125364988975,3.797951111597685,-0.32008050488768636,-0.17414237129507826,0.526736631684158,-0.030532125975956066,-0.46369075020680856,0.5647176411794103
ORB15_CLASSIC,SPY,True,Y2026,realistic,1.5,,183,183,0.5519125683060109,23.54813564669173,-34.57078642265013,-2.4942228761827647,-0.24942228761827645,0.8389861493130112,-45.6442786341446,96.9331111343554,88.49180327868852,0,0.04328014956857039,,-7.050012536498898,1.7979511115976845,-2.3200805048876854,-0.17414237129507937,0.526736631684158,-2.0305321259759563,-0.4636907502068084,0.5647176411794103
ORB15_CLASSIC,SPY,True,Y2026,pessimistic,4.0,,183,183,0.5409836065573771,18.97015995695115,-38.6843883580906,-7.494222876182766,-0.7494222876182767,0.5779511960673526,-137.14427863414465,166.429793843605,88.49180327868852,0,0.04328014956857039,,-12.0500125364989,-3.2020488884023157,-7.320080504887686,-0.1741423712950798,0.526736631684158,-7.030532125975956,-0.46369075020681016,0.5647176411794103
ORB15_CLASSIC,SPY,True,Y2026,opt_bach,200.0,0.01,183,183,0.47540983606557374,3217.604128353416,-5282.210506332237,-1241.3150242685663,-124.13150242685661,0.5520328540153181,-22716.06494411475,24959.50388656174,88.49180327868852,0,0.04328014956857039,,-1907.0404452803102,-582.4591217982546,-1806.5233463486506,565.2083220800844,0.12443778110944528,-1236.6782057046216,-4.636818563944644,0.5077461269365318
ORB15_CLASSIC,SPY,True,Y2026,opt_bach_pess,500.0,0.02,183,183,0.45901639344262296,2718.8967089068374,-5710.585585750727,-1841.3150242685663,-184.13150242685663,0.40397654977085773,-33696.06494411476,33696.06494411476,88.49180327868852,0,0.04328014956857039,,-2507.0404452803105,-1182.4591217982545,-2406.5233463486506,565.2083220800844,0.12443778110944528,-1836.6782057046212,-4.6368185639450985,0.5077461269365318
ORB15_CLASSIC,SPY,True,Y2026,opt_delta_no_decay,200.0,0.01,183,183,0.5519125683060109,3285.741760621681,-4888.511542743616,-377.0384080993809,-37.70384080993809,0.8278741152975243,-6899.8028682186705,13788.894251242386,88.49180327868852,0,0.04328014956857039,,-1027.6485273503044,219.4045207393446,-355.0233373716606,-22.015070727720286,0.5247376311844077,-371.81860826162284,-5.219799837758046,0.5057471264367817
ORB30_CLASSIC,QQQ,True,all,gross,0.0,,508,508,0.5452755905511811,47.43099888743342,-52.43711632954886,2.0185291726245467,0.20185291726245466,1.0846540932489697,102.54128196932729,134.0167587196967,192.58267716535434,0,0.030515446012218197,,-3.05625121956999,7.289690524309271,1.4490925301276638,0.5694366424968829,0.4357821089455272,-2.7449653826298124,4.7634945552543595,0.08295852073963018
ORB30_CLASSIC,QQQ,True,all,quoted,0.25,,508,508,0.5433070866141733,47.10183001800861,-52.70988045378063,1.5185291726245467,0.15185291726245467,1.0630822006931737,77.14128196932676,137.86675871969678,192.58267716535434,0,0.030515446012218197,,-3.55625121956999,6.789690524309271,0.9490925301276636,0.5694366424968831,0.4357821089455272,-3.244965382629813,4.7634945552543595,0.08295852073963018
ORB30_CLASSIC,QQQ,True,all,low,0.5,,508,508,0.5433070866141733,46.60183001800861,-53.20988045378063,1.0185291726245467,0.10185291726245466,1.0419137884180911,51.741281969327055,141.7167587196968,192.58267716535434,0,0.030515446012218197,,-4.056251219569989,6.28969052430927,0.44909253012766354,0.5694366424968831,0.4357821089455272,-3.744965382629813,4.7634945552543595,0.08295852073963018
ORB30_CLASSIC,QQQ,True,all,realistic,1.5,,508,508,0.531496062992126,45.6120869972398,-53.83970869563646,-0.9814708273754528,-0.09814708273754529,0.9610899804310117,-49.858718030672996,192.45353468369194,192.58267716535434,0,0.030515446012218197,,-6.056251219569989,4.289690524309272,-1.5509074698723364,0.5694366424968836,0.4357821089455272,-5.744965382629813,4.76349455525436,0.08295852073963018
ORB30_CLASSIC,QQQ,True,all,pessimistic,4.0,,508,508,0.5118110236220472,42.28166919259981,-56.57992407412371,-5.981470827375453,-0.5981470827375454,0.7834502632687229,-303.8587180306732,356.44281843074117,192.58267716535434,0,0.030515446012218197,,-11.056251219569988,-0.7103094756907283,-6.550907469872337,0.5694366424968837,0.4357821089455272,-10.744965382629811,4.763494555254358,0.08295852073963018
ORB30_CLASSIC,QQQ,True,all,opt_bach,200.0,0.01,508,508,0.3346456692913386,5442.533446001542,-7063.500955692396,-2878.410703157024,-287.8410703157024,0.387537130684939,-146223.26372037682,148282.22313923118,192.58267716535434,0,0.030515446012218197,,-3424.3826410547763,-2306.0296432786354,-2971.725813496371,93.31511033934703,0.3953023488255872,-3094.895850559195,216.48514740217115,0.26686656671664166
ORB30_CLASSIC,QQQ,True,all,opt_bach_pess,500.0,0.02,508,508,0.32086614173228345,5064.623813164673,-7514.684981882926,-3478.410703157024,-347.8410703157024,0.31842336127547755,-176703.2637203768,177922.22313923115,192.58267716535434,0,0.030515446012218197,,-4024.3826410547763,-2906.0296432786354,-3571.725813496371,93.31511033934703,0.3953023488255872,-3694.895850559195,216.48514740217115,0.26686656671664166
ORB30_CLASSIC,QQQ,True,all,opt_delta_no_decay,200.0,0.01,508,508,0.5295275590551181,4382.032226359726,-5252.388817974865,-150.69735945910753,-15.069735945910754,0.9390161854802099,-7655.425860522663,15451.667853100053,192.58267716535434,0,0.030515446012218197,,-612.6253100609018,325.9454937212744,-120.85119255155742,-29.846166907550113,0.5252373813093453,-372.3774554255767,221.6800959664692,0.24537731134432783
ORB30_CLASSIC,QQQ,True,IS,gross,0.0,,255,255,0.5529411764705883,51.01827353924786,-51.40211148144237,5.230336706468696,0.5230336706468697,1.2276061631039503,133.3735860149518,67.32034589983478,185.21960784313725,0,0.06413298182988658,,-2.664448353035077,12.913041145891643,0.6953694337951574,4.534967272673539,0.22138930534732634,-1.8210379515959303,7.051374658064627,0.10694652673663169
ORB30_CLASSIC,QQQ,True,IS,quoted,0.25,,255,255,0.5529411764705883,50.51827353924786,-51.90211148144237,4.730336706468696,0.47303367064686963,1.2038648527986051,120.62358601495163,70.07034589983483,185.21960784313725,0,0.06413298182988658,,-3.1644483530350778,12.413041145891643,0.19536943379515728,4.534967272673539,0.22138930534732634,-2.3210379515959305,7.051374658064627,0.10694652673663169
ORB30_CLASSIC,QQQ,True,IS,low,0.5,,255,255,0.5529411764705883,50.01827353924786,-52.40211148144237,4.230336706468696,0.42303367064686964,1.1805766026779385,107.87358601495183,72.82034589983479,185.21960784313725,0,0.06413298182988658,,-3.6644483530350778,11.913041145891643,-0.30463056620484275,4.534967272673539,0.22138930534732634,-2.82103795159593,7.051374658064626,0.10694652673663169
ORB30_CLASSIC,QQQ,True,IS,realistic,1.5,,255,255,0.5490196078431373,48.370492045423816,-53.9402871844332,2.230336706468696,0.22303367064686958,1.0916852593272564,56.87358601495178,83.8203458998348,185.21960784313725,0,0.06413298182988658,,-5.664448353035078,9.913041145891643,-2.3046305662048425,4.534967272673539,0.22138930534732634,-4.8210379515959305,7.051374658064626,0.10694652673663169
ORB30_CLASSIC,QQQ,True,IS,pessimistic,4.0,,255,255,0.5372549019607843,44.37783449716917,-57.5087073386666,-2.7696632935313046,-0.2769663293531305,0.8959237722816535,-70.62641398504833,117.809629646884,185.21960784313725,0,0.06413298182988658,,-10.664448353035077,4.913041145891641,-7.304630566204843,4.534967272673539,0.22138930534732634,-9.82103795159593,7.051374658064625,0.10694652673663169
ORB30_CLASSIC,QQQ,True,IS,opt_bach,200.0,0.01,255,255,0.3607843137254902,4908.032632220777,-6797.237853586734,-2574.159874393437,-257.4159874393437,0.4075446507917418,-65641.07679703264,66948.71518516459,185.21960784313725,0,0.06413298182988658,,-3369.4283386379407,-1752.9385392119405,-2879.4943181549484,305.33444376151147,0.28335832083958024,-2826.1533529299386,251.9934785365017,0.30934532733633185
ORB30_CLASSIC,QQQ,True,IS,opt_bach_pess,500.0,0.02,255,255,0.3411764705882353,4570.261118260593,-7184.66360273213,-3174.159874393437,-317.4159874393437,0.32941589135968935,-80941.0767970326,81768.71518516455,185.21960784313725,0,0.06413298182988658,,-3969.4283386379407,-2352.93853921194,-3479.4943181549484,305.33444376151147,0.28335832083958024,-3426.1533529299386,251.9934785365017,0.30934532733633185
ORB30_CLASSIC,QQQ,True,IS,opt_delta_no_decay,200.0,0.01,255,255,0.5490196078431373,4222.145261215324,-5329.9570029454535,-85.66556379835967,-8.566556379835967,0.9643610490396894,-2184.4718768581747,10440.440777424748,185.21960784313725,0,0.06413298182988658,,-747.6200660135555,575.1074486915708,-91.46656379980091,5.801000001441238,0.5082458770614693,-292.7321943533666,207.06663055500692,0.33233383308345826
ORB30_CLASSIC,QQQ,True,OOS,gross,0.0,,253,253,0.5375494071146245,43.7118391381258,-53.44558259180648,-1.2186681440958402,-0.12186681440958402,0.9506930314120438,-30.832304045624756,134.01675871969675,200.00395256916997,0,-0.0033678410767360957,,-7.776244723407708,5.578174885966537,2.2087739118066723,-3.4274420559025125,0.7611194402798601,-3.6761965878220684,2.457528443726228,0.27886056971514245
ORB30_CLASSIC,QQQ,True,OOS,quoted,0.25,,253,253,0.5335968379446641,43.53354456249207,-53.49026742705659,-1.7186681440958407,-0.17186681440958407,0.9311100654742336,-43.4823040456247,137.86675871969675,200.00395256916997,0,-0.0033678410767360957,,-8.276244723407707,5.078174885966537,1.7087739118066718,-3.4274420559025125,0.7611194402798601,-4.176196587822068,2.4575284437262277,0.27886056971514245
ORB30_CLASSIC,QQQ,True,OOS,low,0.5,,253,253,0.5335968379446641,43.03354456249207,-53.99026742705659,-2.2186681440958407,-0.22186681440958406,0.9118919919122896,-56.13230404562478,141.71675871969677,200.00395256916997,0,-0.0033678410767360957,,-8.776244723407707,4.578174885966537,1.208773911806672,-3.427442055902513,0.7611194402798601,-4.6761965878220675,2.457528443726227,0.27886056971514245
ORB30_CLASSIC,QQQ,True,OOS,realistic,1.5,,253,253,0.5138339920948617,42.64149694534932,-53.74567189716796,-4.218668144095839,-0.4218668144095839,0.8385465696708972,-106.73230404562474,157.11675871969675,200.00395256916997,0,-0.0033678410767360957,,-10.776244723407707,2.578174885966537,-0.7912260881933278,-3.4274420559025116,0.7611194402798601,-6.6761965878220675,2.457528443726228,0.27886056971514245
ORB30_CLASSIC,QQQ,True,OOS,pessimistic,4.0,,253,253,0.48616600790513836,39.94691596718515,-55.736874649384774,-9.218668144095838,-0.9218668144095838,0.6781135186013504,-233.23230404562477,263.4948555645488,200.00395256916997,0,-0.0033678410767360957,,-15.776244723407707,-2.421825114033463,-5.791226088193327,-3.427442055902511,0.7611194402798601,-11.676196587822067,2.457528443726229,0.27886056971514245
ORB30_CLASSIC,QQQ,True,OOS,opt_bach,200.0,0.01,253,253,0.308300395256917,6072.970303281417,-7311.506016510812,-3185.0666768120227,-318.5066676812023,0.3702123221643585,-80582.18692334412,83033.77255485795,200.00395256916997,0,-0.0033678410767360957,,-4018.7621485819627,-2323.781366414447,-3064.686411567765,-120.38026524425777,0.585207396301849,-3365.762794810027,180.6961179980044,0.35082458770614694
ORB30_CLASSIC,QQQ,True,OOS,opt_bach_pess,500.0,0.02,253,253,0.30039525691699603,5630.539003383816,-7827.925612941308,-3785.0666768120227,-378.5066676812023,0.30884715644561095,-95762.18692334418,97202.97161625828,200.00395256916997,0,-0.0033678410767360957,,-4618.762148581963,-2923.7813664144473,-3664.686411567765,-120.38026524425777,0.585207396301849,-3965.762794810027,180.6961179980044,0.35082458770614694
ORB30_CLASSIC,QQQ,True,OOS,opt_delta_no_decay,200.0,0.01,253,253,0.5098814229249012,4555.552963725744,-5180.450581913434,-216.24324046104707,-21.624324046104707,0.9148325112944921,-5470.953983664488,12844.06509257139,200.00395256916997,0,-0.0033678410767360957,,-895.2015077358038,497.990356085176,-150.46811085866378,-65.77512960238329,0.56071964017991,-452.65232330468183,236.40908284363476,0.3008495752123938
ORB30_CLASSIC,QQQ,True,Y2024,gross,0.0,,82,82,0.5609756097560976,39.27908665935818,-45.930695963972056,1.86991380033515,0.186991380033515,1.0927320610187212,15.33329316274823,24.727593612382414,189.3658536585366,0,0.0602817993949495,,-8.462720012478865,12.060166563455894,1.6095414184170411,0.26037238191810896,0.48875562218890556,-0.2183056641742017,2.088219464509352,0.38330834582708645
ORB30_CLASSIC,QQQ,True,Y2024,quoted,0.25,,82,82,0.5609756097560976,38.77908665935818,-46.430695963972056,1.3699138003351499,0.136991380033515,1.0672046616379764,11.233293162748224,26.677593612382417,189.3658536585366,0,0.0602817993949495,,-8.962720012478865,11.560166563455894,1.1095414184170411,0.26037238191810874,0.48875562218890556,-0.718305664174203,2.088219464509353,0.38330834582708645
ORB30_CLASSIC,QQQ,True,Y2024,low,0.5,,82,82,0.5609756097560976,38.27908665935818,-46.930695963972056,0.86991380033515,0.086991380033515,1.042221200480529,7.133293162748236,28.627593612382412,189.3658536585366,0,0.0602817993949495,,-9.462720012478865,11.060166563455894,0.6095414184170413,0.26037238191810863,0.48875562218890556,-1.2183056641742027,2.088219464509353,0.38330834582708645
ORB30_CLASSIC,QQQ,True,Y2024,realistic,1.5,,82,82,0.5609756097560976,36.27908665935818,-48.930695963972056,-1.1300861996648501,-0.11300861996648501,0.9473932429968858,-9.266706837251768,36.42759361238242,189.3658536585366,0,0.0602817993949495,,-11.462720012478865,9.060166563455894,-1.3904585815829587,0.2603723819181085,0.48875562218890556,-3.2183056641742027,2.0882194645093524,0.38330834582708645
ORB30_CLASSIC,QQQ,True,Y2024,pessimistic,4.0,,82,82,0.5365853658536586,32.79941151852969,-51.206346715469046,-6.1300861996648495,-0.6130086199664849,0.7416710701869093,-50.26670683725179,64.14303887723882,189.3658536585366,0,0.0602817993949495,,-16.46272001247887,4.060166563455894,-6.390458581582958,0.26037238191810896,0.48875562218890556,-8.218305664174203,2.0882194645093533,0.38330834582708645
ORB30_CLASSIC,QQQ,True,Y2024,opt_bach,200.0,0.01,82,82,0.36585365853658536,3862.9178577815246,-6980.64034526422,-3013.484905125534,-301.34849051255344,0.3192553041246912,-24710.576222029373,26245.870261135737,189.3658536585366,0,0.0602817993949495,,-4212.9249792824385,-1687.851812178819,-2929.915432854461,-83.56947227107321,0.5612193903048476,-3103.0327179224164,89.54781279688223,0.4332833583208396
ORB30_CLASSIC,QQQ,True,Y2024,opt_bach_pess,500.0,0.02,82,82,0.35365853658536583,3382.4537880035205,-7441.4513598565245,-3613.484905125534,-361.34849051255344,0.24871177831883892,-29630.576222029376,30625.87026113574,189.3658536585366,0,0.0602817993949495,,-4812.9249792824385,-2287.851812178819,-3529.9154328544605,-83.56947227107366,0.5612193903048476,-3703.0327179224164,89.54781279688223,0.4332833583208396
ORB30_CLASSIC,QQQ,True,Y2024,opt_delta_no_decay,200.0,0.01,82,82,0.5609756097560976,3668.225325164473,-5170.4514514862585,-212.16935726755582,-21.216935726755583,0.9065314408917787,-1739.7887295939581,4376.534772706954,189.3658536585366,0,0.0602817993949495,,-1232.8692626089994,847.7138021173519,142.01782408490766,-354.1871813524635,0.6986506746626686,-290.18162509389805,78.01226782634222,0.4387806096951524
ORB30_CLASSIC,QQQ,True,Y2025,gross,0.0,,245,245,0.5510204081632653,51.11063781254572,-51.75073128610596,4.9279822988653725,0.4927982298865372,1.2120928594045284,120.73556632220166,67.32034589983486,188.90204081632652,0,0.05376133200116203,,-3.0811719542904306,13.651228450768395,1.8032063187891898,3.1247759800761825,0.28785607196401797,-1.591957968154373,6.519940267019745,0.1329335332333833
ORB30_CLASSIC,QQQ,True,Y2025,quoted,0.25,,245,245,0.5510204081632653,50.61063781254572,-52.25073128610596,4.4279822988653725,0.4427982298865372,1.1887499747535923,108.4855663222015,70.07034589983483,188.90204081632652,0,0.05376133200116203,,-3.5811719542904306,13.151228450768397,1.3032063187891896,3.124775980076183,0.28785607196401797,-2.0919579681543734,6.519940267019746,0.1329335332333833
ORB30_CLASSIC,QQQ,True,Y2025,low,0.5,,245,245,0.5510204081632653,50.11063781254572,-52.75073128610596,3.927982298865372,0.39279822988653723,1.1658496031082928,96.23556632220169,72.82034589983482,188.90204081632652,0,0.05376133200116203,,-4.081171954290429,12.651228450768397,0.8032063187891896,3.1247759800761825,0.28785607196401797,-2.5919579681543734,6.519940267019745,0.1329335332333833
ORB30_CLASSIC,QQQ,True,Y2025,realistic,1.5,,245,245,0.5346938775510204,49.604130832121605,-52.857767331455385,1.9279822988653719,0.1927982298865372,1.078389060666055,47.23556632220163,88.8174106755774,188.90204081632652,0,0.05376133200116203,,-6.081171954290429,10.651228450768395,-1.196793681210811,3.124775980076183,0.28785607196401797,-4.591957968154373,6.519940267019745,0.1329335332333833
ORB30_CLASSIC,QQQ,True,Y2025,pessimistic,4.0,,245,245,0.5306122448979592,44.974611217507245,-57.38559821786023,-3.072017701134627,-0.30720177011346267,0.8859516400188037,-75.26443367779835,166.80669442262655,188.90204081632652,0,0.05376133200116203,,-11.081171954290433,5.651228450768394,-6.19679368121081,3.124775980076183,0.28785607196401797,-9.591957968154373,6.519940267019747,0.1329335332333833
ORB30_CLASSIC,QQQ,True,Y2025,opt_bach,200.0,0.01,245,245,0.34285714285714286,5613.171311160752,-6764.588883221551,-2520.785388004762,-252.07853880047622,0.4329326097156351,-61759.24200611667,61759.24200611667,188.90204081632652,0,0.05376133200116203,,-3359.017955578756,-1647.7566026322343,-2865.472761014861,344.68737301009924,0.2658670664667666,-2702.1358811000878,181.35049309532587,0.36231884057971014
ORB30_CLASSIC,QQQ,True,Y2025,opt_bach_pess,500.0,0.02,245,245,0.3224489795918367,5350.638383972767,-7152.366580692863,-3120.785388004762,-312.0785388004762,0.3560203630310537,-76459.2420061167,76459.2420061167,188.90204081632652,0,0.05376133200116203,,-3959.0179555787563,-2247.756602632234,-3465.472761014861,344.68737301009924,0.2658670664667666,-3302.1358811000873,181.35049309532542,0.36231884057971014
ORB30_CLASSIC,QQQ,True,Y2025,opt_delta_no_decay,200.0,0.01,245,245,0.5387755102040817,4565.727642321914,-5321.882065761291,5.3198994100678885,0.5319899410067889,1.002167333856443,130.3375355466635,10440.440777424748,188.90204081632652,0,0.05376133200116203,,-695.1082807553162,734.6985128040184,-170.26612522076093,175.5860246308288,0.3713143428285857,-179.6294616451603,184.94936105522817,0.35932033983008493
ORB30_CLASSIC,QQQ,True,Y2026,gross,0.0,,181,181,0.5303867403314917,46.16263125828029,-56.0810397170722,-1.852352348929438,-0.1852352348929438,0.9296656962122944,-33.527577515622845,134.01675871969675,199.02209944751382,0,-0.014435289041236003,,-10.551286282260403,7.019431717002074,0.8970776844823448,-2.749430033411783,0.6661669165417291,-5.450340595115133,3.597988246185695,0.2383808095952024
ORB30_CLASSIC,QQQ,True,Y2026,quoted,0.25,,181,181,0.5248618784530387,46.145589409960316,-55.92566010584254,-2.352352348929438,-0.2352352348929438,0.9114738905701256,-42.57757751562282,137.86675871969675,199.02209944751382,0,-0.014435289041236003,,-11.051286282260403,6.519431717002074,0.39707768448234426,-2.749430033411782,0.6661669165417291,-5.950340595115133,3.597988246185695,0.2383808095952024
ORB30_CLASSIC,QQQ,True,Y2026,low,0.5,,181,181,0.5248618784530387,45.645589409960316,-56.42566010584254,-2.8523523489294376,-0.2852352348929438,0.893608569636538,-51.627577515622875,141.71675871969677,199.02209944751382,0,-0.014435289041236003,,-11.551286282260403,6.019431717002074,-0.1029223155176552,-2.7494300334117825,0.6661669165417291,-6.450340595115133,3.5979882461856953,0.2383808095952024
ORB30_CLASSIC,QQQ,True,Y2026,realistic,1.5,,181,181,0.5138121546961326,44.60520821415419,-57.12000158037009,-4.852352348929438,-0.48523523489294385,0.8252729996545359,-87.82757751562285,157.11675871969678,199.02209944751382,0,-0.014435289041236003,,-13.551286282260403,4.019431717002073,-2.1029223155176555,-2.7494300334117825,0.6661669165417291,-8.450340595115133,3.597988246185695,0.2383808095952024
ORB30_CLASSIC,QQQ,True,Y2026,pessimistic,4.0,,181,181,0.47513812154696133,43.062330523077925,-57.754065264641376,-9.852352348929438,-0.9852352348929438,0.6749783090939356,-178.3275775156229,217.25843415798604,199.02209944751382,0,-0.014435289041236003,,-18.5512862822604,-0.9805682829979276,-7.102922315517656,-2.749430033411782,0.6661669165417291,-13.450340595115133,3.597988246185695,0.2383808095952024
ORB30_CLASSIC,QQQ,True,Y2026,opt_bach,200.0,0.01,181,181,0.30939226519337015,6032.799284809164,-7482.969718972964,-3301.2953310624725,-330.12953310624727,0.3611793420387447,-59753.44549223073,61322.61826198648,199.02209944751382,0,-0.014435289041236003,,-4293.601578331861,-2215.973651964334,-3134.4907254886707,-166.80460557380184,0.6056971514242878,-3622.8459577066933,321.55062664422076,0.2843578210894553
ORB30_CLASSIC,QQQ,True,Y2026,opt_bach_pess,500.0,0.02,181,181,0.30386740331491713,5540.765261088926,-8022.829716525385,-3901.2953310624725,-390.12953310624727,0.301463211391735,-70613.4454922307,71762.61826198647,199.02209944751382,0,-0.014435289041236003,,-4893.601578331861,-2815.9736519643334,-3734.4907254886716,-166.80460557380093,0.6056971514242878,-4222.845957706693,321.55062664422076,0.2843578210894553
ORB30_CLASSIC,QQQ,True,Y2026,opt_delta_no_decay,200.0,0.01,181,181,0.5027624309392266,4476.398408205586,-5197.911131238466,-334.03174952902583,-33.40317495290258,0.8707605909411443,-6045.974666475365,12844.06509257139,199.02209944751382,0,-0.014435289041236003,,-1131.6214491263909,532.8708233909495,-173.05340724898986,-160.97834228003597,0.607696151924038,-670.5173259415969,336.4855764125711,0.25987006496751625
ORB30_CLASSIC,SPY,True,all,gross,0.0,,511,511,0.5244618395303327,33.35718763093174,-36.121330682534804,0.3175008399877717,0.031750083998777164,1.018483991670062,16.224292923375117,86.76617586628535,158.0958904109589,0,0.012501059596395645,,-3.5612903436341465,4.25985692231831,0.4061592881194598,-0.0886584481316881,0.5152423788105946,1.5198494317671187,-1.202348591779347,0.6796601699150425
ORB30_CLASSIC,SPY,True,all,quoted,0.25,,511,511,0.5225048923679061,32.980479985738526,-36.47149683179686,-0.18249916001222835,-0.018249916001222836,0.9895205532292678,-9.325707076624898,98.83686138959548,158.0958904109589,0,0.012501059596395645,,-4.0612903436341465,3.75985692231831,-0.09384071188053998,-0.08865844813168837,0.5152423788105946,1.0198494317671185,-1.2023485917793468,0.6796601699150425
ORB30_CLASSIC,SPY,True,all,low,0.5,,511,511,0.5185909980430529,32.72849513914075,-36.67401740909979,-0.6824991600122284,-0.06824991600122285,0.9613428860556266,-34.87570707662491,113.93686138959549,158.0958904109589,0,0.012501059596395645,,-4.5612903436341465,3.2598569223183103,-0.5938407118805399,-0.08865844813168855,0.5152423788105946,0.5198494317671185,-1.202348591779347,0.6796601699150425
ORB30_CLASSIC,SPY,True,all,realistic,1.5,,511,511,0.5146771037181996,30.96593556279397,-38.36612146685913,-2.6824991600122288,-0.2682499160012229,0.8559341929346654,-137.07570707662475,174.33686138959536,158.0958904109589,0,0.012501059596395645,,-6.5612903436341465,1.2598569223183105,-2.5938407118805396,-0.08865844813168922,0.5152423788105946,-1.4801505682328815,-1.2023485917793473,0.6796601699150425
ORB30_CLASSIC,SPY,True,all,pessimistic,4.0,,511,511,0.4892367906066536,27.43423564490035,-41.31921832180589,-7.682499160012229,-0.7682499160012229,0.6359753296062683,-392.5757070766249,396.56092443592115,158.0958904109589,0,0.012501059596395645,,-11.561290343634148,-3.74014307768169,-7.59384071188054,-0.08865844813168877,0.5152423788105946,-6.480150568232882,-1.202348591779347,0.6796601699150425
ORB30_CLASSIC,SPY,True,all,opt_bach,200.0,0.01,511,511,0.3698630136986301,4398.517189335654,-6512.63204508855,-2477.0015063289125,-247.70015063289125,0.3964201159206022,-126574.77697340761,127142.73554818919,158.0958904109589,0,0.012501059596395645,,-3041.5681207695516,-1919.6794165520535,-2613.4534925641374,136.45198623522492,0.33883058470764615,-2514.7359538728338,37.734447543921306,0.4472763618190905
ORB30_CLASSIC,SPY,True,all,opt_bach_pess,500.0,0.02,511,511,0.3542074363992172,3982.6778963077886,-6949.12869383571,-3077.0015063289125,-307.7001506328912,0.31434710432950524,-157234.7769734076,157742.73554818917,158.0958904109589,0,0.012501059596395645,,-3641.5681207695516,-2519.6794165520528,-3213.350491792332,136.34898546341947,0.33883058470764615,-3114.7359538728338,37.734447543921306,0.4472763618190905
ORB30_CLASSIC,SPY,True,all,opt_delta_no_decay,200.0,0.01,511,511,0.5146771037181996,4047.982529921743,-5048.33387174784,-366.6680916321843,-36.66680916321843,0.8503439534705215,-18736.739482404602,19939.634827024776,158.0958904109589,0,0.012501059596395645,,-834.9859306199131,98.29773970004543,-206.89286493647126,-159.77522669571306,0.6831584207896052,-348.5103016918978,-18.157789940286534,0.5157421289355323
ORB30_CLASSIC,SPY,True,IS,gross,0.0,,257,257,0.5214007782101168,35.35419403371125,-36.990346433080894,0.7301532655578163,0.07301532655578163,1.0412433225895037,18.76493892483586,64.31571043193621,151.2295719844358,0,0.0097343679521639,,-4.535558802178888,6.5943976832475615,1.0448995982955034,-0.31474633273768704,0.5362318840579711,1.4696968312788607,-0.7395435657210444,0.5822088955522239
ORB30_CLASSIC,SPY,True,IS,quoted,0.25,,257,257,0.5214007782101168,34.85419403371125,-37.490346433080894,0.23015326555781623,0.023015326555781625,1.0128270178655445,5.914938924835865,69.6157104319362,151.2295719844358,0,0.0097343679521639,,-5.035558802178889,6.0943976832475615,0.5448995982955033,-0.31474633273768704,0.5362318840579711,0.9696968312788606,-0.7395435657210444,0.5822088955522239
ORB30_CLASSIC,SPY,True,IS,low,0.5,,257,257,0.5175097276264592,34.61472030045857,-37.68635815090832,-0.2698467344421833,-0.026984673444218333,0.9851596400818218,-6.935061075164123,74.91571043193619,151.2295719844358,0,0.0097343679521639,,-5.535558802178889,5.5943976832475615,0.04489959829550338,-0.3147463327376867,0.5362318840579711,0.46969683127886064,-0.739543565721044,0.5822088955522239
ORB30_CLASSIC,SPY,True,IS,realistic,1.5,,257,257,0.5175097276264592,32.61472030045857,-39.68635815090831,-2.2698467344421833,-0.22698467344421833,0.8814595082925302,-58.335061075164106,96.11571043193621,151.2295719844358,0,0.0097343679521639,,-7.535558802178889,3.5943976832475615,-1.9551004017044962,-0.31474633273768715,0.5362318840579711,-1.5303031687211393,-0.7395435657210441,0.5822088955522239
ORB30_CLASSIC,SPY,True,IS,pessimistic,4.0,,257,257,0.4980544747081712,28.787806695468817,-43.04798347109806,-7.269846734442185,-0.7269846734442185,0.6635536231896639,-186.8350610751642,190.82027843446045,151.2295719844358,0,0.0097343679521639,,-12.535558802178887,-1.405602316752437,-6.955100401704497,-0.3147463327376876,0.5362318840579711,-6.530303168721139,-0.7395435657210454,0.5822088955522239
ORB30_CLASSIC,SPY,True,IS,opt_bach,200.0,0.01,257,257,0.3657587548638132,3983.8670184253933,-6078.847811401633,-2398.321764694472,-239.83217646944723,0.3779408293990646,-61636.869352647955,62204.82792742953,151.2295719844358,0,0.0097343679521639,,-3071.6621616672064,-1706.384202731899,-2359.037899697149,-39.283864997323235,0.5292353823088456,-2650.7954208664323,252.4736561719601,0.2723638180909545
ORB30_CLASSIC,SPY,True,IS,opt_bach_pess,500.0,0.02,257,257,0.33852140077821014,3685.4805422023073,-6418.855886459294,-2998.321764694472,-299.83217646944723,0.2938372350272051,-77056.869352648,77564.82792742958,151.2295719844358,0,0.0097343679521639,,-3671.6621616672064,-2306.3842027318988,-2958.938416020324,-39.38334867414824,0.5292353823088456,-3250.7954208664323,252.4736561719601,0.2723638180909545
ORB30_CLASSIC,SPY,True,IS,opt_delta_no_decay,200.0,0.01,257,257,0.5175097276264592,3745.140127620285,-4757.790558300907,-357.44121500316925,-35.74412150031693,0.8442920647891936,-9186.23922558145,10494.236495443842,151.2295719844358,0,0.0097343679521639,,-957.5893561774793,217.5922714317646,-39.01735990377793,-318.4238550993913,0.7706146926536732,-521.7896400363194,164.34842503315014,0.3428285857071464
ORB30_CLASSIC,SPY,True,OOS,gross,0.0,,254,254,0.5275590551181102,31.360181228152243,-35.23058953822506,-0.10002543312837572,-0.010002543312837573,0.9939904355023067,-2.540646001460744,53.2036896218121,165.04330708661416,0,0.015300428700992335,,-4.575207720340834,4.601924944641156,-0.24012519894842593,0.1400997658200502,0.4862568715642179,1.5705943858044504,-1.670619818932826,0.696151924037981
ORB30_CLASSIC,SPY,True,OOS,quoted,0.25,,254,254,0.5236220472440944,31.092677862217137,-35.43580674123543,-0.6000254331283758,-0.060002543312837574,0.9644552322463092,-15.240646001460753,57.203689621812096,165.04330708661416,0,0.015300428700992335,,-5.075207720340834,4.101924944641156,-0.7401251989484261,0.14009976582005035,0.4862568715642179,1.0705943858044504,-1.6706198189328263,0.696151924037981
ORB30_CLASSIC,SPY,True,OOS,low,0.5,,254,254,0.5196850393700787,30.8279803932675,-35.64508091742555,-1.1000254331283756,-0.11000254331283757,0.9357494266692481,-27.940646001460767,61.203689621812124,165.04330708661416,0,0.015300428700992335,,-5.575207720340833,3.6019249446411568,-1.240125198948426,0.14009976582005046,0.4862568715642179,0.5705943858044502,-1.6706198189328259,0.696151924037981
ORB30_CLASSIC,SPY,True,OOS,realistic,1.5,,254,254,0.5118110236220472,29.27910194656788,-37.04588478280993,-3.1000254331283763,-0.3100025433128376,0.8285895414802308,-78.74064600146077,86.38969578752923,165.04330708661416,0,0.015300428700992335,,-7.575207720340833,1.6019249446411568,-3.240125198948426,0.1400997658200498,0.4862568715642179,-1.4294056141955505,-1.6706198189328259,0.696151924037981
ORB30_CLASSIC,SPY,True,OOS,pessimistic,4.0,,254,254,0.48031496062992124,26.014095526271145,-39.629743289543086,-8.100025433128376,-0.8100025433128376,0.6066991284301114,-205.74064600146076,210.16324056833355,165.04330708661416,0,0.015300428700992335,,-12.575207720340831,-3.3980750553588437,-8.240125198948427,0.14009976582005024,0.4862568715642179,-6.4294056141955505,-1.6706198189328259,0.696151924037981
ORB30_CLASSIC,SPY,True,OOS,opt_bach,200.0,0.01,254,254,0.37401574803149606,4808.802621604754,-6957.329089685826,-2556.610536250375,-255.66105362503748,0.4129722655442869,-64937.9076207595,66480.17770814926,165.04330708661416,0,0.015300428700992335,,-3312.1396492762015,-1769.6688521794622,-2870.873994008295,314.26345775792015,0.25537231384307846,-2377.0694853005707,-179.54105094980423,0.6441779110444777
ORB30_CLASSIC,SPY,True,OOS,opt_bach_pess,500.0,0.02,254,254,0.3700787401574803,4257.743532554352,-7512.54355167315,-3156.610536250375,-315.6610536250375,0.33296636594121026,-80177.90762075952,81360.17770814929,165.04330708661416,0,0.015300428700992335,,-3912.1396492762015,-2369.6688521794617,-3470.767434601016,314.15689835064086,0.25537231384307846,-2977.0694853005702,-179.54105094980468,0.6441779110444777
ORB30_CLASSIC,SPY,True,OOS,opt_delta_no_decay,200.0,0.01,254,254,0.5118110236220472,4357.813603045543,-5338.877185194776,-376.0039471190223,-37.60039471190223,0.8557371509218051,-9550.500256823165,11310.148420024963,165.04330708661416,0,0.015300428700992335,,-1016.0592375174082,287.45597789576846,-376.7511515246689,0.7472044056465847,0.4892553723138431,-173.18435698907757,-202.81959012994474,0.6626686656671664
ORB30_CLASSIC,SPY,True,Y2024,gross,0.0,,82,82,0.5365853658536586,25.241455963998565,-31.373497046195823,-0.9947417724329773,-0.09947417724329773,0.9315808488900859,-8.156882533950418,27.62445986276785,141.64634146341464,0,0.011519776817911482,,-8.149647651824944,6.106307061066284,5.955079654183176,-6.949821426616153,0.904047976011994,-1.3074470532093818,0.31270528077640447,0.48375812093953025
ORB30_CLASSIC,SPY,True,Y2024,quoted,0.25,,82,82,0.5365853658536586,24.741455963998565,-31.873497046195823,-1.4947417724329777,-0.14947417724329778,0.8988032157564543,-12.256882533950415,28.832187659907536,141.64634146341464,0,0.011519776817911482,,-8.649647651824944,5.606307061066284,5.455079654183176,-6.949821426616153,0.904047976011994,-1.8074470532093818,0.31270528077640414,0.48375812093953025
ORB30_CLASSIC,SPY,True,Y2024,low,0.5,,82,82,0.524390243902439,24.812089810688825,-31.550991979464715,-1.994741772432977,-0.19947417724329772,0.8670700291346646,-16.35688253395041,32.48218765990754,141.64634146341464,0,0.011519776817911482,,-9.149647651824944,5.106307061066284,4.9550796541831765,-6.949821426616154,0.904047976011994,-2.3074470532093816,0.3127052807764046,0.48375812093953025
ORB30_CLASSIC,SPY,True,Y2024,realistic,1.5,,82,82,0.524390243902439,22.81208981068883,-33.55099197946471,-3.9947417724329766,-0.39947417724329765,0.7496586492920474,-32.75688253395041,47.08218765990755,141.64634146341464,0,0.011519776817911482,,-11.14964765182494,3.106307061066284,2.955079654183177,-6.949821426616154,0.904047976011994,-4.3074470532093825,0.3127052807764059,0.48375812093953025
ORB30_CLASSIC,SPY,True,Y2024,pessimistic,4.0,,82,82,0.5,18.77611201798357,-36.765595562849526,-8.994741772432977,-0.8994741772432977,0.5106978883528882,-73.75688253395046,83.58218765990758,141.64634146341464,0,0.011519776817911482,,-16.149647651824946,-1.8936929389337163,-2.044920345816823,-6.949821426616154,0.904047976011994,-9.307447053209382,0.31270528077640414,0.48375812093953025
ORB30_CLASSIC,SPY,True,Y2024,opt_bach,200.0,0.01,82,82,0.3780487804878049,3308.464159083489,-5898.464436650764,-2417.796308995132,-241.77963089951322,0.3409408085021193,-19825.929733760084,21209.04186653089,141.64634146341464,0,0.011519776817911482,,-3559.543972894132,-1244.0610561369233,-1296.7930252454353,-1121.003283749697,0.8990504747626187,-2788.855936969851,371.05962797471875,0.3173413293353323
ORB30_CLASSIC,SPY,True,Y2024,opt_bach_pess,500.0,0.02,82,82,0.34146341463414637,3033.505667605013,-6155.508445010021,-3017.796308995132,-301.7796308995132,0.25553191563877714,-24745.92973376008,25589.041866530886,141.64634146341464,0,0.011519776817911482,,-4159.543972894132,-1844.0610561369235,-1896.4812288436794,-1121.3150801514528,0.8990504747626187,-3388.855936969851,371.05962797471875,0.3173413293353323
ORB30_CLASSIC,SPY,True,Y2024,opt_delta_no_decay,200.0,0.01,82,82,0.524390243902439,3365.1401909318324,-4837.62626798116,-536.1755639170298,-53.617556391702976,0.7669635000897921,-4396.639624119643,6366.753129608538,141.64634146341464,0,0.011519776817911482,,-1540.9287347355146,470.0731563179045,665.52143514528,-1201.6969990623097,0.9420289855072463,-827.4612853646022,291.2857214475724,0.3598200899550225
ORB30_CLASSIC,SPY,True,Y2025,gross,0.0,,247,247,0.5182186234817814,37.250358015986734,-38.5953352542101,0.7093155092927199,0.07093155092927199,1.0381464941209877,17.520093079530163,86.76617586628534,160.37246963562754,0,0.005115557411366715,,-5.430544503259526,6.89508669976054,0.5992725780459626,0.11004293124675735,0.4917541229385307,0.7078496627001368,0.0014658465925830866,0.4877561219390305
ORB30_CLASSIC,SPY,True,Y2025,quoted,0.25,,247,247,0.5141700404858299,37.040218087785675,-38.770056386278995,0.20931550929271966,0.020931550929271965,1.0111127279689311,5.1700930795301945,94.66617586628531,160.37246963562754,0,0.005115557411366715,,-5.930544503259526,6.39508669976054,0.09927257804596255,0.11004293124675711,0.4917541229385307,0.20784966270013655,0.0014658465925831143,0.4877561219390305
ORB30_CLASSIC,SPY,True,Y2025,low,0.5,,247,247,0.5141700404858299,36.540218087785675,-39.270056386278995,-0.2906844907072803,-0.02906844907072803,0.9847638218081378,-7.179906920469829,102.56617586628533,160.37246963562754,0,0.005115557411366715,,-6.430544503259526,5.89508669976054,-0.40072742195403743,0.11004293124675713,0.4917541229385307,-0.2921503372998632,0.00146584659258292,0.4877561219390305
ORB30_CLASSIC,SPY,True,Y2025,realistic,1.5,,247,247,0.5141700404858299,34.540218087785675,-41.270056386278995,-2.290684490707279,-0.2290684490707279,0.8857527065327665,-56.579906920469874,134.16617586628536,160.37246963562754,0,0.005115557411366715,,-8.43054450325953,3.89508669976054,-2.4007274219540378,0.11004293124675879,0.4917541229385307,-2.2921503372998626,0.0014658465925836417,0.4877561219390305
ORB30_CLASSIC,SPY,True,Y2025,pessimistic,4.0,,247,247,0.4939271255060729,30.853647407576936,-44.519552423432685,-7.290684490707281,-0.7290684490707281,0.6764030236284485,-180.0799069204699,219.60134588015572,160.37246963562754,0,0.005115557411366715,,-13.43054450325953,-1.1049133002394615,-7.400727421954038,0.11004293124675701,0.4917541229385307,-7.292150337299862,0.0014658465925814212,0.4877561219390305
ORB30_CLASSIC,SPY,True,Y2025,opt_bach,200.0,0.01,247,247,0.3643724696356275,4478.620989198892,-6460.072346592774,-2474.3136412435842,-247.43136412435845,0.39742006168867133,-61115.546938716514,61207.76891830791,160.37246963562754,0,0.005115557411366715,,-3233.876493512552,-1715.719688134782,-2797.571169416962,323.257528173378,0.23438280859570215,-2745.8114017106777,271.4977604670935,0.27936031984008
ORB30_CLASSIC,SPY,True,Y2025,opt_bach_pess,500.0,0.02,247,247,0.3481781376518219,4077.365426815837,-6894.465193126257,-3074.3136412435842,-307.4313641243584,0.3159014562318244,-75935.54693871656,75967.76891830796,160.37246963562754,0,0.005115557411366715,,-3833.876493512552,-2315.719688134782,-3397.571169416962,323.257528173378,0.23438280859570215,-3345.811401710677,271.4977604670926,0.27936031984008
ORB30_CLASSIC,SPY,True,Y2025,opt_delta_no_decay,200.0,0.01,247,247,0.5141700404858299,4056.5434472492307,-5001.741200436282,-344.2426164036508,-34.42426164036508,0.8583361226215168,-8502.792625170176,15001.530485637508,160.37246963562754,0,0.005115557411366715,,-982.9561802461371,295.12613351074873,-261.09961693373936,-83.14299946991144,0.568215892053973,-589.4045393604074,245.1619229567566,0.29685157421289354
ORB30_CLASSIC,SPY,True,Y2026,gross,0.0,,182,182,0.5274725274725275,31.88600413153613,-34.79587875406413,0.3769825482305149,0.03769825482305149,1.0229280105878817,6.861082377795357,53.20368962181211,162.41758241758242,0,0.02296635754990031,,-5.589586964842652,6.093772291781641,-2.355986055996314,2.732968604226829,0.24237881059470265,3.8956859962045773,-3.5187034479740626,0.8335832083958021
ORB30_CLASSIC,SPY,True,Y2026,quoted,0.25,,182,182,0.5274725274725275,31.38600413153613,-35.29587875406413,-0.12301745176948495,-0.012301745176948495,0.9926240890555554,-2.2389176222046507,57.2036896218121,162.41758241758242,0,0.02296635754990031,,-6.089586964842652,5.593772291781642,-2.855986055996314,2.732968604226829,0.24237881059470265,3.3956859962045773,-3.518703447974062,0.8335832083958021
ORB30_CLASSIC,SPY,True,Y2026,low,0.5,,182,182,0.521978021978022,31.21603845119894,-35.38980263317179,-0.6230174517694852,-0.062301745176948524,0.963172333055071,-11.338917622204628,61.2036896218121,162.41758241758242,0,0.02296635754990031,,-6.589586964842652,5.093772291781643,-3.355986055996313,2.7329686042268277,0.24237881059470265,2.8956859962045773,-3.5187034479740626,0.8335832083958021
ORB30_CLASSIC,SPY,True,Y2026,realistic,1.5,,182,182,0.510989010989011,29.854983806520572,-36.56070415987033,-2.623017451769485,-0.2623017451769485,0.8532871986031074,-47.73891762220462,77.20368962181209,162.41758241758242,0,0.02296635754990031,,-8.589586964842653,3.093772291781642,-5.355986055996313,2.732968604226828,0.24237881059470265,0.8956859962045784,-3.5187034479740635,0.8335832083958021
ORB30_CLASSIC,SPY,True,Y2026,pessimistic,4.0,,182,182,0.47802197802197804,26.719463617969833,-39.073500115636016,-7.623017451769486,-0.7623017451769486,0.6262403790653273,-138.73891762220455,147.97723440261635,162.41758241758242,0,0.02296635754990031,,-13.589586964842653,-1.906227708218358,-10.355986055996313,2.7329686042268273,0.24237881059470265,-4.104314003795422,-3.5187034479740635,0.8335832083958021
ORB30_CLASSIC,SPY,True,Y2026,opt_bach,200.0,0.01,182,182,0.37362637362637363,4789.433394484559,-6859.776086265424,-2507.324192358838,-250.73241923588378,0.41646476084786066,-45633.300300930816,46647.43910277701,162.41758241758242,0,0.02296635754990031,,-3437.4650159202197,-1588.86365095818,-2956.800152660214,449.47596030137584,0.22338830584707647,-2077.628952609632,-429.69523974920594,0.7866066966516742
ORB30_CLASSIC,SPY,True,Y2026,opt_bach_pess,500.0,0.02,182,182,0.36813186813186816,4257.807669143394,-7398.31405949492,-3107.324192358837,-310.7324192358837,0.3352974410803544,-56553.300300930845,57426.60340354278,162.41758241758242,0,0.02296635754990031,,-4037.4650159202197,-2188.8636509581797,-3556.651437883022,449.32724552418495,0.22338830584707647,-2677.6289526096316,-429.6952397492055,0.7866066966516742
ORB30_CLASSIC,SPY,True,Y2026,opt_delta_no_decay,200.0,0.01,182,182,0.510989010989011,4352.014616760188,-5203.4879965151185,-320.7311666546593,-32.07311666546593,0.8739543134060913,-5837.3072331148005,10082.540086270048,162.41758241758242,0,0.02296635754990031,,-1153.5799094354525,497.0857160659211,-526.3923422077812,205.6611755531219,0.36681659170414793,194.20869482064953,-514.9398614753088,0.8375812093953023
ORB5_QQQ,QQQ,True,all,gross,0.0,,510,510,0.27058823529411763,70.96724005322376,-24.37323979766548,1.424772397281022,0.1424772397281022,1.0801418692175448,72.66339226133219,77.91173487381565,130.50980392156862,0,0.15408407786059836,36.7999761188995,-2.9447796930602856,5.938574527037131,-1.4646895343679798,2.889461931649002,0.24237881059470265,2.5320830332366877,-1.1073106359556657,0.6191904047976012
ORB5_QQQ,QQQ,True,all,quoted,0.25,,510,510,0.27058823529411763,70.46724005322376,-24.87323979766548,0.9247723972810219,0.09247723972810219,1.0509717727010222,47.16339226133221,96.96173487381564,130.50980392156862,0,0.15408407786059836,27.90401352878735,-3.4447796930602856,5.43857452703713,-1.9646895343679798,2.889461931649002,0.24237881059470265,2.0320830332366877,-1.107310635955666,0.6191904047976012
ORB5_QQQ,QQQ,True,all,low,0.5,,510,510,0.26862745098039215,70.47966862299997,-25.305846323693498,0.42477239728102184,0.04247723972810218,1.0229507438262824,21.663392261332056,116.01173487381581,130.50980392156862,0,0.15408407786059836,19.008050938675144,-3.9447796930602856,4.938574527037131,-2.4646895343679796,2.8894619316490013,0.24237881059470265,1.532083033236688,-1.1073106359556661,0.6191904047976012
ORB5_QQQ,QQQ,True,all,realistic,1.5,,510,510,0.26666666666666666,68.98739273687008,-27.234362271660455,-1.575227602718978,-0.1575227602718978,0.9211276688381816,-80.33660773866782,192.21173487381571,130.50980392156862,0,0.15408407786059836,-16.57579942177359,-5.944779693060285,2.9385745270371326,-4.46468953436798,2.8894619316490022,0.24237881059470265,-0.4679169667633122,-1.107310635955666,0.6191904047976012
ORB5_QQQ,QQQ,True,all,pessimistic,4.0,,510,510,0.2549019607843137,67.02166059970446,-31.75311040881121,-6.575227602718979,-0.6575227602718978,0.7220855702494756,-335.33660773866785,399.49850099279627,130.50980392156862,0,0.15408407786059836,-105.5354253228954,-10.944779693060287,-2.0614254729628674,-9.464689534367979,2.8894619316490004,0.24237881059470265,-5.467916966763312,-1.1073106359556668,0.6191904047976012
ORB5_QQQ,QQQ,True,all,opt_bach,200.0,0.01,510,510,0.1568627450980392,10349.265220734707,-3336.3630513664734,-1189.5978322133471,-118.9597832213347,0.5771088645287296,-60669.48944288071,68675.09684186325,130.50980392156862,0,0.15408407786059836,-19552.691847069083,-1723.6636184280164,-621.4204919686495,-1546.803145635256,357.20531342190884,0.15592203898050974,-1042.3035075297432,-147.29432468360392,0.6586706646676662
ORB5_QQQ,QQQ,True,all,opt_bach_pess,500.0,0.02,510,510,0.14705882352941177,10418.130792702503,-3894.378629612632,-1789.5978322133471,-178.9597832213347,0.46123646872937496,-91269.48944288076,98499.47260239789,130.50980392156862,0,0.15408407786059836,-30227.8469552037,-2323.6636184280164,-1221.4204919686492,-2146.295028086271,356.6971958729239,0.15592203898050974,-1642.3035075297432,-147.29432468360392,0.6586706646676662
ORB5_QQQ,QQQ,True,all,opt_delta_no_decay,200.0,0.01,510,510,0.2627450980392157,6917.583193605463,-2628.590256893211,-120.37997774257907,-12.037997774257907,0.9378825389917855,-6139.378864871533,17524.75898274572,130.50980392156862,0,0.15408407786059836,-1035.484062118781,-544.3754728131537,328.9496786146155,-150.14135964219255,29.761381899613482,0.4657671164417791,-147.0545987004722,26.67462095789314,0.4432783608195902
ORB5_QQQ,QQQ,True,IS,gross,0.0,,255,255,0.26666666666666666,73.90470647725081,-22.675440239645866,3.0792655515265865,0.30792655515265865,1.1851782560769373,78.52127156392795,75.4698114271684,131.92549019607844,0,0.20671377622959275,33.648979649938056,-3.234577871597612,10.04586067874024,-2.558883147966755,5.638148699493342,0.23488255872063968,2.7762266869306327,0.30303886459595386,0.48425787106446777
ORB5_QQQ,QQQ,True,IS,quoted,0.25,,255,255,0.26666666666666666,73.40470647725081,-23.175440239645866,2.5792655515265865,0.25792655515265867,1.1517632571880754,65.771271563928,80.6217482411431,131.92549019607844,0,0.20671377622959275,29.05364673835011,-3.734577871597613,9.545860678740238,-3.058883147966755,5.638148699493342,0.23488255872063968,2.2762266869306327,0.30303886459595386,0.48425787106446777
ORB5_QQQ,QQQ,True,IS,low,0.5,,255,255,0.2627450980392157,73.99635096207719,-23.550759568190923,2.0792655515265865,0.20792655515265865,1.119753267157711,53.021271563927925,85.92174824114315,131.92549019607844,0,0.20671377622959275,24.458313826762147,-4.2345778715976135,9.04586067874024,-3.558883147966756,5.6381486994933425,0.23488255872063968,1.776226686930633,0.30303886459595364,0.48425787106446777
ORB5_QQQ,QQQ,True,IS,realistic,1.5,,255,255,0.2627450980392157,71.99635096207719,-25.550759568190923,0.0792655515265872,0.007926555152658719,1.004207876662251,2.0212715639279617,107.12174824114311,131.92549019607844,0,0.20671377622959275,6.076982180410322,-6.234577871597612,7.04586067874024,-5.558883147966756,5.638148699493343,0.23488255872063968,-0.2237733130693674,0.3030388645959546,0.48425787106446777
ORB5_QQQ,QQQ,True,IS,pessimistic,4.0,,255,255,0.25882352941176473,68.07399617249517,-30.41095783992276,-4.920734448473414,-0.4920734448473414,0.7816876996908299,-125.47872843607199,174.6511589359597,131.92549019607844,0,0.20671377622959275,-39.87634693546923,-11.23457787159761,2.0458606787402402,-10.558883147966757,5.6381486994933425,0.23488255872063968,-5.223773313069367,0.303038864595953,0.48425787106446777
ORB5_QQQ,QQQ,True,IS,opt_bach,200.0,0.01,255,255,0.15294117647058825,11373.442459613712,-3143.4617753901716,-923.2293629778129,-92.32293629778128,0.6532728465005144,-23542.34875593424,31893.896812196654,131.92549019607844,0,0.20671377622959275,-8094.275271496249,-1684.5034123302542,-52.18965274207228,-1380.9365583005026,457.7071953226897,0.21139430284857572,-1054.9008511334805,131.6714881556676,0.4287856071964018
ORB5_QQQ,QQQ,True,IS,opt_bach_pess,500.0,0.02,255,255,0.1450980392156863,11371.075576715384,-3711.7123114578512,-1523.2293629778128,-152.32293629778127,0.5199630338416861,-38842.348755934225,44973.896812196646,131.92549019607844,0,0.20671377622959275,-13608.674765401796,-2284.503412330254,-652.1896527420723,-1980.6581391339473,457.4287761561345,0.21139430284857572,-1654.9008511334803,131.67148815566748,0.4287856071964018
ORB5_QQQ,QQQ,True,IS,opt_delta_no_decay,200.0,0.01,255,255,0.25882352941176473,7290.365509210209,-2413.6656549261957,97.96594049734456,9.796594049734455,1.0547616314029336,2498.1314826822845,10918.826522403833,131.92549019607844,0,0.20671377622959275,1336.5846110680877,-517.2869297935449,730.7619964785254,14.43257959228187,83.5333609050627,0.43228385807096453,-313.4780482663295,411.44398876367404,0.18840579710144928
ORB5_QQQ,QQQ,True,OOS,gross,0.0,,255,255,0.27450980392156865,68.11370124131177,-26.089393945501527,-0.2297207569645428,-0.02297207569645428,0.9878631858936211,-5.8578793025958324,76.32958678794176,129.09411764705882,0,0.101454379491604,3.1509964689614485,-5.797709672555367,5.8974257954130165,-0.3704959207692031,0.14077516380466032,0.495752123938031,2.2879393795427427,-2.5176601365072857,0.7331334332833583
ORB5_QQQ,QQQ,True,OOS,quoted,0.25,,255,255,0.27450980392156865,67.61370124131177,-26.589393945501527,-0.7297207569645431,-0.07297207569645431,0.962171709678099,-18.60787930259584,82.82958678794176,129.09411764705882,0,0.101454379491604,-1.1496332095627748,-6.297709672555367,5.3974257954130165,-0.8704959207692031,0.14077516380466004,0.495752123938031,1.787939379542743,-2.517660136507286,0.7331334332833583
ORB5_QQQ,QQQ,True,OOS,low,0.5,,255,255,0.27450980392156865,67.11370124131177,-27.089393945501527,-1.229720756964543,-0.1229720756964543,0.9374286295864329,-31.35787930259582,89.6213249061126,129.09411764705882,0,0.101454379491604,-5.450262888087005,-6.797709672555367,4.8974257954130165,-1.370495920769203,0.14077516380465993,0.495752123938031,1.2879393795427432,-2.517660136507286,0.7331334332833583
ORB5_QQQ,QQQ,True,OOS,realistic,1.5,,255,255,0.27058823529411763,66.06565069210374,-28.936068230006004,-3.229720756964543,-0.3229720756964543,0.846978416761325,-82.35787930259579,129.6213249061126,129.09411764705882,0,0.101454379491604,-22.652781602183907,-8.797709672555367,2.897425795413017,-3.3704959207692036,0.1407751638046606,0.495752123938031,-0.7120606204572568,-2.517660136507286,0.7331334332833583
ORB5_QQQ,QQQ,True,OOS,pessimistic,4.0,,255,255,0.25098039215686274,65.93643954026405,-33.081209024098726,-8.229720756964543,-0.8229720756964544,0.6678681388067722,-209.85787930259582,243.60397647482222,129.09411764705882,0,0.101454379491604,-65.65907838742618,-13.797709672555369,-2.1025742045869835,-8.370495920769203,0.14077516380466015,0.495752123938031,-5.712060620457256,-2.5176601365072866,0.7331334332833583
ORB5_QQQ,QQQ,True,OOS,opt_bach,200.0,0.01,255,255,0.1607843137254902,9375.047847166874,-3531.067143006105,-1455.9663014488813,-145.5966301448881,0.5086717284182064,-37127.14068694648,42193.67728830001,129.09411764705882,0,0.101454379491604,-11458.416575572834,-2196.0700823311104,-687.6828612925186,-1712.6697329700094,256.7034315211281,0.296351824087956,-1029.7061639260062,-426.2601375228751,0.8740629685157422
ORB5_QQQ,QQQ,True,OOS,opt_bach_pess,500.0,0.02,255,255,0.14901960784313725,9490.263503005755,-4077.8867280354075,-2055.9663014488815,-205.59663014488814,0.4075369357197645,-52427.14068694649,56598.05304883462,129.09411764705882,0,0.101454379491604,-16619.172189801906,-2796.0700823311104,-1287.6828612925185,-2311.931917038595,255.9656155897137,0.2978510744627686,-1629.706163926006,-426.26013752287554,0.8740629685157422
ORB5_QQQ,QQQ,True,OOS,opt_delta_no_decay,200.0,0.01,255,255,0.26666666666666666,6555.765063753796,-2845.8135177047934,-338.72589598250266,-33.872589598250265,0.8376917720738145,-8637.510347553818,14246.110054752911,129.09411764705882,0,0.101454379491604,-2372.068673186868,-924.4397844003414,294.18585812192316,-314.71529887666696,-24.0105971058357,0.5417291354322838,19.368850865385088,-358.09474684788773,0.8375812093953023
ORB5_QQQ,QQQ,True,Y2024,gross,0.0,,82,82,0.2804878048780488,81.42890153182621,-19.252681936575605,8.987274402122463,0.8987274402122463,1.6487817226322545,73.69565009740421,25.269152208164723,148.15853658536585,0,0.3305176114973985,25.138953697909145,-2.4133319854927833,21.043763022395648,8.321445323381514,0.6658290787409484,0.49075462268865566,5.922144482486699,3.0651299196357638,0.3053473263368316
ORB5_QQQ,QQQ,True,Y2024,quoted,0.25,,82,82,0.2804878048780488,80.92890153182621,-19.752681936575605,8.487274402122463,0.8487274402122462,1.5971782938509715,69.59565009740417,26.669152208164725,148.15853658536585,0,0.3305176114973985,23.628650842474602,-2.913331985492783,20.543763022395648,7.821445323381515,0.6658290787409475,0.49075462268865566,5.4221444824867,3.065129919635763,0.3053473263368316
ORB5_QQQ,QQQ,True,Y2024,low,0.5,,82,82,0.2804878048780488,80.42890153182621,-20.252681936575605,7.9872744021224635,0.7987274402122464,1.5481228450825522,65.49565009740418,28.069152208164724,148.15853658536585,0,0.3305176114973985,22.11834798704005,-3.413331985492783,20.043763022395648,7.321445323381515,0.6658290787409484,0.49075462268865566,4.9221444824867,3.0651299196357638,0.3053473263368316
ORB5_QQQ,QQQ,True,Y2024,realistic,1.5,,82,82,0.2804878048780488,78.42890153182621,-22.252681936575605,5.9872744021224635,0.5987274402122463,1.3739457855190653,49.095650097404196,33.66915220816473,148.15853658536585,0,0.3305176114973985,16.077136565301867,-5.413331985492784,18.04376302239565,5.321445323381515,0.6658290787409484,0.49075462268865566,2.9221444824867,3.0651299196357638,0.3053473263368316
ORB5_QQQ,QQQ,True,Y2024,pessimistic,4.0,,82,82,0.2804878048780488,73.42890153182621,-27.252681936575605,0.9872744021224638,0.09872744021224639,1.0503489560219854,8.095650097404206,51.02437489047618,148.15853658536585,0,0.3305176114973985,0.9741080109563881,-10.413331985492784,13.04376302239565,0.3214453233815143,0.6658290787409494,0.49075462268865566,-2.0778555175133,3.0651299196357638,0.3053473263368316
ORB5_QQQ,QQQ,True,Y2024,opt_bach,200.0,0.01,82,82,0.1951219512195122,10689.43632946525,-3084.516390311551,-396.91585962339406,-39.6915859623394,0.8401247314659419,-3254.710048911834,9631.471067752293,148.15853658536585,0,0.3305176114973985,-1369.0121822363212,-1871.8019544528843,1241.6525093042799,-150.70279424114304,-246.21306538225102,0.6221889055472264,-486.5754322766364,89.65957265324232,0.46026986506746626
ORB5_QQQ,QQQ,True,Y2024,opt_bach_pess,500.0,0.02,82,82,0.18292682926829268,10794.243598881869,-3636.727678691737,-996.9158596233939,-99.69158596233939,0.6645044432118591,-8174.710048911832,13531.471067752293,148.15853658536585,0,0.3305176114973985,-3181.3756087577785,-2471.801954452884,641.6525093042801,-750.7027942411432,-246.21306538225065,0.6221889055472264,-1086.5754322766363,89.65957265324244,0.46026986506746626
ORB5_QQQ,QQQ,True,Y2024,opt_delta_no_decay,200.0,0.01,82,82,0.2804878048780488,8068.797110457209,-2324.1935163788157,590.9136106605571,59.091361066055704,1.3533568776357658,4845.4916074165685,3318.565788014374,148.15853658536585,0,0.3305176114973985,1520.8949986813311,-595.6753754409257,1775.8048514413697,878.138463545512,-287.2248528849549,0.6636681659170415,244.72940197795646,346.1842086826006,0.3103448275862069
ORB5_QQQ,QQQ,True,Y2025,gross,0.0,,245,245,0.2653061224489796,69.75103466191761,-23.574137496785145,1.1856020555237494,0.11856020555237494,1.0684536658594452,29.047250360331837,75.46981142716837,129.66122448979593,0,0.21385040332706057,18.73334584792695,-5.305509936163228,8.73465716108516,-5.6293343746117195,6.814936430135469,0.175912043978011,1.1847523440889438,0.0008497114348056112,0.49025487256371814
ORB5_QQQ,QQQ,True,Y2025,quoted,0.25,,245,245,0.2653061224489796,69.25103466191761,-24.074137496785145,0.6856020555237488,0.06856020555237487,1.0387627833270707,16.7972503603318,80.62174824114315,129.66122448979593,0,0.21385040332706057,14.338481265946584,-5.805509936163227,8.23465716108516,-6.1293343746117195,6.814936430135468,0.175912043978011,0.6847523440889435,0.0008497114348052781,0.49025487256371814
ORB5_QQQ,QQQ,True,Y2025,low,0.5,,245,245,0.2612244897959184,69.82894885985564,-24.439669742693056,0.18560205552374923,0.01856020555237492,1.0102795702364555,4.547250360331839,85.92174824114312,129.66122448979593,0,0.21385040332706057,9.943616683966187,-6.305509936163228,7.734657161085159,-6.6293343746117195,6.814936430135469,0.175912043978011,0.18475234408894353,0.0008497114348056944,0.49025487256371814
ORB5_QQQ,QQQ,True,Y2025,realistic,1.5,,245,245,0.2571428571428571,68.91465933165232,-26.29753315544383,-1.8143979444762508,-0.1814397944476251,0.9071221335867116,-44.452749639668134,107.12174824114311,129.66122448979593,0,0.21385040332706057,-7.63584164395537,-8.305509936163228,5.734657161085159,-8.62933437461172,6.814936430135469,0.175912043978011,-1.8152476559110566,0.0008497114348058332,0.49025487256371814
ORB5_QQQ,QQQ,True,Y2025,pessimistic,4.0,,245,245,0.24897959183673468,66.12749682628859,-30.996221754349385,-6.81439794447625,-0.681439794447625,0.7072701610517195,-166.95274963966824,201.34034210192175,129.66122448979593,0,0.21385040332706057,-51.58448746375927,-13.305509936163228,0.7346571610851585,-13.62933437461172,6.81493643013547,0.175912043978011,-6.815247655911058,0.0008497114348084978,0.49025487256371814
ORB5_QQQ,QQQ,True,Y2025,opt_bach,200.0,0.01,245,245,0.1469387755102041,12246.254202571583,-3345.2570705214616,-1054.2594956996263,-105.42594956996264,0.630565183271464,-25829.35764464086,29275.105463828528,129.66122448979593,0,0.21385040332706057,-8244.073258917248,-1896.9562554123481,-41.83761447364614,-1814.0559541323373,759.796458432711,0.08745627186406797,-1223.1694159675833,168.90992026795698,0.3843078460769615
ORB5_QQQ,QQQ,True,Y2025,opt_bach_pess,500.0,0.02,245,245,0.14285714285714285,11981.371971266492,-3926.86474019398,-1654.2594956996265,-165.42594956996265,0.5085215459816862,-40529.35764464089,43075.10546382854,129.66122448979593,0,0.21385040332706057,-13517.91075729371,-2496.956255412348,-641.8376144736461,-2413.7220509614303,759.4625552618038,0.08745627186406797,-1823.1694159675835,168.90992026795698,0.3843078460769615
ORB5_QQQ,QQQ,True,Y2025,opt_delta_no_decay,200.0,0.01,245,245,0.2530612244897959,7335.083409144118,-2558.4205482193956,-54.758322274342966,-5.475832227434297,0.9713454763246054,-1341.5788957214018,10918.826522403833,129.66122448979593,0,0.21385040332706057,444.7807761281324,-707.2670576882992,685.2299527492354,-306.82780924757037,252.0694869732274,0.29735132433783107,-394.96284224123366,340.2045199668907,0.20089955022488756
ORB5_QQQ,QQQ,True,Y2026,gross,0.0,,183,183,0.273224043715847,67.73594278176466,-27.72625730114491,-1.6436889724810884,-0.16436889724810883,0.9184304923286215,-30.079508196403907,76.32958678794175,123.73770491803279,0,-0.00498859698913304,-7.0723234269366095,-8.600950409161578,5.693212895438619,-0.27411615991848254,-1.3695728125626059,0.6141929035482259,2.8168424868033344,-4.4605314592844225,0.8395802098950524
ORB5_QQQ,QQQ,True,Y2026,quoted,0.25,,183,183,0.273224043715847,67.23594278176466,-28.226257301144905,-2.1436889724810886,-0.21436889724810884,0.895502012506747,-39.22950819640388,82.82958678794174,123.73770491803279,0,-0.00498859698913304,-10.063118579633853,-9.100950409161578,5.193212895438618,-0.7741161599184824,-1.3695728125626063,0.6141929035482259,2.316842486803335,-4.460531459284423,0.8395802098950524
ORB5_QQQ,QQQ,True,Y2026,low,0.5,,183,183,0.273224043715847,66.73594278176466,-28.726257301144905,-2.6436889724810886,-0.26436889724810886,0.8733717041828685,-48.37950819640396,89.3295867879418,123.73770491803279,0,-0.00498859698913304,-13.053913732331104,-9.600950409161578,4.693212895438619,-1.2741161599184825,-1.369572812562606,0.6141929035482259,1.8168424868033346,-4.460531459284423,0.8395802098950524
ORB5_QQQ,QQQ,True,Y2026,realistic,1.5,,183,183,0.273224043715847,64.73594278176466,-30.726257301144905,-4.643688972481088,-0.4643688972481088,0.7920528802491525,-84.97950819640388,115.32958678794176,123.73770491803279,0,-0.00498859698913304,-25.017094343120085,-11.600950409161578,2.6932128954386187,-3.274116159918483,-1.3695728125626045,0.6141929035482259,-0.1831575131966655,-4.4605314592844225,0.8395802098950524
ORB5_QQQ,QQQ,True,Y2026,pessimistic,4.0,,183,183,0.25136612021857924,65.00377905056463,-34.70780232328477,-9.643688972481089,-0.9643688972481088,0.6288524462955485,-176.47950819640383,201.99987148939044,123.73770491803279,0,-0.00498859698913304,-54.925045870092546,-16.600950409161577,-2.30678710456138,-8.274116159918483,-1.3695728125626054,0.6141929035482259,-5.183157513196666,-4.4605314592844225,0.8395802098950524
ORB5_QQQ,QQQ,True,Y2026,opt_bach,200.0,0.01,183,183,0.15300546448087432,7715.895896241273,-3431.6084037937794,-1725.9793305643725,-172.59793305643726,0.40617666547701015,-31585.42174932802,34202.728833339825,123.73770491803279,0,-0.00498859698913304,-9939.606405915514,-2416.7173265290903,-953.508346750489,-1814.5806906217717,88.60136005739923,0.43728135932033985,-1049.1753906088916,-676.8039399554809,0.9445277361319341
ORB5_QQQ,QQQ,True,Y2026,opt_bach_pess,500.0,0.02,183,183,0.1366120218579235,8003.925459005303,-3960.457936508941,-2325.9793305643725,-232.59793305643728,0.3197720874818048,-42565.42174932802,44647.10459387442,123.73770491803279,0,-0.00498859698913304,-13528.56058915221,-3016.7173265290903,-1553.508346750489,-2413.6116541566894,87.63232359231688,0.4387806096951524,-1649.1753906088911,-676.8039399554814,0.9445277361319341
ORB5_QQQ,QQQ,True,Y2026,opt_delta_no_decay,200.0,0.01,183,183,0.2677595628415301,5848.951898687363,-2858.4444686667744,-526.9558238561036,-52.69558238561036,0.7482376750692751,-9643.291576566695,12741.45177452295,123.73770491803279,0,-0.00498859698913304,-3001.1598369282437,-1164.6234902005885,169.22707345183736,-401.1291484294831,-125.82667542662051,0.6026986506746627,9.290929233163844,-536.2467530892675,0.9005497251374313
ORB5_QQQ,SPY,False,all,gross,0.0,,510,510,0.21372549019607842,53.49328795667373,-14.444709901949375,0.07537199332497506,0.007537199332497507,1.0066363148193407,3.843971659573715,71.596045525823,112.28235294117647,0,0.049373821136082324,3.5840990423085746,-2.824399540617541,3.020823684237688,1.594487608916015,-1.51911561559104,0.750624687656172,0.311138602295977,-0.23576660897100193,0.5462268865567217
ORB5_QQQ,SPY,False,all,quoted,0.25,,510,510,0.21372549019607842,52.99328795667373,-14.944709901949375,-0.42462800667502476,-0.04246280066750248,0.9638634282231818,-21.656028340426285,76.79604552582299,112.28235294117647,0,0.049373821136082324,-6.347693856165057,-3.324399540617541,2.5208236842376883,1.094487608916015,-1.5191156155910397,0.750624687656172,-0.1888613977040232,-0.23576660897100157,0.5462268865567217
ORB5_QQQ,SPY,False,all,low,0.5,,510,510,0.21372549019607842,52.49328795667373,-15.444709901949375,-0.9246280066750248,-0.09246280066750247,0.9238599615039713,-47.15602834042628,83.89417304156606,112.28235294117647,0,0.049373821136082324,-16.279486754638743,-3.8243995406175406,2.020823684237688,0.5944876089160153,-1.5191156155910401,0.750624687656172,-0.6888613977040233,-0.23576660897100143,0.5462268865567217
ORB5_QQQ,SPY,False,all,realistic,1.5,,510,510,0.21372549019607842,50.49328795667373,-17.444709901949377,-2.9246280066750248,-0.29246280066750246,0.786777669267267,-149.15602834042625,165.99853851790536,112.28235294117647,0,0.049373821136082324,-56.00665834853337,-5.824399540617541,0.02082368423768802,-1.4055123910839844,-1.5191156155910404,0.750624687656172,-2.688861397704023,-0.23576660897100155,0.5462268865567217
ORB5_QQQ,SPY,False,all,pessimistic,4.0,,510,510,0.20784313725490197,46.87881901312887,-22.30375024454436,-7.924628006675025,-0.7924628006675025,0.5514717490130917,-404.15602834042625,416.9026815885473,112.28235294117647,0,0.049373821136082324,-155.32458733326996,-10.824399540617542,-4.979176315762313,-6.405512391083984,-1.5191156155910415,0.750624687656172,-7.688861397704024,-0.23576660897100155,0.5462268865567217
ORB5_QQQ,SPY,False,all,opt_bach,200.0,0.01,510,510,0.13137254901960785,8297.087262189163,-2958.2729669407213,-1479.6276035060107,-147.96276035060106,0.42418810822805836,-75461.00777880652,78126.98706195936,112.28235294117647,0,0.049373821136082324,-29391.962110983113,-1911.4712828870995,-1055.2709208944163,-1237.1299398621964,-242.49766364381435,0.7571214392803598,-1270.1959211816275,-209.43168232438325,0.8160919540229885
ORB5_QQQ,SPY,False,all,opt_bach_pess,500.0,0.02,510,510,0.11568627450980393,8772.42736472575,-3499.297765647195,-2079.6276035060105,-207.96276035060106,0.32795507153181475,-106061.00777880654,108366.98706195937,112.28235294117647,0,0.049373821136082324,-41310.1135891515,-2511.4712828870993,-1655.2709208944163,-1836.6989953193854,-242.92860818662507,0.7576211894052973,-1870.1959211816277,-209.4316823243828,0.8160919540229885
ORB5_QQQ,SPY,False,all,opt_delta_no_decay,200.0,0.01,510,510,0.21176470588235294,6484.331830707211,-2244.513854308252,-396.05241512850716,-39.60524151285072,0.7761410313677174,-20198.67317155386,22504.328982997966,112.28235294117647,0,0.049373821136082324,-7742.368506904185,-758.4874771203233,-35.59293249511422,61.52707266866688,-457.57948779717407,0.9560219890054973,-305.75765828411744,-90.29475684438972,0.6656671664167916
ORB5_QQQ,SPY,False,IS,gross,0.0,,256,256,0.20703125,57.86277766277117,-14.433711276531374,0.5339211991836058,0.053392119918360584,1.0466490794975272,13.668382699100308,45.59829546084437,112.37109375,0,0.08457153730361552,7.173532376774044,-3.7224413434584727,5.22667677342792,3.855310751053356,-3.3213895518697503,0.8310844577711144,-0.25817046389930454,0.7920916630829103,0.3743128435782109
ORB5_QQQ,SPY,False,IS,quoted,0.25,,256,256,0.20703125,57.36277766277117,-14.933711276531374,0.03392119918360603,0.0033921199183606036,1.0028644904183537,0.8683826991003225,48.39829546084437,112.37109375,0,0.08457153730361552,2.2111856292811707,-4.222441343458472,4.726676773427919,3.355310751053357,-3.321389551869751,0.8310844577711144,-0.758170463899305,0.792091663082911,0.3743128435782109
ORB5_QQQ,SPY,False,IS,low,0.5,,256,256,0.20703125,56.86277766277117,-15.433711276531374,-0.4660788008163942,-0.046607880081639415,0.9619168462770936,-11.931617300899655,51.19829546084437,112.37109375,0,0.08457153730361552,-2.7511611182117424,-4.722441343458472,4.226676773427919,2.855310751053357,-3.321389551869751,0.8310844577711144,-1.258170463899305,0.7920916630829108,0.3743128435782109
ORB5_QQQ,SPY,False,IS,realistic,1.5,,256,256,0.20703125,54.86277766277117,-17.433711276531373,-2.4660788008163945,-0.24660788008163945,0.8216138929104382,-63.13161730089969,81.10266093718373,112.37109375,0,0.08457153730361552,-22.600548108183315,-6.722441343458472,2.226676773427919,0.8553107510533571,-3.3213895518697516,0.8310844577711144,-3.258170463899305,0.7920916630829105,0.3743128435782109
ORB5_QQQ,SPY,False,IS,pessimistic,4.0,,256,256,0.20703125,49.86277766277117,-22.433711276531373,-7.466078800816393,-0.7466078800816394,0.5803034776592961,-191.1316173008997,200.9863230257137,112.37109375,0,0.08457153730361552,-72.22401558311225,-11.722441343458474,-2.7733232265720806,-4.144689248946642,-3.3213895518697516,0.8310844577711144,-8.258170463899305,0.7920916630829113,0.3743128435782109
ORB5_QQQ,SPY,False,IS,opt_bach,200.0,0.01,256,256,0.125,7787.713885544678,-2830.9139089536197,-1503.5854346413325,-150.35854346413325,0.3929934257481647,-38491.78712681808,40190.51810089076,112.37109375,0,0.08457153730361552,-14634.176431625094,-2052.6484728985306,-911.645165616977,-883.7506921163185,-619.834742525014,0.9465267366316842,-1177.9164871927183,-325.6689474486143,0.8455772113943029
ORB5_QQQ,SPY,False,IS,opt_bach_pess,500.0,0.02,256,256,0.109375,8260.388722528858,-3376.3541907850404,-2103.5854346413325,-210.35854346413325,0.3004523949339671,-53851.7871268181,55490.518100890775,112.37109375,0,0.08457153730361552,-20588.992528616564,-2652.6484728985306,-1511.645165616977,-1482.8921697849369,-620.6932648563957,0.9470264867566217,-1777.9164871927183,-325.6689474486143,0.8455772113943029
ORB5_QQQ,SPY,False,IS,opt_delta_no_decay,200.0,0.01,256,256,0.20703125,6313.983410818044,-2087.4456296133612,-348.08727358654676,-34.80872735865468,0.7897108332159484,-8911.034203815596,12859.624919321246,112.37109375,0,0.08457153730361552,-3297.414198880283,-828.5588091075012,140.61071840385887,331.4635666025503,-679.550840189097,0.9775112443778111,-379.2361077989424,31.148834212395627,0.4337831084457771
ORB5_QQQ,SPY,False,OOS,gross,0.0,,254,254,0.2204724409448819,49.3578780562601,-14.455986270433492,-0.3867878362018341,-0.03867878362018341,0.965676338753275,-9.824411039526584,71.59604552582299,112.19291338582677,0,0.013898957597151223,-3.5894333344654648,-4.16564981328502,3.3972115603202813,-0.6841372902460302,0.2973494540441961,0.48575712143928035,0.8849304170439769,-1.271718253245811,0.7231384307846077
ORB5_QQQ,SPY,False,OOS,quoted,0.25,,254,254,0.2204724409448819,48.8578780562601,-14.955986270433492,-0.8867878362018339,-0.08867878362018339,0.9239370445667816,-22.5244110395266,76.79604552582299,112.19291338582677,0,0.013898957597151223,-8.558879485446223,-4.66564981328502,2.8972115603202817,-1.1841372902460305,0.29734945404419666,0.48575712143928035,0.384930417043977,-1.271718253245811,0.7231384307846077
ORB5_QQQ,SPY,False,OOS,low,0.5,,254,254,0.2204724409448819,48.3578780562601,-15.455986270433492,-1.3867878362018338,-0.13867878362018338,0.8848982764713562,-35.224411039526586,81.996045525823,112.19291338582677,0,0.013898957597151223,-13.528325636426999,-5.16564981328502,2.3972115603202817,-1.6841372902460303,0.29734945404419655,0.48575712143928035,-0.1150695829560232,-1.2717182532458107,0.7231384307846077
ORB5_QQQ,SPY,False,OOS,realistic,1.5,,254,254,0.2204724409448819,46.3578780562601,-17.455986270433492,-3.3867878362018344,-0.33867878362018344,0.7511073188928086,-86.02441103952661,102.79604552582303,112.19291338582677,0,0.013898957597151223,-33.40611024035006,-7.16564981328502,0.3972115603202815,-3.68413729024603,0.29734945404419566,0.48575712143928035,-2.115069582956023,-1.2717182532458113,0.7231384307846077
ORB5_QQQ,SPY,False,OOS,pessimistic,4.0,,254,254,0.20866141732283464,43.89486036348655,-22.172496067960463,-8.386787836201835,-0.8386787836201834,0.5220100897766694,-213.02441103952654,219.64494449881394,112.19291338582677,0,0.013898957597151223,-83.10057175015771,-12.16564981328502,-4.602788439679719,-8.68413729024603,0.29734945404419477,0.48575712143928035,-7.115069582956023,-1.2717182532458118,0.7231384307846077
ORB5_QQQ,SPY,False,OOS,opt_bach,200.0,0.01,254,254,0.1377952755905512,8762.800063692699,-3088.539765977757,-1455.4811280310403,-145.54811280310403,0.45343353328019254,-36969.22065198841,39481.19978801253,112.19291338582677,0,0.013898957597151223,-14757.785679358018,-2079.3620522121482,-789.2762315271531,-1593.2917013698532,137.8105733388129,0.39480259870064965,-1363.2019648869848,-92.27916314405547,0.6106946526736632
ORB5_QQQ,SPY,False,OOS,opt_bach_pess,500.0,0.02,254,254,0.1220472440944882,9234.91388025843,-3624.9979229053615,-2055.4811280310405,-205.54811280310406,0.3541456555750521,-52209.22065198843,54061.19978801254,112.19291338582677,0,0.013898957597151223,-20721.121060534937,-2679.3620522121487,-1389.2762315271532,-2193.291701369853,137.81057333881245,0.39480259870064965,-1963.2019648869848,-92.2791631440557,0.6106946526736632
ORB5_QQQ,SPY,False,OOS,opt_delta_no_decay,200.0,0.01,254,254,0.21653543307086615,6648.485762600408,-2404.7392292482673,-444.3952349503254,-44.43952349503254,0.764124928108264,-11287.638967738265,14776.030451335777,112.19291338582677,0,0.013898957597151223,-4444.954308023901,-965.976565791499,116.93591848833623,-210.5349054694202,-233.8603294809052,0.7251374312843578,-231.70063830067198,-212.69459664965342,0.7606196901549226
ORB5_QQQ,SPY,False,Y2024,gross,0.0,,81,81,0.19753086419753085,47.396915897068084,-12.85466269559012,-0.9531163069168941,-0.09531163069168941,0.9076032113931782,-7.7202420860268415,21.58417352204445,121.8395061728395,0,-0.0058776601710104105,-2.40612074168079,-6.663838244499024,5.176874569919411,7.52259126852436,-8.475707575441254,0.9790104947526237,0.7490465638736888,-1.702162870790583,0.7126436781609196
ORB5_QQQ,SPY,False,Y2024,quoted,0.25,,81,81,0.19753086419753085,46.896915897068084,-13.35466269559012,-1.453116306916894,-0.1453116306916894,0.8644064237300945,-11.770242086026844,22.884173522044453,121.8395061728395,0,-0.0058776601710104105,-3.9958581886685915,-7.163838244499024,4.676874569919411,7.02259126852436,-8.475707575441254,0.9790104947526237,0.24904656387368876,-1.7021628707905827,0.7126436781609196
ORB5_QQQ,SPY,False,Y2024,low,0.5,,81,81,0.19753086419753085,46.396915897068084,-13.85466269559012,-1.9531163069168942,-0.19531163069168941,0.8243274880575058,-15.820242086026832,26.63678813243015,121.8395061728395,0,-0.0058776601710104105,-5.585595635656392,-7.663838244499024,4.176874569919411,6.52259126852436,-8.475707575441255,0.9790104947526237,-0.25095343612631127,-1.702162870790583,0.7126436781609196
ORB5_QQQ,SPY,False,Y2024,realistic,1.5,,81,81,0.19753086419753085,44.396915897068084,-15.854662695590118,-3.953116306916894,-0.3953116306916894,0.6892907036408812,-32.020242086026855,42.03678813243017,121.8395061728395,0,-0.0058776601710104105,-11.944545423607599,-9.663838244499024,2.1768745699194105,4.522591268524359,-8.475707575441254,0.9790104947526237,-2.2509534361263115,-1.7021628707905827,0.7126436781609196
ORB5_QQQ,SPY,False,Y2024,pessimistic,4.0,,81,81,0.19753086419753085,39.396915897068084,-20.854662695590115,-8.953116306916895,-0.8953116306916894,0.46501362866509316,-72.52024208602684,81.61180128884187,121.8395061728395,0,-0.0058776601710104105,-27.841919893485606,-14.663838244499026,-2.823125430080588,-0.4774087314756404,-8.475707575441255,0.9790104947526237,-7.250953436126311,-1.702162870790584,0.7126436781609196
ORB5_QQQ,SPY,False,Y2024,opt_bach,200.0,0.01,81,81,0.13580246913580246,8026.059386085708,-3107.3452447907803,-1595.401406029776,-159.5401406029776,0.40588920900956216,-12922.751388841183,14621.482362913863,121.8395061728395,0,-0.0058776601710104105,-5023.307417228753,-2612.418936288183,-430.2766744430126,-231.25361474318223,-1364.1477912865937,0.9720139930034982,-1142.243788404567,-453.1576176252088,0.8020989505247377
ORB5_QQQ,SPY,False,Y2024,opt_bach_pess,500.0,0.02,81,81,0.12345679012345678,8173.2240894987945,-3655.771194132392,-2195.4014060297764,-219.54014060297763,0.31488795696849353,-17782.751388841185,19421.482362913866,121.8395061728395,0,-0.0058776601710104105,-6930.992353614115,-3212.4189362881834,-1030.2766744430126,-830.6565964029024,-1364.744809626874,0.9720139930034982,-1742.2437884045673,-453.157617625209,0.8020989505247377
ORB5_QQQ,SPY,False,Y2024,opt_delta_no_decay,200.0,0.01,81,81,0.19753086419753085,6974.221865786516,-2206.080638599785,-392.68755131360206,-39.26875513136021,0.7781816793801453,-3180.769165640174,4521.560581815824,121.8395061728395,0,-0.0058776601710104105,-1221.0438886698203,-1251.2195688524964,561.932281068587,871.289127740683,-1263.9766790542851,0.9795102448775612,-89.55166769881312,-303.13588361478895,0.7386306846576711
ORB5_QQQ,SPY,False,Y2025,gross,0.0,,247,247,0.21862348178137653,56.2801202373276,-14.650929110587857,0.8562638642600556,0.08562638642600556,1.0747966408115115,21.14971744722338,47.729605833854556,110.67611336032388,0,0.1642171930795618,11.043482208630216,-3.488180889150025,5.828121615087497,1.451240390651021,-0.5949765263909653,0.5802098950524738,-0.7534644457127514,1.609728309972807,0.2768615692153923
ORB5_QQQ,SPY,False,Y2025,quoted,0.25,,247,247,0.21862348178137653,55.7801202373276,-15.150929110587857,0.3562638642600558,0.03562638642600558,1.0300934619820732,8.79971744722337,55.57960583385456,110.67611336032388,0,0.1642171930795618,6.257123633102035,-3.988180889150025,5.328121615087497,0.951240390651021,-0.5949765263909652,0.5802098950524738,-1.2534644457127517,1.6097283099728075,0.2768615692153923
ORB5_QQQ,SPY,False,Y2025,low,0.5,,247,247,0.21862348178137653,55.2801202373276,-15.650929110587857,-0.14373613573994365,-0.014373613573994365,0.9882465467337661,-3.550282552776607,63.42960583385455,110.67611336032388,0,0.1642171930795618,1.4707650575738342,-4.488180889150025,4.828121615087497,0.4512403906510213,-0.594976526390965,0.5802098950524738,-1.7534644457127508,1.6097283099728072,0.2768615692153923
ORB5_QQQ,SPY,False,Y2025,realistic,1.5,,247,247,0.21862348178137653,53.2801202373276,-17.650929110587857,-2.143736135739944,-0.21437361357399437,0.8445669381530341,-52.95028255277661,94.82960583385454,110.67611336032388,0,0.1642171930795618,-17.674669244538936,-6.488180889150025,2.8281216150874973,-1.5487596093489788,-0.594976526390965,0.5802098950524738,-3.7534644457127513,1.6097283099728075,0.2768615692153923
ORB5_QQQ,SPY,False,Y2025,pessimistic,4.0,,247,247,0.2145748987854251,49.28065835624004,-22.558648033033446,-7.1437361357399425,-0.7143736135739942,0.5968120351893564,-176.45028255277668,197.599105355846,110.67611336032388,0,0.1642171930795618,-65.53825499982088,-11.488180889150025,-2.171878384912503,-6.548759609348978,-0.5949765263909645,0.5802098950524738,-8.753464445712753,1.6097283099728106,0.2768615692153923
ORB5_QQQ,SPY,False,Y2025,opt_bach,200.0,0.01,247,247,0.13360323886639677,7696.022203976802,-2803.6216028745507,-1400.8351833357062,-140.08351833357062,0.4232988424333456,-34600.62902839193,38378.83074939856,110.67611336032388,0,0.1642171930795618,-13013.101445228269,-1934.89712543996,-803.3153329491792,-1404.734019642524,3.898836306817657,0.49975012493753124,-1207.2435063138944,-193.59167702181185,0.6976511744127936
ORB5_QQQ,SPY,False,Y2025,opt_bach_pess,500.0,0.02,247,247,0.11336032388663968,8414.748212253095,-3332.5079462420367,-2000.8351833357062,-200.08351833357062,0.3228374054235684,-49420.62902839192,52330.39279346809,110.67611336032388,0,0.1642171930795618,-18756.7317358621,-2534.89712543996,-1403.315332949179,-2004.0399984632893,3.2048151275830605,0.5002498750624688,-1807.2435063138946,-193.59167702181162,0.6976511744127936
ORB5_QQQ,SPY,False,Y2025,opt_delta_no_decay,200.0,0.01,247,247,0.2145748987854251,6360.357759983602,-2106.255060028649,-289.5324711191377,-28.95324711191377,0.8249824746887314,-7151.4520366427005,12951.48713620342,110.67611336032388,0,0.1642171930795618,-2438.951708851615,-754.8454637789059,230.82080691914578,-32.47772749900886,-257.0547436201289,0.7576211894052973,-480.78067837984355,191.24820726070584,0.24737631184407796
ORB5_QQQ,SPY,False,Y2026,gross,0.0,,182,182,0.21428571428571427,52.13567282329891,-14.889134805069137,-0.5266760275616924,-0.05266760275616924,0.9549795906246198,-9.585503701622809,71.59604552582299,110.20879120879121,0,-0.08189509580987872,-5.053262424640849,-5.13957242987265,4.260083451676872,-0.8494373005170742,0.3227612729553818,0.48825587206396803,1.5610639208144443,-2.0877399483761367,0.8030984507746127
ORB5_QQQ,SPY,False,Y2026,quoted,0.25,,182,182,0.21428571428571427,51.63567282329891,-15.389134805069133,-1.0266760275616922,-0.10266760275616921,0.915090835379345,-18.68550370162283,76.79604552582299,110.20879120879121,0,-0.08189509580987872,-8.608959300598507,-5.63957242987265,3.7600834516768713,-1.3494373005170743,0.32276127295538215,0.48825587206396803,1.0610639208144441,-2.0877399483761363,0.8030984507746127
ORB5_QQQ,SPY,False,Y2026,low,0.5,,182,182,0.21428571428571427,51.13567282329891,-15.889134805069133,-1.5266760275616926,-0.15266760275616925,0.8777125223787005,-27.78550370162282,81.99604552582299,110.20879120879121,0,-0.08189509580987872,-12.16465617655618,-6.139572429872648,3.2600834516768717,-1.8494373005170746,0.32276127295538193,0.48825587206396803,0.5610639208144439,-2.0877399483761367,0.8030984507746127
ORB5_QQQ,SPY,False,Y2026,realistic,1.5,,182,182,0.21428571428571427,49.13567282329891,-17.889134805069133,-3.5266760275616926,-0.35266760275616926,0.7490936922740741,-64.1855037016228,102.79604552582299,110.20879120879121,0,-0.08189509580987872,-26.387443680386827,-8.139572429872649,1.2600834516768709,-3.8494373005170752,0.3227612729553826,0.48825587206396803,-1.4389360791855563,-2.0877399483761363,0.8030984507746127
ORB5_QQQ,SPY,False,Y2026,pessimistic,4.0,,182,182,0.2032967032967033,46.67376400426616,-22.612305552924667,-8.526676027561694,-0.8526676027561695,0.5266980403171602,-155.18550370162288,170.20018859646495,110.20879120879121,0,-0.08189509580987872,-61.94441243996344,-13.13957242987265,-3.7399165483231287,-8.849437300517074,0.3227612729553808,0.48825587206396803,-6.438936079185556,-2.0877399483761376,0.8030984507746127
ORB5_QQQ,SPY,False,Y2026,opt_bach,200.0,0.01,182,182,0.12637362637362637,9289.10698210856,-3100.7907811586865,-1535.0344704161218,-153.5034470416122,0.43334342563951167,-27937.627361573417,30642.169521510976,110.20879120879121,0,-0.08189509580987872,-11355.55324852609,-2241.94686383412,-767.5145049853203,-1457.3374927682364,-77.69697764788543,0.5542228885557221,-1412.577070782023,-122.45739963409892,0.6326836581709145
ORB5_QQQ,SPY,False,Y2026,opt_bach_pess,500.0,0.02,182,182,0.11538461538461539,9534.667794321182,-3657.1695484253355,-2135.034470416122,-213.50344704161222,0.34005869963942287,-38857.6273615734,39524.87567065355,110.20879120879121,0,-0.08189509580987872,-15622.389499675286,-2841.94686383412,-1367.5145049853202,-2057.337492768236,-77.69697764788589,0.5542228885557221,-2012.5770707820232,-122.45739963409892,0.6326836581709145
ORB5_QQQ,SPY,False,Y2026,opt_delta_no_decay,200.0,0.01,182,182,0.21428571428571427,6451.828886786247,-2449.5513725690457,-542.11274556434,-54.211274556434006,0.7183314120702938,-9866.451969270991,14776.030451335784,110.20879120879121,0,-0.08189509580987872,-4082.3729093827487,-1150.9343136596933,103.31328892735623,-171.28359117428576,-370.8291543900542,0.767616191904048,-164.44996198612512,-377.6627835782149,0.862568715642179
PDH_PDL_BREAK_5M,QQQ,True,all,gross,0.0,,252,243,0.3611111111111111,43.443564208286745,-21.13780367975595,2.1832458353705806,0.21832458353705805,1.161665535492109,55.01779505133864,40.17204118976396,52.81349206349206,0,0.047905807023442555,,-3.10334738635868,8.359917698642754,-0.48403686391501993,2.6672826992856007,0.36531734132933535,-0.47123909634124067,2.654484931711821,0.27136431784107945
PDH_PDL_BREAK_5M,QQQ,True,all,quoted,0.25,,252,243,0.35714285714285715,43.42442477774759,-21.506298021505536,1.6832458353705808,0.1683245835370581,1.121749564148984,42.417795051338594,42.92204118976394,52.81349206349206,0,0.047905807023442555,,-3.60334738635868,7.859917698642755,-0.9840368639150199,2.6672826992856007,0.36531734132933535,-0.9712390963412407,2.6544849317118215,0.27136431784107945
PDH_PDL_BREAK_5M,QQQ,True,all,low,0.5,,252,243,0.35714285714285715,42.92442477774759,-22.006298021505536,1.1832458353705808,0.11832458353705809,1.0836399030404822,29.817795051338617,50.56926991691748,52.81349206349206,0,0.047905807023442555,,-4.1033473863586805,7.359917698642755,-1.4840368639150203,2.667282699285601,0.36531734132933535,-1.47123909634124,2.6544849317118206,0.27136431784107945
PDH_PDL_BREAK_5M,QQQ,True,all,realistic,1.5,,252,243,0.35714285714285715,40.92442477774759,-24.006298021505536,-0.8167541646294185,-0.08167541646294185,0.9470761182263806,-20.582204948661367,84.76926991691747,52.81349206349206,0,0.047905807023442555,,-6.1033473863586805,5.359917698642755,-3.4840368639150197,2.667282699285601,0.36531734132933535,-3.471239096341241,2.6544849317118224,0.27136431784107945
PDH_PDL_BREAK_5M,QQQ,True,all,pessimistic,4.0,,252,243,0.3412698412698413,37.736648147667495,-28.38056500112059,-5.816754164629419,-0.581675416462942,0.6888626667646799,-146.5822049486614,170.2692699169175,52.81349206349206,0,0.047905807023442555,,-11.103347386358681,0.359917698642757,-8.48403686391502,2.6672826992856002,0.36531734132933535,-8.471239096341241,2.6544849317118224,0.27136431784107945
PDH_PDL_BREAK_5M,QQQ,True,all,opt_bach,200.0,0.01,252,243,0.30952380952380953,5284.827576908211,-3651.5336600268374,-885.5170866897979,-88.5517086689798,0.6487851019582164,-22315.030584582906,23216.86326146272,52.81349206349206,0,0.047905807023442555,,-1629.0476407580388,-14.148246394012185,-888.5697135953992,3.0526269056013007,0.5167416291854073,-612.4787136537072,-273.03837303609066,0.777111444277861
PDH_PDL_BREAK_5M,QQQ,True,all,opt_bach_pess,500.0,0.02,252,243,0.2777777777777778,5255.097169404036,-4078.061031341274,-1485.517086689798,-148.55170866897978,0.4956255444604719,-37435.0305845829,38121.43659323174,52.81349206349206,0,0.047905807023442555,,-2229.047640758039,-614.1482463940123,-1487.830511682165,2.3134249923671177,0.5177411294352824,-1212.4787136537072,-273.03837303609066,0.777111444277861
PDH_PDL_BREAK_5M,QQQ,True,all,opt_delta_no_decay,200.0,0.01,252,243,0.3531746031746032,4254.042598996188,-2773.8954874366514,-291.8062426250533,-29.180624262505326,0.8373637241971504,-7353.517314151336,11226.05322954087,52.81349206349206,0,0.047905807023442555,,-821.2583302700666,290.45189600128606,-150.0454928983471,-141.7607497267062,0.6586706646676662,-152.4910738301837,-139.3151687948696,0.6756621689155422
PDH_PDL_BREAK_5M,QQQ,True,IS,gross,0.0,,126,122,0.373015873015873,47.259337990470605,-18.73736753889297,5.880451190314082,0.5880451190314082,1.5005477663085853,74.09368499795742,26.47306804848904,58.1031746031746,0,0.0638425453496751,,-2.68110035640083,16.254082137048936,-2.111959487572984,7.992410677887065,0.24437781109445278,0.015493420398806705,5.864957769915275,0.2303848075962019
PDH_PDL_BREAK_5M,QQQ,True,IS,quoted,0.25,,126,122,0.373015873015873,46.759337990470605,-19.23736753889297,5.380451190314082,0.5380451190314082,1.4460838571761945,67.79368499795743,28.023068048489016,58.1031746031746,0,0.0638425453496751,,-3.18110035640083,15.754082137048938,-2.611959487572984,7.992410677887065,0.24437781109445278,-0.4845065796011933,5.864957769915275,0.2303848075962019
PDH_PDL_BREAK_5M,QQQ,True,IS,low,0.5,,126,122,0.373015873015873,46.259337990470605,-19.73736753889297,4.880451190314082,0.4880451190314082,1.3943793793116799,61.493684997957416,29.57306804848905,58.1031746031746,0,0.0638425453496751,,-3.681100356400829,15.254082137048938,-3.111959487572985,7.992410677887067,0.24437781109445278,-0.9845065796011931,5.864957769915275,0.2303848075962019
PDH_PDL_BREAK_5M,QQQ,True,IS,realistic,1.5,,126,122,0.373015873015873,44.259337990470605,-21.737367538892972,2.880451190314082,0.28804511903140817,1.2113474565534974,36.29368499795745,35.77306804848902,58.1031746031746,0,0.0638425453496751,,-5.6811003564008296,13.254082137048938,-5.111959487572984,7.992410677887067,0.24437781109445278,-2.984506579601193,5.864957769915275,0.2303848075962019
PDH_PDL_BREAK_5M,QQQ,True,IS,pessimistic,4.0,,126,122,0.3492063492063492,42.16254622266837,-25.88067297338822,-2.119548809685918,-0.2119548809685918,0.874158307764068,-26.70631500204255,53.66827202383668,58.1031746031746,0,0.0638425453496751,,-10.681100356400833,8.25408213704894,-10.111959487572985,7.992410677887067,0.24437781109445278,-7.984506579601193,5.864957769915275,0.2303848075962019
PDH_PDL_BREAK_5M,QQQ,True,IS,opt_bach,200.0,0.01,126,122,0.30952380952380953,5686.309093726881,-3521.8890885359556,-671.732508311744,-67.17325083117441,0.7237692746425033,-8463.829604727975,9365.66228160779,58.1031746031746,0,0.0638425453496751,,-1777.0778896207364,658.1773844052424,-992.9336606377215,321.20115232597743,0.351824087956022,-663.8370844503678,-7.89542386137623,0.5372313843078461
PDH_PDL_BREAK_5M,QQQ,True,IS,opt_bach_pess,500.0,0.02,126,122,0.2698412698412698,5894.5399510427715,-3920.1375476384133,-1271.732508311744,-127.17325083117439,0.5556991079920606,-16023.82960472797,16710.235613376808,58.1031746031746,0,0.0638425453496751,,-2377.0778896207366,58.177384405242854,-1592.9336606377217,321.2011523259778,0.351824087956022,-1263.837084450368,-7.895423861376003,0.5372313843078461
PDH_PDL_BREAK_5M,QQQ,True,IS,opt_delta_no_decay,200.0,0.01,126,122,0.36507936507936506,4518.055528087334,-2537.2591545490745,38.49065022294766,3.8490650222947655,1.023893016207056,484.98219280914157,4377.658136553644,58.1031746031746,0,0.0638425453496751,,-769.7636170995407,853.518780565138,-148.9908739912486,187.48152421419627,0.37631184407796103,-27.171316650824604,65.66196687377226,0.4817591204397801
PDH_PDL_BREAK_5M,QQQ,True,OOS,gross,0.0,,126,121,0.3492063492063492,39.36762403186308,-23.450418986197114,-1.5139595195729203,-0.15139595195729202,0.9007980179953349,-19.0758899466188,40.17204118976392,47.523809523809526,0,0.03196906869721,,-7.712873411078566,4.641198253625336,1.1438857597429444,-2.6578452793158647,0.7331334332833583,-0.9579716130812884,-0.5559879064916319,0.567216391804098
PDH_PDL_BREAK_5M,QQQ,True,OOS,quoted,0.25,,126,121,0.3412698412698413,39.779287080120106,-23.665882456763285,-2.01395951957292,-0.201395951957292,0.8708125021861117,-25.375889946618802,42.92204118976392,47.523809523809526,0,0.03196906869721,,-8.212873411078567,4.141198253625336,0.6438857597429444,-2.6578452793158647,0.7331334332833583,-1.4579716130812879,-0.5559879064916322,0.567216391804098
PDH_PDL_BREAK_5M,QQQ,True,OOS,low,0.5,,126,121,0.3412698412698413,39.279287080120106,-24.16588245676328,-2.51395951957292,-0.25139595195729203,0.8420760222783807,-31.67588994661879,45.67204118976391,47.523809523809526,0,0.03196906869721,,-8.712873411078567,3.6411982536253364,0.1438857597429448,-2.6578452793158647,0.7331334332833583,-1.9579716130812879,-0.5559879064916322,0.567216391804098
PDH_PDL_BREAK_5M,QQQ,True,OOS,realistic,1.5,,126,121,0.3412698412698413,37.279287080120106,-26.16588245676328,-4.5139595195729205,-0.4513959519572921,0.7381125260207997,-56.87588994661879,59.65270937207997,47.523809523809526,0,0.03196906869721,,-10.712873411078569,1.6411982536253358,-1.8561142402570556,-2.6578452793158647,0.7331334332833583,-3.957971613081288,-0.5559879064916324,0.567216391804098
PDH_PDL_BREAK_5M,QQQ,True,OOS,pessimistic,4.0,,126,121,0.3333333333333333,33.0999930214761,-30.820935790097433,-9.51395951957292,-0.951395951957292,0.5369725508482275,-119.8758899466188,119.8758899466188,47.523809523809526,0,0.03196906869721,,-15.712873411078569,-3.3588017463746636,-6.856114240257057,-2.657845279315863,0.7331334332833583,-8.957971613081291,-0.5559879064916284,0.567216391804098
PDH_PDL_BREAK_5M,QQQ,True,OOS,opt_bach,200.0,0.01,126,121,0.30952380952380953,4883.346060089544,-3781.178231517719,-1099.3016650678517,-109.93016650678518,0.578942866702439,-13851.200979854932,15207.689513935364,47.523809523809526,0,0.03196906869721,,-2085.393594512356,34.90039779303541,-784.205766553077,-315.0958985147747,0.6836581709145427,-561.1203428570468,-538.1813222108049,0.8910544727636182
PDH_PDL_BREAK_5M,QQQ,True,OOS,opt_bach_pess,500.0,0.02,126,121,0.2857142857142857,4651.1789867452335,-4239.493925793086,-1699.3016650678517,-169.93016650678518,0.43884284946818336,-21411.200979854926,21927.68951393536,47.523809523809526,0,0.03196906869721,,-2685.393594512356,-565.0996022069646,-1382.7273627266084,-316.5743023412433,0.6841579210394803,-1161.1203428570466,-538.1813222108051,0.8910544727636182
PDH_PDL_BREAK_5M,QQQ,True,OOS,opt_delta_no_decay,200.0,0.01,126,121,0.3412698412698413,3971.610163224264,-3001.9786998584113,-622.103135473054,-62.21031354730539,0.6854083171863823,-7838.49950696048,8104.547287639951,47.523809523809526,0,0.03196906869721,,-1335.739510146311,164.6490027030254,-151.1001118054456,-471.0030236676083,0.8105947026486756,-277.8108310095427,-344.29230446351124,0.8000999500249875
PDH_PDL_BREAK_5M,QQQ,True,Y2024,gross,0.0,,46,45,0.34782608695652173,38.5502034595335,-18.90277205127862,1.0808716046560287,0.10808716046560286,1.0876769002967728,4.972009381417735,17.344494226328777,44.52173913043478,0,0.04184672049328203,,-7.944035402632777,10.123446827166616,8.876638554699001,-7.795766950042973,0.9050474762618691,4.711608019480146,-3.630736414824118,0.7166416791604198
PDH_PDL_BREAK_5M,QQQ,True,Y2024,quoted,0.25,,46,45,0.34782608695652173,38.0502034595335,-19.40277205127862,0.5808716046560288,0.05808716046560288,1.0459042548895594,2.6720093814177304,17.744494226328776,44.52173913043478,0,0.04184672049328203,,-8.444035402632776,9.623446827166616,8.376638554699001,-7.795766950042973,0.9050474762618691,4.211608019480146,-3.6307364148241175,0.7166416791604198
PDH_PDL_BREAK_5M,QQQ,True,Y2024,low,0.5,,46,45,0.34782608695652173,37.5502034595335,-19.90277205127862,0.0808716046560288,0.008087160465602879,1.0062304450264394,0.3720093814177343,18.45644907254253,44.52173913043478,0,0.04184672049328203,,-8.944035402632776,9.123446827166616,7.876638554699001,-7.795766950042973,0.9050474762618691,3.7116080194801464,-3.6307364148241175,0.7166416791604198
PDH_PDL_BREAK_5M,QQQ,True,Y2024,realistic,1.5,,46,45,0.34782608695652173,35.5502034595335,-21.902772051278614,-1.919128395343972,-0.1919128395343972,0.8656488077108198,-8.82799061858227,24.989082731891386,44.52173913043478,0,0.04184672049328203,,-10.944035402632778,7.1234468271666165,5.876638554699001,-7.795766950042973,0.9050474762618691,1.7116080194801464,-3.6307364148241184,0.7166416791604198
PDH_PDL_BREAK_5M,QQQ,True,Y2024,pessimistic,4.0,,46,45,0.34782608695652173,30.5502034595335,-26.902772051278614,-6.919128395343971,-0.6919128395343971,0.6056417462865188,-31.827990618582273,42.71882786908682,44.52173913043478,0,0.04184672049328203,,-15.94403540263278,2.1234468271666147,0.8766385546990006,-7.795766950042971,0.9050474762618691,-3.288391980519852,-3.630736414824119,0.7166416791604198
PDH_PDL_BREAK_5M,QQQ,True,Y2024,opt_bach,200.0,0.01,46,45,0.32608695652173914,5102.138487931674,-3370.269245968075,-607.5275936094621,-60.752759360946214,0.7325161604409868,-2794.6269306035265,5315.548384372345,44.52173913043478,0,0.04184672049328203,,-1981.7269941463978,906.8611990120602,-232.33196270007963,-375.19563090938243,0.6821589205397302,-43.18332102917302,-564.344272580289,0.7591204397801099
PDH_PDL_BREAK_5M,QQQ,True,Y2024,opt_bach_pess,500.0,0.02,46,45,0.30434782608695654,4862.964314361779,-3863.3678033468796,-1207.527593609462,-120.7527593609462,0.5506974732486407,-5554.626930603525,7440.121716141365,44.52173913043478,0,0.04184672049328203,,-2581.726994146398,306.8611990120603,-832.3319627000798,-375.1956309093822,0.6821589205397302,-643.183321029173,-564.3442725802889,0.7591204397801099
PDH_PDL_BREAK_5M,QQQ,True,Y2024,opt_delta_no_decay,200.0,0.01,46,45,0.34782608695652173,4636.310181441409,-2548.1101560148695,-49.181342986598814,-4.918134298659881,0.9704049715427565,-226.23417773835445,2754.718245329763,44.52173913043478,0,0.04184672049328203,,-1143.6234110654032,1146.9419920256546,552.6814664568396,-601.8628094434384,0.8095952023988006,508.5174627427589,-557.6988057293577,0.7671164417791104
PDH_PDL_BREAK_5M,QQQ,True,Y2025,gross,0.0,,115,110,0.3826086956521739,44.94017538100115,-19.392009111140872,5.222044085852595,0.5222044085852594,1.436171433927794,60.05350698730488,32.11725156263194,57.3304347826087,0,0.055807128920510436,,-3.5505938741871197,17.38805043637173,-6.21322309719307,11.435267183045664,0.14942528735632185,-0.2542321411972084,5.476276227049803,0.2703648175912044
PDH_PDL_BREAK_5M,QQQ,True,Y2025,quoted,0.25,,115,110,0.3739130434782609,45.481432646679984,-19.620368526863764,4.722044085852596,0.4722044085852595,1.384404285674361,54.30350698730483,35.91725156263201,57.3304347826087,0,0.055807128920510436,,-4.05059387418712,16.88805043637173,-6.71322309719307,11.435267183045665,0.14942528735632185,-0.7542321411972086,5.476276227049804,0.2703648175912044
PDH_PDL_BREAK_5M,QQQ,True,Y2025,low,0.5,,115,110,0.3739130434782609,44.981432646679984,-20.120368526863764,4.222044085852595,0.4222044085852594,1.3351599961065332,48.553506987304786,39.71725156263206,57.3304347826087,0,0.055807128920510436,,-4.55059387418712,16.38805043637173,-7.21322309719307,11.435267183045664,0.14942528735632185,-1.2542321411972086,5.476276227049803,0.2703648175912044
PDH_PDL_BREAK_5M,QQQ,True,Y2025,realistic,1.5,,115,110,0.3739130434782609,42.98143264667998,-22.120368526863764,2.222044085852595,0.22220440858525953,1.160444803999132,25.553506987304846,54.91725156263199,57.3304347826087,0,0.055807128920510436,,-6.550593874187119,14.388050436371735,-9.21322309719307,11.435267183045665,0.14942528735632185,-3.2542321411972086,5.476276227049803,0.2703648175912044
PDH_PDL_BREAK_5M,QQQ,True,Y2025,pessimistic,4.0,,115,110,0.3391304347826087,42.18859267972719,-25.852895324162002,-2.777955914147406,-0.2777955914147406,0.8374075371436448,-31.946493012695143,92.917251562632,57.3304347826087,0,0.055807128920510436,,-11.550593874187122,9.388050436371735,-14.213223097193074,11.435267183045667,0.14942528735632185,-8.254232141197209,5.476276227049802,0.2703648175912044
PDH_PDL_BREAK_5M,QQQ,True,Y2025,opt_bach,200.0,0.01,115,110,0.2956521739130435,6413.496822955499,-3703.123349617159,-712.122602943504,-71.2122602943504,0.7269768873502871,-8189.409933850294,11359.907711892218,57.3304347826087,0,0.055807128920510436,,-2170.39482108818,1062.485636444414,-1199.9117138600584,487.78911091655436,0.3053473263368316,-301.4188164102055,-410.7037865332985,0.719640179910045
PDH_PDL_BREAK_5M,QQQ,True,Y2025,opt_bach_pess,500.0,0.02,115,110,0.25217391304347825,6870.642276745092,-4071.427039117566,-1312.122602943504,-131.2122602943504,0.56904973769885,-15089.409933850297,15349.220527705178,57.3304347826087,0,0.055807128920510436,,-2770.3948210881795,462.48563644441396,-1798.9948191095555,486.87221616605143,0.30634682658670664,-901.4188164102055,-410.7037865332985,0.719640179910045
PDH_PDL_BREAK_5M,QQQ,True,Y2025,opt_delta_no_decay,200.0,0.01,115,110,0.3652173913043478,4481.403695477433,-2814.74889652296,-150.06708031412066,-15.006708031412066,0.9160113200070896,-1725.7714236123875,7013.365818402333,57.3304347826087,0,0.055807128920510436,,-1087.1696633040192,966.6304495100179,-488.7051771501404,338.6380968360197,0.3003498250874563,138.5618675101561,-288.6289478242768,0.6921539230384808
PDH_PDL_BREAK_5M,QQQ,True,Y2026,gross,0.0,,91,88,0.34065934065934067,43.844947446371236,-24.32117640018912,-1.0997495953169145,-0.10997495953169145,0.9314197008626465,-10.007721317383927,40.172041189763924,51.2967032967033,0,0.040983454959976344,,-9.027579007310278,6.778315499043227,2.024373548950155,-3.1241231442670694,0.7271364317841079,-3.3653793949054998,2.2656297995885852,0.29485257371314344
PDH_PDL_BREAK_5M,QQQ,True,Y2026,quoted,0.25,,91,88,0.34065934065934067,43.344947446371236,-24.82117640018912,-1.5997495953169143,-0.15997495953169144,0.9022493194072719,-14.55772131738393,42.922041189763924,51.2967032967033,0,0.040983454959976344,,-9.527579007310276,6.278315499043227,1.5243735489501553,-3.1241231442670694,0.7271364317841079,-3.8653793949054998,2.2656297995885852,0.29485257371314344
PDH_PDL_BREAK_5M,QQQ,True,Y2026,low,0.5,,91,88,0.34065934065934067,42.844947446371236,-25.32117640018912,-2.099749595316914,-0.2099749595316914,0.8742309532056262,-19.10772131738393,45.67204118976392,51.2967032967033,0,0.040983454959976344,,-10.027579007310276,5.778315499043227,1.0243735489501553,-3.1241231442670694,0.7271364317841079,-4.365379394905499,2.2656297995885852,0.29485257371314344
PDH_PDL_BREAK_5M,QQQ,True,Y2026,realistic,1.5,,91,88,0.34065934065934067,40.844947446371236,-27.32117640018912,-4.099749595316914,-0.4099749595316914,0.772412671335255,-37.30772131738392,56.67204118976392,51.2967032967033,0,0.040983454959976344,,-12.027579007310276,3.778315499043227,-0.9756264510498451,-3.124123144267069,0.7271364317841079,-6.365379394905499,2.2656297995885852,0.29485257371314344
PDH_PDL_BREAK_5M,QQQ,True,Y2026,pessimistic,4.0,,91,88,0.34065934065934067,35.84494744637123,-32.32117640018912,-9.099749595316913,-0.9099749595316913,0.5729955272868751,-82.80772131738391,91.321551112028,51.2967032967033,0,0.040983454959976344,,-17.027579007310276,-1.2216845009567716,-5.975626451049846,-3.1241231442670676,0.7271364317841079,-11.365379394905501,2.265629799588588,0.29485257371314344
PDH_PDL_BREAK_5M,QQQ,True,Y2026,opt_bach,200.0,0.01,91,88,0.31868131868131866,4056.054541357879,-3724.7664338817635,-1245.1641450691304,-124.51641450691305,0.5093438300843274,-11330.993720129087,11330.993720129087,51.2967032967033,0,0.040983454959976344,,-2127.596954108674,-312.5162618792622,-826.8401148124204,-418.32403025671,0.7436281859070465,-1293.3520789694355,48.1879339003051,0.4567716141929036
PDH_PDL_BREAK_5M,QQQ,True,Y2026,opt_bach_pess,500.0,0.02,91,88,0.2967032967032967,3723.210201170743,-4194.322072389077,-1845.1641450691302,-184.51641450691304,0.37448943512442834,-16790.99372012909,16790.99372012909,51.2967032967033,0,0.040983454959976344,,-2727.5969541086733,-912.5162618792621,-1425.951807275858,-419.2123377932721,0.7446276861569215,-1893.3520789694355,48.187933900305325,0.4567716141929036
PDH_PDL_BREAK_5M,QQQ,True,Y2026,opt_delta_no_decay,200.0,0.01,91,88,0.34065934065934067,3748.705587017613,-2837.0831720925335,-593.5727156923734,-59.35727156923735,0.682683975926783,-5401.511712800599,7443.353730564608,51.2967032967033,0,0.040983454959976344,,-1336.3027218635689,198.1546542139182,-77.29358566079067,-516.2791300315828,0.8120939530234883,-854.4414137916609,260.8686980992875,0.29185407296351823
PDH_PDL_BREAK_5M,SPY,True,all,gross,0.0,,265,251,0.37358490566037733,27.333346780644177,-13.761722846245737,1.5907748634225716,0.15907748634225716,1.184532854002791,42.15553388069813,28.28954628472237,52.75094339622642,0,0.0871052578590922,,-1.5018286383663786,5.002778201390985,-1.8099026537370266,3.400677517159598,0.1924037981009495,-1.1545681510573447,2.745343014479916,0.08495752123938032
PDH_PDL_BREAK_5M,SPY,True,all,quoted,0.25,,265,251,0.37358490566037733,26.833346780644177,-14.261722846245737,1.0907748634225716,0.10907748634225715,1.1220958533903345,28.905533880698115,31.539546284722363,52.75094339622642,0,0.0871052578590922,,-2.0018286383663786,4.502778201390985,-2.3099026537370264,3.4006775171595978,0.1924037981009495,-1.6545681510573447,2.745343014479916,0.08495752123938032
PDH_PDL_BREAK_5M,SPY,True,all,low,0.5,,265,251,0.37358490566037733,26.333346780644177,-14.761722846245737,0.5907748634225716,0.05907748634225716,1.0638885081685652,15.655533880698169,34.78954628472235,52.75094339622642,0,0.0871052578590922,,-2.501828638366379,4.002778201390985,-2.809902653737027,3.4006775171595987,0.1924037981009495,-2.1545681510573447,2.745343014479916,0.08495752123938032
PDH_PDL_BREAK_5M,SPY,True,all,realistic,1.5,,265,251,0.37358490566037733,24.333346780644177,-16.76172284624574,-1.4092251365774282,-0.14092251365774283,0.8657854771655074,-37.344466119301856,59.24968787497183,52.75094339622642,0,0.0871052578590922,,-4.501828638366379,2.0027782013909845,-4.809902653737026,3.400677517159598,0.1924037981009495,-4.154568151057345,2.7453430144799165,0.08495752123938032
PDH_PDL_BREAK_5M,SPY,True,all,pessimistic,4.0,,265,251,0.3433962264150943,21.29505146933024,-20.89824336150615,-6.409225136577428,-0.6409225136577428,0.5329188178690304,-169.84446611930164,178.37571158040626,52.75094339622642,0,0.0871052578590922,,-9.50182863836638,-2.997221798609015,-9.809902653737026,3.4006775171595987,0.1924037981009495,-9.154568151057344,2.745343014479916,0.08495752123938032
PDH_PDL_BREAK_5M,SPY,True,all,opt_bach,200.0,0.01,265,251,0.32075471698113206,5311.577585848734,-3274.0261783054834,-520.1532728220553,-52.01532728220553,0.7661041282184896,-13784.061729784462,19684.976356740684,52.75094339622642,0,0.0871052578590922,,-1249.4853382424874,293.21066045533104,-1160.4257308848285,640.2724580627731,0.09345327336331834,-839.289065592267,319.13579277021165,0.12843578210894552
PDH_PDL_BREAK_5M,SPY,True,all,opt_bach_pess,500.0,0.02,265,251,0.2981132075471698,5087.236442558149,-3756.625248709347,-1120.1532728220554,-112.01532728220555,0.5751726106167909,-29684.06172978447,34928.82231279035,52.75094339622642,0,0.0871052578590922,,-1849.4853382424874,-306.78933954466885,-1759.398352813795,639.2450799917397,0.09345327336331834,-1439.289065592267,319.13579277021154,0.12843578210894552
PDH_PDL_BREAK_5M,SPY,True,all,opt_delta_no_decay,200.0,0.01,265,251,0.37358490566037733,4258.974036588827,-2546.8974425468514,-4.326588077296291,-0.4326588077296291,0.9972881111983025,-114.65458404835225,7806.326721145898,52.75094339622642,0,0.0871052578590922,,-547.3909215173444,559.77727968583,-338.1745224947927,333.84793441749645,0.19490254872563717,-347.6512456714636,343.3246575941673,0.095952023988006
PDH_PDL_BREAK_5M,SPY,True,IS,gross,0.0,,127,122,0.3700787401574803,27.231946273438137,-13.276629971500295,1.7147328907997543,0.17147328907997544,1.2050323365182256,21.777107713156884,20.207349346166527,50.89763779527559,0,0.07603704385276393,,-2.7811080527062333,7.474459856923268,-6.8218770567239275,8.536609947523681,0.1024487756121939,-2.947318787003581,4.662051677803335,0.0769615192403798
PDH_PDL_BREAK_5M,SPY,True,IS,quoted,0.25,,127,122,0.3700787401574803,26.731946273438137,-13.776629971500295,1.214732890799754,0.12147328907997541,1.139975339987636,15.427107713156875,21.107349346166526,50.89763779527559,0,0.07603704385276393,,-3.2811080527062337,6.974459856923268,-7.3218770567239275,8.536609947523681,0.1024487756121939,-3.4473187870035806,4.662051677803335,0.0769615192403798
PDH_PDL_BREAK_5M,SPY,True,IS,low,0.5,,127,122,0.3700787401574803,26.231946273438137,-14.276629971500295,0.7147328907997541,0.07147328907997541,1.079475230948034,9.07710771315689,22.007349346166528,50.89763779527559,0,0.07603704385276393,,-3.7811080527062333,6.474459856923267,-7.8218770567239275,8.536609947523681,0.1024487756121939,-3.9473187870035806,4.662051677803335,0.0769615192403798
PDH_PDL_BREAK_5M,SPY,True,IS,realistic,1.5,,127,122,0.3700787401574803,24.231946273438137,-16.276629971500295,-1.2852671092002455,-0.12852671092002455,0.874644718259985,-16.32289228684312,27.31724246799672,50.89763779527559,0,0.07603704385276393,,-5.781108052706233,4.474459856923268,-9.821877056723926,8.53660994752368,0.1024487756121939,-5.947318787003581,4.662051677803335,0.0769615192403798
PDH_PDL_BREAK_5M,SPY,True,IS,pessimistic,4.0,,127,122,0.3464566929133858,20.686399894510853,-20.583500219601312,-6.2852671092002455,-0.6285267109200245,0.5327706252304181,-79.82289228684313,83.85675204863355,50.89763779527559,0,0.07603704385276393,,-10.781108052706232,-0.5255401430767326,-14.821877056723926,8.53660994752368,0.1024487756121939,-10.94731878700358,4.662051677803334,0.0769615192403798
PDH_PDL_BREAK_5M,SPY,True,IS,opt_bach,200.0,0.01,127,122,0.31496062992125984,4728.726345372098,-3104.306513240922,-637.209549898239,-63.720954989823895,0.7003583718521682,-8092.561283707634,8986.933468551417,50.89763779527559,0,0.07603704385276393,,-1606.527921697224,589.2333967815562,-1580.3652764765222,943.1557265782833,0.08495752123938032,-1160.575689064941,523.3661391667019,0.0944527736131934
PDH_PDL_BREAK_5M,SPY,True,IS,opt_bach_pess,500.0,0.02,127,122,0.29133858267716534,4481.307499852479,-3588.15544812909,-1237.2095498982394,-123.72095498982394,0.5134435595468738,-15712.561283707644,16130.779424601082,50.89763779527559,0,0.07603704385276393,,-2206.527921697224,-10.76660321844383,-2178.94847909497,941.7389291967306,0.08495752123938032,-1760.575689064941,523.3661391667015,0.0944527736131934
PDH_PDL_BREAK_5M,SPY,True,IS,opt_delta_no_decay,200.0,0.01,127,122,0.3700787401574803,3882.6193174983428,-2371.68196685213,-57.09802697439547,-5.709802697439546,0.9617810823336649,-725.1449425748215,3645.3371025919487,50.89763779527559,0,0.07603704385276393,,-748.5753261689401,776.8701224881171,-751.5754831202927,694.4774561458972,0.10394802598700649,-570.005377978337,512.9073510039416,0.06796601699150424
PDH_PDL_BREAK_5M,SPY,True,OOS,gross,0.0,,138,129,0.37681159420289856,27.424997239080408,-14.212972032055452,1.4766975483725555,0.14766975483725556,1.166719841053786,20.378426167541264,28.289546284722356,54.45652173913044,0,0.09729122292288707,,-2.7344925239206956,5.626048653094329,2.8025665432146862,-1.3258689948421307,0.6761619190404797,0.48229112524139267,0.9944064231311629,0.3328335832083958
PDH_PDL_BREAK_5M,SPY,True,OOS,quoted,0.25,,138,129,0.37681159420289856,26.924997239080408,-14.712972032055452,0.9766975483725555,0.09766975483725555,1.106522248073076,13.478426167541269,31.539546284722363,54.45652173913044,0,0.09729122292288707,,-3.2344925239206956,5.126048653094329,2.3025665432146867,-1.3258689948421312,0.6761619190404797,-0.017708874758607555,0.9944064231311631,0.3328335832083958
PDH_PDL_BREAK_5M,SPY,True,OOS,low,0.5,,138,129,0.37681159420289856,26.424997239080408,-15.212972032055452,0.47669754837255535,0.04766975483725553,1.0502816460638784,6.578426167541271,34.789546284722356,54.45652173913044,0,0.09729122292288707,,-3.7344925239206956,4.626048653094329,1.8025665432146862,-1.325868994842131,0.6761619190404797,-0.5177088747586076,0.9944064231311629,0.3328335832083958
PDH_PDL_BREAK_5M,SPY,True,OOS,realistic,1.5,,138,129,0.37681159420289856,24.424997239080408,-17.21297203205545,-1.5233024516274445,-0.15233024516274446,0.8579926205809321,-21.021573832458742,47.78954628472235,54.45652173913044,0,0.09729122292288707,,-5.7344925239206965,2.6260486530943283,-0.19743345678531363,-1.325868994842131,0.6761619190404797,-2.517708874758607,0.9944064231311627,0.3328335832083958
PDH_PDL_BREAK_5M,SPY,True,OOS,pessimistic,4.0,,138,129,0.34057971014492755,21.864852943629238,-21.185316776650126,-6.523302451627445,-0.6523302451627444,0.5330501429257479,-90.02157383245873,99.46683332494048,54.45652173913044,0,0.09729122292288707,,-10.734492523920695,-2.3739513469056726,-5.197433456785314,-1.3258689948421312,0.6761619190404797,-7.517708874758607,0.9944064231311618,0.3328335832083958
PDH_PDL_BREAK_5M,SPY,True,OOS,opt_bach,200.0,0.01,138,129,0.32608695652173914,5829.667577383521,-3432.7961875594274,-412.42756855629216,-41.24275685562922,0.821722799187744,-5691.500446076834,14314.483437105391,54.45652173913044,0,0.09729122292288707,,-1513.374166210115,860.098124986139,-773.9596273330518,361.53205877675964,0.3058470764617691,-545.9404093780867,133.5128408217945,0.3553223388305847
PDH_PDL_BREAK_5M,SPY,True,OOS,opt_bach_pess,500.0,0.02,138,129,0.30434782608695654,5621.030987322667,-3914.5656867533366,-1012.427568556292,-101.24275685562921,0.6282181099362978,-13971.500446076832,21634.48343710539,54.45652173913044,0,0.09729122292288707,,-2113.3741662101147,260.09812498613917,-1373.2906279028584,360.8630593465664,0.3058470764617691,-1145.9404093780865,133.5128408217945,0.3553223388305847
PDH_PDL_BREAK_5M,SPY,True,OOS,opt_delta_no_decay,200.0,0.01,138,129,0.37681159420289856,4599.14080192061,-2709.8885827279883,44.238431777280375,4.423843177728037,1.0261956345526166,610.4903585264692,7806.326721145897,54.45652173913044,0,0.09729122292288707,,-764.2849370203727,931.1357475431491,42.27418764606602,1.9642441312143575,0.5032483758120939,-144.63225530431828,188.87068708159865,0.29985007496251875
PDH_PDL_BREAK_5M,SPY,True,Y2024,gross,0.0,,42,40,0.40476190476190477,23.311047941280272,-10.57757886943014,3.1392462682383604,0.31392462682383604,1.4985955477847999,13.184834326601115,10.114858858905507,51.904761904761905,0,0.2039178080212659,,-2.7026822157216834,9.823546783730905,-2.830113845768725,5.9693601140070855,0.21339330334832585,3.839761725965113,-0.7005154577267527,0.6371814092953523
PDH_PDL_BREAK_5M,SPY,True,Y2024,quoted,0.25,,42,40,0.40476190476190477,22.811047941280272,-11.07757886943014,2.6392462682383604,0.26392462682383605,1.4002619871095117,11.084834326601113,10.564858858905506,51.904761904761905,0,0.2039178080212659,,-3.2026822157216834,9.323546783730905,-3.330113845768725,5.9693601140070855,0.21339330334832585,3.339761725965113,-0.7005154577267527,0.6371814092953523
PDH_PDL_BREAK_5M,SPY,True,Y2024,low,0.5,,42,40,0.40476190476190477,22.311047941280272,-11.57757886943014,2.1392462682383604,0.21392462682383603,1.3104218741389875,8.984834326601115,11.014858858905505,51.904761904761905,0,0.2039178080212659,,-3.702682215721683,8.823546783730905,-3.8301138457687243,5.969360114007085,0.21339330334832585,2.8397617259651122,-0.7005154577267518,0.6371814092953523
PDH_PDL_BREAK_5M,SPY,True,Y2024,realistic,1.5,,42,40,0.40476190476190477,20.311047941280272,-13.57757886943014,0.13924626823836136,0.013924626823836135,1.0172294142343112,0.5848343266011125,13.12943532757684,51.904761904761905,0,0.2039178080212659,,-5.702682215721683,6.8235467837309045,-5.830113845768724,5.9693601140070855,0.21339330334832585,0.8397617259651127,-0.7005154577267513,0.6371814092953523
PDH_PDL_BREAK_5M,SPY,True,Y2024,pessimistic,4.0,,42,40,0.3333333333333333,19.041995393474973,-16.81212829437995,-4.860753731761639,-0.4860753731761639,0.5663172163586344,-20.415165673398892,30.882368872494425,51.904761904761905,0,0.2039178080212659,,-10.702682215721683,1.8235467837309045,-10.830113845768725,5.969360114007086,0.21339330334832585,-4.160238274034887,-0.7005154577267518,0.6371814092953523
PDH_PDL_BREAK_5M,SPY,True,Y2024,opt_bach,200.0,0.01,42,40,0.38095238095238093,5162.53690765387,-3089.6532265781416,54.038253129291455,5.403825312929146,1.02825319100422,226.96066314302283,5244.768377012717,51.904761904761905,0,0.2039178080212659,,-1971.8378555554275,2977.2181893948446,-1004.1028288192958,1058.1410819485873,0.26436781609195403,285.3463018743506,-231.30804874505915,0.7651174412793603
PDH_PDL_BREAK_5M,SPY,True,Y2024,opt_bach_pess,500.0,0.02,42,40,0.30952380952380953,5666.147246316904,-3330.7002610582595,-545.9617468707087,-54.596174687070864,0.7626015079019374,-2293.039336856979,7524.768377012719,51.904761904761905,0,0.2039178080212659,,-2571.8378555554273,2377.2181893948446,-1604.102828819296,1058.1410819485873,0.26436781609195403,-314.65369812564927,-231.3080487450594,0.7651174412793603
PDH_PDL_BREAK_5M,SPY,True,Y2024,opt_delta_no_decay,200.0,0.01,42,40,0.40476190476190477,4219.956110456449,-2456.16257818958,246.07593864333634,24.607593864333637,1.1683144188384815,1033.5189423020133,2846.4127635061204,51.904761904761905,0,0.2039178080212659,,-1193.3142915424924,2013.4119217830146,-369.17440943024786,615.2503480735842,0.31084457771114443,452.5603147999647,-206.48437615662837,0.7496251874062968
PDH_PDL_BREAK_5M,SPY,True,Y2025,gross,0.0,,127,122,0.3228346456692913,29.433727759964498,-13.813599177902137,0.14813629022803465,0.014813629022803466,1.0158365247550185,1.8813308858960367,22.812063115845163,49.188976377952756,0,-0.0636703169111778,,-4.762997636796264,5.567589634423484,-4.665214083433077,4.813350373661112,0.28285857071464265,-3.7873256328238614,3.935461923051896,0.14192903548225888
PDH_PDL_BREAK_5M,SPY,True,Y2025,quoted,0.25,,127,122,0.3228346456692913,28.933727759964498,-14.313599177902137,-0.35186370977196535,-0.03518637097719654,0.9636979713328354,-4.4686691141039505,24.06206311584516,49.188976377952756,0,-0.0636703169111778,,-5.262997636796265,5.067589634423484,-5.165214083433077,4.813350373661112,0.28285857071464265,-4.287325632823861,3.9354619230518955,0.14192903548225888
PDH_PDL_BREAK_5M,SPY,True,Y2025,low,0.5,,127,122,0.3228346456692913,28.433727759964498,-14.813599177902137,-0.8518637097719656,-0.08518637097719656,0.9150790590725356,-10.81866911410396,25.31206311584516,49.188976377952756,0,-0.0636703169111778,,-5.762997636796265,4.567589634423485,-5.665214083433077,4.813350373661112,0.28285857071464265,-4.787325632823861,3.9354619230518955,0.14192903548225888
PDH_PDL_BREAK_5M,SPY,True,Y2025,realistic,1.5,,127,122,0.3228346456692913,26.433727759964498,-16.813599177902137,-2.851863709771966,-0.2851863709771966,0.7495198316409337,-36.21866911410397,40.2731367578116,49.188976377952756,0,-0.0636703169111778,,-7.762997636796265,2.5675896344234848,-7.665214083433077,4.813350373661111,0.28285857071464265,-6.787325632823862,3.935461923051896,0.14192903548225888
PDH_PDL_BREAK_5M,SPY,True,Y2025,pessimistic,4.0,,127,122,0.31496062992125984,22.05550598255591,-21.60237851084225,-7.851863709771964,-0.7851863709771963,0.4694141673161525,-99.71866911410395,101.71396602704817,49.188976377952756,0,-0.0636703169111778,,-12.762997636796266,-2.432410365576516,-12.665214083433076,4.8133503736611125,0.28285857071464265,-11.78732563282386,3.9354619230518963,0.14192903548225888
PDH_PDL_BREAK_5M,SPY,True,Y2025,opt_bach,200.0,0.01,127,122,0.2677165354330709,5303.496770202735,-3276.3480703676605,-979.381735096846,-97.9381735096846,0.5917908464136256,-12438.14803572994,12802.280781177293,49.188976377952756,0,-0.0636703169111778,,-1912.4136387322676,78.28888817821866,-1271.9104432471293,292.52870815028325,0.344327836081959,-1490.163632056693,510.7818969598469,0.11694152923538231
PDH_PDL_BREAK_5M,SPY,True,Y2025,opt_bach_pess,500.0,0.02,127,122,0.2677165354330709,4703.496770202735,-3876.3480703676605,-1579.381735096846,-157.9381735096846,0.4436025681346397,-20058.14803572996,20362.280781177313,49.188976377952756,0,-0.0636703169111778,,-2512.413638732268,-521.7111118217814,-1869.7667016028481,290.38496650600223,0.3453273363318341,-2090.163632056693,510.78189695984724,0.11694152923538231
PDH_PDL_BREAK_5M,SPY,True,Y2025,opt_delta_no_decay,200.0,0.01,127,122,0.3228346456692913,4232.546882633567,-2547.5430448671636,-358.69511551653295,-35.8695115516533,0.7920738071650745,-4555.42796705997,5967.088328836966,49.188976377952756,0,-0.0636703169111778,,-1099.997464498923,398.1848360374234,-506.7072354620298,148.01211994549686,0.39730134932533734,-837.5867331536682,478.89161763713525,0.10144927536231885
PDH_PDL_BREAK_5M,SPY,True,Y2026,gross,0.0,,96,89,0.4270833333333333,26.900748246913775,-15.127945298935543,2.8218092362709366,0.2821809236270937,1.3255788978957566,27.089368668200986,20.59774146072757,57.833333333333336,0,0.23546328795297758,,-2.122007928008185,7.827878719479274,2.4137788216455767,0.40803041462535994,0.45327336331834084,0.11590672256388257,2.705902513707054,0.22688655672163918
PDH_PDL_BREAK_5M,SPY,True,Y2026,quoted,0.25,,96,89,0.4270833333333333,26.400748246913775,-15.627945298935543,2.3218092362709366,0.23218092362709367,1.259318317770378,22.28936866820099,21.747741460727568,57.833333333333336,0,0.23546328795297758,,-2.622007928008185,7.327878719479274,1.9137788216455769,0.4080304146253597,0.45327336331834084,-0.3840932774361174,2.705902513707054,0.22688655672163918
PDH_PDL_BREAK_5M,SPY,True,Y2026,low,0.5,,96,89,0.4270833333333333,25.900748246913775,-16.127945298935543,1.8218092362709364,0.18218092362709365,1.197166170486085,17.489368668200992,22.897741460727573,57.833333333333336,0,0.23546328795297758,,-3.122007928008185,6.827878719479274,1.4137788216455769,0.4080304146253595,0.45327336331834084,-0.8840932774361177,2.705902513707054,0.22688655672163918
PDH_PDL_BREAK_5M,SPY,True,Y2026,realistic,1.5,,96,89,0.4270833333333333,23.90074824691378,-18.127945298935543,-0.1781907637290634,-0.01781907637290634,0.9828428498994217,-1.710631331799004,27.497741460727575,57.833333333333336,0,0.23546328795297758,,-5.122007928008186,4.827878719479274,-0.5862211783544237,0.40803041462536027,0.45327336331834084,-2.884093277436118,2.7059025137070547,0.22688655672163918
PDH_PDL_BREAK_5M,SPY,True,Y2026,pessimistic,4.0,,96,89,0.3854166666666667,21.32544618643691,-21.7991156307823,-5.178190763729062,-0.5178190763729063,0.6134920848667083,-49.710631331799,58.17502850094569,57.833333333333336,0,0.23546328795297758,,-10.122007928008186,-0.1721212805207267,-5.586221178354424,0.4080304146253617,0.45327336331834084,-7.884093277436118,2.7059025137070556,0.22688655672163918
PDH_PDL_BREAK_5M,SPY,True,Y2026,opt_bach,200.0,0.01,96,89,0.3645833333333333,5387.560402508215,-3349.0714370452943,-163.84107887474445,-16.384107887474446,0.9230090309731429,-1572.874357197545,7805.080950470149,57.833333333333336,0,0.23546328795297758,,-1407.709851189395,1351.046606816807,-1081.332016475871,917.4909376011265,0.13093453273363317,-477.0441703743532,313.2030914996087,0.2863568215892054
PDH_PDL_BREAK_5M,SPY,True,Y2026,opt_bach_pess,500.0,0.02,96,89,0.3333333333333333,5259.777330408782,-3775.650283516508,-763.8410788747445,-76.38410788747446,0.6965392628352765,-7332.874357197545,12605.080950470148,57.833333333333336,0,0.23546328795297758,,-2007.7098511893955,751.0466068168068,-1681.332016475871,917.4909376011263,0.13093453273363317,-1077.0441703743534,313.20309149960883,0.2863568215892054
PDH_PDL_BREAK_5M,SPY,True,Y2026,opt_delta_no_decay,200.0,0.01,96,89,0.4270833333333333,4301.579355037999,-2587.1310754447613,354.92233757391733,35.49223375739174,1.2394547432411196,3407.2544407096048,3809.3296110765677,57.833333333333336,0,0.23546328795297758,,-528.4866413595187,1323.9427895968693,-101.65733709762382,456.57967467154117,0.21839080459770116,-54.703476057319925,409.62581363123724,0.22038980509745126
VWAP_2SD_FADE_1M,QQQ,True,all,gross,0.0,,1164,472,0.3917525773195876,21.713623582385146,-14.488993105523537,-0.30652471232219586,-0.030652471232219584,0.9652186038930473,-35.67947651430361,126.22931909700628,17.740549828178693,0,0.013848496168168727,,-1.7358246201235237,1.061859478295164,0.19398768579573294,-0.5005123981179288,0.7081459270364817,0.45340037364480645,-0.7599250859670024,0.7856071964017991
VWAP_2SD_FADE_1M,QQQ,True,all,quoted,0.25,,1164,472,0.38402061855670105,21.645170681189924,-14.803606777733515,-0.8065247123221959,-0.0806524712322196,0.911552825636512,-93.87947651430353,134.46013702927726,17.740549828178693,0,0.013848496168168727,,-2.2358246201235237,0.5618594782951642,-0.30601231420426706,-0.5005123981179289,0.7081459270364817,-0.04659962635519366,-0.7599250859670023,0.7856071964017991
VWAP_2SD_FADE_1M,QQQ,True,all,low,0.5,,1164,472,0.3745704467353952,21.684888919209847,-15.076107601536442,-1.3065247123221957,-0.13065247123221957,0.8614361310302331,-152.0794765143037,179.5005412586306,17.740549828178693,0,0.013848496168168727,,-2.735824620123524,0.06185947829516404,-0.806012314204267,-0.5005123981179287,0.7081459270364817,-0.5465996263551937,-0.759925085967002,0.7856071964017991
VWAP_2SD_FADE_1M,QQQ,True,all,realistic,1.5,,1164,472,0.35652920962199314,20.736787667248972,-16.628253200335593,-3.306524712322196,-0.33065247123221964,0.6909730848653155,-384.87947651430375,385.6465104325441,17.740549828178693,0,0.013848496168168727,,-4.735824620123524,-1.9381405217048358,-2.806012314204267,-0.5005123981179289,0.7081459270364817,-2.546599626355193,-0.7599250859670028,0.7856071964017991
VWAP_2SD_FADE_1M,QQQ,True,all,pessimistic,4.0,,1164,472,0.29896907216494845,19.266709594009107,-20.065698166492897,-8.306524712322197,-0.8306524712322197,0.4094891144947272,-966.8794765143032,966.8794765143032,17.740549828178693,0,0.013848496168168727,,-9.735824620123523,-6.938140521704836,-7.806012314204266,-0.5005123981179311,0.7081459270364817,-7.546599626355193,-0.7599250859670041,0.7856071964017991
VWAP_2SD_FADE_1M,QQQ,True,all,opt_bach,200.0,0.01,1164,472,0.28865979381443296,2616.4996060108956,-1942.1410368157053,-626.2447687832843,-62.62447687832842,0.5466997174434074,-72894.89108637432,72894.89108637432,17.740549828178693,0,0.013848496168168727,,-773.0438036447938,-473.35018435854033,-845.4927325983028,219.24796381501858,0.038980509745127435,-675.6866306073939,49.44186182410965,0.2848575712143928
VWAP_2SD_FADE_1M,QQQ,True,all,opt_bach_pess,500.0,0.02,1164,472,0.25257731958762886,2351.2761635082975,-2435.200118316302,-1226.2447687832844,-122.62447687832844,0.32628496537622387,-142734.8910863743,142734.8910863743,17.740549828178693,0,0.013848496168168727,,-1373.0438036447938,-1073.3501843585402,-1445.226978891945,218.98221010866064,0.0384807596201899,-1275.6866306073937,49.44186182410931,0.2848575712143928
VWAP_2SD_FADE_1M,QQQ,True,all,opt_delta_no_decay,200.0,0.01,1164,472,0.35137457044673537,2259.6298537189596,-1848.7671897150783,-405.1809433538056,-40.51809433538056,0.6621119636958711,-47163.06180638297,47214.188060305554,17.740549828178693,0,0.013848496168168727,,-542.9493899818376,-264.87234158567827,-346.4060327645696,-58.774910589236015,0.7066466766616691,-429.7652137467339,24.58427039292826,0.36731634182908546
VWAP_2SD_FADE_1M,QQQ,True,IS,gross,0.0,,601,235,0.39600665557404324,22.960891748902267,-15.70070780306887,-0.3904570653498481,-0.03904570653498481,0.9588261098481949,-23.466469627525896,126.22931909700628,17.076539101497506,0,0.04059906832612959,,-2.8127367066134257,1.8554412716339215,0.4899491476390452,-0.8804062129888932,0.7201399300349826,-0.44596312249707665,0.05550605714722856,0.5002498750624688
VWAP_2SD_FADE_1M,QQQ,True,IS,quoted,0.25,,601,235,0.389351081530782,22.84815200173687,-16.026245952811134,-0.8904570653498481,-0.08904570653498481,0.9090108540976216,-53.516469627525844,131.9293190970063,17.076539101497506,0,0.04059906832612959,,-3.3127367066134257,1.3554412716339215,-0.01005085236095488,-0.8804062129888932,0.7201399300349826,-0.9459631224970767,0.05550605714722856,0.5002498750624688
VWAP_2SD_FADE_1M,QQQ,True,IS,low,0.5,,601,235,0.3777038269550749,23.044871924051787,-16.221525730040145,-1.390457065349848,-0.1390457065349848,0.8622572487441257,-83.56646962752585,137.6293190970063,17.076539101497506,0,0.04059906832612959,,-3.8127367066134257,0.8554412716339215,-0.5100508523609548,-0.8804062129888932,0.7201399300349826,-1.4459631224970768,0.05550605714722878,0.5002498750624688
VWAP_2SD_FADE_1M,QQQ,True,IS,realistic,1.5,,601,235,0.3594009983361065,22.17528182019091,-17.733832647887,-3.3904570653498483,-0.33904570653498484,0.7015515100526477,-203.76646962752574,203.76646962752574,17.076539101497506,0,0.04059906832612959,,-5.812736706613426,-1.1445587283660785,-2.5100508523609553,-0.880406212988893,0.7201399300349826,-3.4459631224970764,0.055506057147228116,0.5002498750624688
VWAP_2SD_FADE_1M,QQQ,True,IS,pessimistic,4.0,,601,235,0.30615640599001664,20.649498439500782,-21.204250381638854,-8.390457065349848,-0.8390457065349849,0.429702966313934,-504.26646962752613,504.26646962752613,17.076539101497506,0,0.04059906832612959,,-10.812736706613425,-6.144558728366078,-7.510050852360955,-0.880406212988893,0.7201399300349826,-8.445963122497078,0.05550605714723034,0.5002498750624688
VWAP_2SD_FADE_1M,QQQ,True,IS,opt_bach,200.0,0.01,601,235,0.2978369384359401,2762.830258960286,-1905.8147992644972,-515.3198484787462,-51.53198484787462,0.6149135863637696,-30970.722893572634,32381.583287980135,17.076539101497506,0,0.04059906832612959,,-746.2248528653232,-292.47402123945466,-770.9708055331469,255.6509570544007,0.06596701649175413,-702.9304492515316,187.61060077278546,0.14492753623188406
VWAP_2SD_FADE_1M,QQQ,True,IS,opt_bach_pess,500.0,0.02,601,235,0.26455906821963393,2477.804239573405,-2407.8690113753346,-1115.3198484787463,-111.53198484787464,0.3701766229816384,-67030.72289357266,67030.72289357266,17.076539101497506,0,0.04059906832612959,,-1346.224852865323,-892.4740212394546,-1371.011697616217,255.69184913747063,0.06596701649175413,-1302.9304492515316,187.61060077278535,0.14492753623188406
VWAP_2SD_FADE_1M,QQQ,True,IS,opt_delta_no_decay,200.0,0.01,601,235,0.3544093178036606,2369.8503479038786,-1844.4658264018917,-350.8729060572509,-35.08729060572509,0.7053394690409962,-21087.461654040802,23235.470196068727,17.076539101497506,0,0.04059906832612959,,-573.664234434689,-140.1911024869777,-293.8569840022886,-57.01592205496229,0.664167916041979,-513.4573067621137,162.58440070486284,0.16041979010494753
VWAP_2SD_FADE_1M,QQQ,True,OOS,gross,0.0,,563,237,0.3872113676731794,20.351927143710494,-13.214058510714972,-0.21692729816656706,-0.021692729816656705,0.9732103350889739,-12.21300688677772,56.20264941462426,18.449378330373,0,-0.014707620824610117,,-1.6730296341029929,1.2735291017432324,-0.1219498605059199,-0.09497743766064716,0.5302348825587206,1.4068749515047696,-1.6238022496713367,0.9235382308845578
VWAP_2SD_FADE_1M,QQQ,True,OOS,quoted,0.25,,563,237,0.3783303730017762,20.323585568476368,-13.521582271294985,-0.7169272981665673,-0.07169272981665673,0.9147119956041058,-40.363006886777725,66.45264941462428,18.449378330373,0,-0.014707620824610117,,-2.173029634102992,0.7735291017432323,-0.6219498605059198,-0.09497743766064748,0.5302348825587206,0.9068749515047695,-1.623802249671337,0.9235382308845578
VWAP_2SD_FADE_1M,QQQ,True,OOS,low,0.5,,563,237,0.37122557726465366,20.20777819146287,-13.865976584416714,-1.2169272981665673,-0.12169272981665671,0.8604212503183637,-68.5130068867778,79.34305364397753,18.449378330373,0,-0.014707620824610117,,-2.673029634102992,0.27352910174323253,-1.12194986050592,-0.09497743766064737,0.5302348825587206,0.4068749515047699,-1.6238022496713371,0.9235382308845578
VWAP_2SD_FADE_1M,QQQ,True,OOS,realistic,1.5,,563,237,0.35346358792184723,19.17540707913109,-15.45889032311776,-3.216927298166567,-0.3216927298166567,0.6781378253335347,-181.11300688677784,181.88004080501815,18.449378330373,0,-0.014707620824610117,,-4.673029634102994,-1.7264708982567674,-3.1219498605059197,-0.09497743766064737,0.5302348825587206,-1.5931250484952302,-1.623802249671337,0.9235382308845578
VWAP_2SD_FADE_1M,QQQ,True,OOS,pessimistic,4.0,,563,237,0.2912966252220249,17.71528796248186,-18.875782693520804,-8.216927298166567,-0.8216927298166568,0.38575734114998594,-462.6130068867777,462.6130068867777,18.449378330373,0,-0.014707620824610117,,-9.673029634102994,-6.726470898256767,-8.121949860505921,-0.09497743766064559,0.5302348825587206,-6.593125048495231,-1.6238022496713365,0.9235382308845578
VWAP_2SD_FADE_1M,QQQ,True,OOS,opt_bach,200.0,0.01,563,237,0.27886323268206037,2449.6640208010817,-1979.8988502310008,-744.6566286465657,-74.46566286465657,0.4784506390324996,-41924.168192801626,41924.168192801626,18.449378330373,0,-0.014707620824610117,,-934.872613025449,-546.0693558598017,-925.0445588259385,180.3879301793728,0.16691654172913542,-646.8036610489821,-97.85296759758353,0.7706146926536732
VWAP_2SD_FADE_1M,QQQ,True,OOS,opt_bach_pess,500.0,0.02,563,237,0.23978685612788633,2202.254207253837,-2463.425233428235,-1344.6566286465657,-134.46566286465657,0.28197984153722966,-75704.16819280163,75704.16819280163,18.449378330373,0,-0.014707620824610117,,-1534.872613025449,-1146.0693558598016,-1524.4514621010262,179.79483345446056,0.16691654172913542,-1246.8036610489823,-97.8529675975833,0.7706146926536732
VWAP_2SD_FADE_1M,QQQ,True,OOS,opt_delta_no_decay,200.0,0.01,563,237,0.3481349911190053,2139.849418711878,-1853.3146800843324,-463.1545320131828,-46.315453201318284,0.6166291543604546,-26075.600152342184,26126.726406264774,18.449378330373,0,-0.014707620824610117,,-636.720221999403,-279.09802319379315,-402.5019089743936,-60.652623038789216,0.6486756621689156,-341.0377043466114,-122.1168276665714,0.823088455772114
VWAP_2SD_FADE_1M,QQQ,True,Y2024,gross,0.0,,189,77,0.3915343915343915,19.64482578659766,-12.087709791383734,0.33666921798464206,0.03366692179846421,1.04577447261814,6.363048219909736,23.050417758338483,16.32804232804233,0,-0.002540651332595919,,-2.323204214692748,3.1621278978752634,0.42221417354742624,-0.08554495556278419,0.526736631684158,1.6128976981112144,-1.2762284801265724,0.6916541729135433
VWAP_2SD_FADE_1M,QQQ,True,Y2024,quoted,0.25,,189,77,0.3862433862433862,19.408317875964322,-12.479971747812913,-0.16333078201535736,-0.016333078201535737,0.9786765116024373,-3.0869517800902733,26.550417758338494,16.32804232804233,0,-0.002540651332595919,,-2.8232042146927485,2.662127897875263,-0.07778582645257374,-0.08554495556278362,0.526736631684158,1.1128976981112144,-1.2762284801265718,0.6916541729135433
VWAP_2SD_FADE_1M,QQQ,True,Y2024,low,0.5,,189,77,0.37037037037037035,19.728857989960016,-12.658735942000874,-0.6633307820153571,-0.06633307820153572,0.916774837195559,-12.53695178009026,30.808585409512045,16.32804232804233,0,-0.002540651332595919,,-3.323204214692748,2.1621278978752625,-0.5777858264525738,-0.0855449555627833,0.526736631684158,0.6128976981112143,-1.2762284801265715,0.6916541729135433
VWAP_2SD_FADE_1M,QQQ,True,Y2024,realistic,1.5,,189,77,0.3386243386243386,19.52512256970776,-14.023818898097591,-2.6633307820153576,-0.2663330782015358,0.7128488201631371,-50.336951780090224,51.883419918693235,16.32804232804233,0,-0.002540651332595919,,-5.323204214692749,0.1621278978752632,-2.5777858264525735,-0.08554495556278408,0.526736631684158,-1.3871023018887856,-1.276228480126572,0.6916541729135433
VWAP_2SD_FADE_1M,QQQ,True,Y2024,pessimistic,4.0,,189,77,0.30687830687830686,16.345462330178226,-18.293178114131596,-7.6633307820153584,-0.7663330782015358,0.3956077073051314,-144.8369517800903,145.8834199186933,16.32804232804233,0,-0.002540651332595919,,-10.32320421469275,-4.837872102124736,-7.577785826452574,-0.08554495556278408,0.526736631684158,-6.387102301888785,-1.2762284801265737,0.6916541729135433
VWAP_2SD_FADE_1M,QQQ,True,Y2024,opt_bach,200.0,0.01,189,77,0.2962962962962963,2221.112946023738,-1727.498566719703,-557.5395999809058,-55.75395999809058,0.5413639518863381,-10537.498439639116,10608.964017006303,16.32804232804233,0,-0.002540651332595919,,-845.6052319729054,-249.97145574465347,-720.2858569070471,162.7462569261413,0.24187906046976512,-533.276825592831,-24.26277438807483,0.5342328835582209
VWAP_2SD_FADE_1M,QQQ,True,Y2024,opt_bach_pess,500.0,0.02,189,77,0.26455026455026454,1855.6035955956804,-2241.4040588214043,-1157.5395999809055,-115.75395999809054,0.2977969568410671,-21877.498439639123,21888.96401700631,16.32804232804233,0,-0.002540651332595919,,-1445.6052319729051,-849.9714557446539,-1320.2008236012962,162.66122362039073,0.2413793103448276,-1133.2768255928306,-24.26277438807483,0.5342328835582209
VWAP_2SD_FADE_1M,QQQ,True,Y2024,opt_delta_no_decay,200.0,0.01,189,77,0.3386243386243386,2111.2859059592147,-1616.0271120332714,-353.8682064696781,-35.386820646967806,0.6689110447479066,-6688.109102276918,6806.251290260309,16.32804232804233,0,-0.002540651332595919,,-656.2057353931032,-36.75009137496801,-295.74392116124415,-58.12428530843397,0.5962018990504747,-394.0507926539648,40.18258618428666,0.4497751124437781
VWAP_2SD_FADE_1M,QQQ,True,Y2025,gross,0.0,,571,227,0.4010507880910683,22.851336346480082,-15.756776123697273,-0.27296219082404266,-0.027296219082404264,0.9710768804360793,-15.586141096052863,126.2293190970063,17.756567425569177,0,0.03553573552024954,,-2.687886016729723,1.8531660583526608,-0.2074047272407601,-0.06555746358328257,0.5047476261869065,-1.0872385039963022,0.8142763131722595,0.2658670664667666
VWAP_2SD_FADE_1M,QQQ,True,Y2025,quoted,0.25,,571,227,0.3905429071803853,22.95876688734667,-15.980363295513897,-0.7729621908240427,-0.07729621908240428,0.9206351011488404,-44.13614109605277,131.92931909700627,17.756567425569177,0,0.03553573552024954,,-3.1878860167297227,1.3531660583526606,-0.7074047272407601,-0.06555746358328263,0.5047476261869065,-1.5872385039963022,0.8142763131722595,0.2658670664667666
VWAP_2SD_FADE_1M,QQQ,True,Y2025,low,0.5,,571,227,0.38178633975481613,22.978651296774867,-16.249879302145747,-1.2729621908240425,-0.12729621908240424,0.8732853676517656,-72.68614109605288,137.62931909700634,17.756567425569177,0,0.03553573552024954,,-3.687886016729723,0.8531660583526605,-1.2074047272407598,-0.06555746358328274,0.5047476261869065,-2.0872385039963026,0.8142763131722601,0.2658670664667666
VWAP_2SD_FADE_1M,QQQ,True,Y2025,realistic,1.5,,571,227,0.36427320490367776,22.034225261254576,-17.774050317634934,-3.272962190824042,-0.3272962190824042,0.7103429746970555,-186.88614109605285,219.3236679742921,17.756567425569177,0,0.03553573552024954,,-5.687886016729722,-1.1468339416473392,-3.20740472724076,-0.06555746358328207,0.5047476261869065,-4.087238503996302,0.8142763131722597,0.2658670664667666
VWAP_2SD_FADE_1M,QQQ,True,Y2025,pessimistic,4.0,,571,227,0.29947460595446584,21.308464343667517,-20.919022034319184,-8.272962190824042,-0.8272962190824042,0.43545862191708956,-472.3861410960529,485.3007169159392,17.756567425569177,0,0.03553573552024954,,-10.687886016729724,-6.14683394164734,-8.20740472724076,-0.06555746358328207,0.5047476261869065,-9.087238503996304,0.814276313172261,0.2658670664667666
VWAP_2SD_FADE_1M,QQQ,True,Y2025,opt_bach,200.0,0.01,571,227,0.29772329246935203,2925.4269010478974,-2011.508130014878,-541.6675778595858,-54.16675778595857,0.6165552600281106,-30929.218695782336,32632.713071641694,17.756567425569177,0,0.03553573552024954,,-778.0539240618614,-295.895612598305,-915.4204541924059,373.75287633282016,0.015992003998001,-797.29504603636,255.6274681767742,0.05897051474262868
VWAP_2SD_FADE_1M,QQQ,True,Y2025,opt_bach_pess,500.0,0.02,571,227,0.2679509632224168,2620.025877981604,-2518.5553738971503,-1141.667577859586,-114.16675778595858,0.38077570075866163,-65189.21869578235,65570.119406257,17.756567425569177,0,0.03553573552024954,,-1378.0539240618612,-895.8956125983049,-1515.16585609307,373.49827823348414,0.01649175412293853,-1397.2950460363597,255.62746817677385,0.05897051474262868
VWAP_2SD_FADE_1M,QQQ,True,Y2025,opt_delta_no_decay,200.0,0.01,571,227,0.3607705779334501,2465.894165753994,-1953.3995777514406,-359.04841984930476,-35.90484198493048,0.7124554278377556,-20501.66477339528,22737.673976862745,17.756567425569177,0,0.03553573552024954,,-580.2021746598547,-139.2236910253194,-383.3134319569423,24.265012107637517,0.4447776111944028,-561.933980998442,202.8855611491373,0.09195402298850575
VWAP_2SD_FADE_1M,QQQ,True,Y2026,gross,0.0,,404,168,0.3787128712871287,21.01136746415335,-13.861765172896684,-0.6548609811425864,-0.06548609811425864,0.9239606806474943,-26.45638363816049,56.20264941462428,18.378712871287128,0,-0.009136317674389723,,-2.506795593336755,1.1584670925020324,0.654532887921395,-1.3093938690639813,0.8255872063968016,2.045418753502223,-2.7002797346448095,0.9760119940029985
VWAP_2SD_FADE_1M,QQQ,True,Y2026,quoted,0.25,,404,168,0.37376237623762376,20.786616381908562,-14.250367233398409,-1.1548609811425865,-0.11548609811425865,0.8705909956356522,-46.65638363816049,66.45264941462429,18.378712871287128,0,-0.009136317674389723,,-3.0067955933367543,0.6584670925020323,0.15453288792139505,-1.3093938690639815,0.8255872063968016,1.545418753502223,-2.7002797346448095,0.9760119940029985
VWAP_2SD_FADE_1M,QQQ,True,Y2026,low,0.5,,404,168,0.36633663366336633,20.704361667441706,-14.58128657485538,-1.6548609811425865,-0.16548609811425866,0.8208952637712256,-66.85638363816061,79.34305364397756,18.378712871287128,0,-0.009136317674389723,,-3.5067955933367543,0.15846709250203228,-0.34546711207860503,-1.3093938690639815,0.8255872063968016,1.0454187535022232,-2.70027973464481,0.9760119940029985
VWAP_2SD_FADE_1M,QQQ,True,Y2026,realistic,1.5,,404,168,0.35396039603960394,19.391889392350176,-16.28200773750069,-3.6548609811425865,-0.36548609811425864,0.6525408415441928,-147.6563836381605,150.7543880490676,18.378712871287128,0,-0.009136317674389723,,-5.506795593336755,-1.841532907497968,-2.345467112078605,-1.3093938690639817,0.8255872063968016,-0.9545812464977769,-2.7002797346448095,0.9760119940029985
VWAP_2SD_FADE_1M,QQQ,True,Y2026,pessimistic,4.0,,404,168,0.29455445544554454,17.75656067897216,-19.68278791992734,-8.654860981142587,-0.8654860981142587,0.3766815407529552,-349.6563836381606,349.6563836381606,18.378712871287128,0,-0.009136317674389723,,-10.506795593336754,-6.841532907497967,-7.345467112078605,-1.3093938690639817,0.8255872063968016,-5.954581246497776,-2.700279734644811,0.9760119940029985
VWAP_2SD_FADE_1M,QQQ,True,Y2026,opt_bach,200.0,0.01,404,168,0.2722772277227723,2340.354267856265,-1944.6282618153662,-777.925097795862,-77.7925097795862,0.4502879910128002,-31428.17395095286,32358.9495426923,18.378712871287128,0,-0.009136317674389723,,-989.071073663525,-562.2977270966553,-805.2337486265563,27.30865083069432,0.4427786106946527,-574.072658808047,-203.85243898781505,0.9170414792603698
VWAP_2SD_FADE_1M,QQQ,True,Y2026,opt_bach_pess,500.0,0.02,404,168,0.22524752475247525,2171.7698127524177,-2409.9450238658096,-1377.925097795862,-137.7925097795862,0.26200146004859187,-55668.17395095283,55668.17395095283,18.378712871287128,0,-0.009136317674389723,,-1589.0710736635249,-1162.2977270966553,-1404.8676830208817,26.942585225019684,0.44377811094452774,-1174.072658808047,-203.85243898781505,0.9170414792603698
VWAP_2SD_FADE_1M,QQQ,True,Y2026,opt_delta_no_decay,200.0,0.01,404,168,0.34405940594059403,2022.2454247794376,-1814.4339371752803,-494.38831511660254,-49.438831511660254,0.5846037912569225,-19973.287930710732,21009.972537175414,18.378712871287128,0,-0.009136317674389723,,-697.0975142678927,-295.4379317967609,-317.9431965125491,-176.44511860405345,0.816591704147926,-263.0557591181771,-231.33255599842545,0.9430284857571214
VWAP_2SD_FADE_1M,SPY,True,all,gross,0.0,,1274,485,0.3618524332810047,15.823003495336483,-9.916965321517123,-0.6028949725614614,-0.060289497256146136,0.9047331621264554,-76.80881950433017,126.30164198679378,16.307692307692307,0,-0.013558503308080042,,-1.5383939891278642,0.2774415824254347,-0.6100122441471358,0.007117271585674434,0.4847576211894053,-0.9511394134648153,0.34824444090335394,0.2888555722138931
VWAP_2SD_FADE_1M,SPY,True,all,quoted,0.25,,1274,485,0.35243328100470955,15.737867117234371,-10.268352158401859,-1.102894972561461,-0.11028949725614609,0.834137242291643,-140.50881950433006,152.4123620046783,16.307692307692307,0,-0.013558503308080042,,-2.038393989127864,-0.2225584175745653,-1.1100122441471358,0.007117271585674878,0.4847576211894053,-1.4511394134648155,0.3482444409033545,0.2888555722138931
VWAP_2SD_FADE_1M,SPY,True,all,low,0.5,,1274,485,0.34850863422291994,15.41248487722512,-10.705098169314764,-1.6028949725614614,-0.16028949725614614,0.7701705127752954,-204.20881950433034,213.40290525283433,16.307692307692307,0,-0.013558503308080042,,-2.5383939891278637,-0.7225584175745653,-1.6100122441471356,0.007117271585674212,0.4847576211894053,-1.9511394134648155,0.34824444090335405,0.2888555722138931
VWAP_2SD_FADE_1M,SPY,True,all,realistic,1.5,,1274,485,0.30847723704866564,15.263803947482055,-12.019027407949773,-3.602894972561461,-0.3602894972561461,0.5665132809583876,-459.0088195043296,464.12263158681213,16.307692307692307,0,-0.013558503308080042,,-4.538393989127865,-2.722558417574565,-3.6100122441471356,0.007117271585674434,0.4847576211894053,-3.9511394134648152,0.34824444090335405,0.2888555722138931
VWAP_2SD_FADE_1M,SPY,True,all,pessimistic,4.0,,1274,485,0.2519623233908948,13.058264062776551,-15.899046127171642,-8.602894972561462,-0.8602894972561462,0.276647346537448,-1096.0088195043295,1098.122631586812,16.307692307692307,0,-0.013558503308080042,,-9.538393989127865,-7.722558417574565,-8.610012244147136,0.00711727158567399,0.4847576211894053,-8.951139413464814,0.34824444090335227,0.2888555722138931
VWAP_2SD_FADE_1M,SPY,True,all,opt_bach,200.0,0.01,1274,485,0.2794348508634223,2541.39948416108,-1870.4646706322703,-637.6360685079119,-63.763606850791184,0.5269030888783973,-81234.8351279079,81813.7815762764,16.307692307692307,0,-0.013558503308080042,,-775.0435954614325,-491.29218689766384,-899.0114790540591,261.37541054614724,0.0034982508745627187,-699.4219181428421,61.78584963493017,0.2723638180909545
VWAP_2SD_FADE_1M,SPY,True,all,opt_bach_pess,500.0,0.02,1274,485,0.2425431711145997,2282.540928346258,-2364.8222778632885,-1237.6360685079121,-123.7636068507912,0.3090660001767934,-157674.83512790792,157893.7815762764,16.307692307692307,0,-0.013558503308080042,,-1375.0435954614325,-1091.292186897664,-1498.8434370238645,261.20736851595234,0.0034982508745627187,-1299.421918142842,61.785849634929946,0.2723638180909545
VWAP_2SD_FADE_1M,SPY,True,all,opt_delta_no_decay,200.0,0.01,1274,485,0.32103610675039246,2266.5204508489646,-1743.4798123240437,-456.1249397669317,-45.61249397669317,0.6146811845609075,-58110.317326307115,59150.308484673216,16.307692307692307,0,-0.013558503308080042,,-574.2982537376956,-329.9435804968986,-439.5730361268715,-16.551903640060175,0.5612193903048476,-500.665070226277,44.540130459345335,0.30834582708645675
VWAP_2SD_FADE_1M,SPY,True,IS,gross,0.0,,649,244,0.3436055469953775,16.916834630480043,-10.893453324591121,-1.3376841196899354,-0.13376841196899353,0.8129218389720443,-86.81569936787677,126.30164198679378,15.429892141756548,0,-0.02656558690816563,,-2.77713961300944,0.057622054508365814,-0.7524890689852122,-0.5851950507047232,0.7276361819090454,-1.2391472102443057,-0.09853690944562965,0.5187406296851574
VWAP_2SD_FADE_1M,SPY,True,IS,quoted,0.25,,649,244,0.33436055469953774,16.876242334042754,-11.237966620754735,-1.8376841196899354,-0.18376841196899354,0.7543345543613388,-119.26569936787654,143.85164198679382,15.429892141756548,0,-0.02656558690816563,,-3.2771396130094406,-0.4423779454916342,-1.2524890689852122,-0.5851950507047232,0.7276361819090454,-1.7391472102443055,-0.09853690944562987,0.5187406296851574
VWAP_2SD_FADE_1M,SPY,True,IS,low,0.5,,649,244,0.32973805855161786,16.608927423088055,-11.65854589016003,-2.3376841196899347,-0.23376841196899345,0.7008445770418569,-151.71569936787688,163.49218523494955,15.429892141756548,0,-0.02656558690816563,,-3.7771396130094406,-0.9423779454916342,-1.752489068985212,-0.5851950507047228,0.7276361819090454,-2.239147210244306,-0.09853690944562876,0.5187406296851574
VWAP_2SD_FADE_1M,SPY,True,IS,realistic,1.5,,649,244,0.300462249614792,16.107079273849884,-13.119025224844705,-4.337684119689935,-0.4337684119689935,0.527343973853643,-281.515699367877,288.28494835746955,15.429892141756548,0,-0.02656558690816563,,-5.777139613009441,-2.942377945491634,-3.7524890689852124,-0.5851950507047223,0.7276361819090454,-4.2391472102443055,-0.0985369094456292,0.5187406296851574
VWAP_2SD_FADE_1M,SPY,True,IS,pessimistic,4.0,,649,244,0.2526964560862866,13.58261259768029,-17.088052494223373,-9.337684119689937,-0.9337684119689936,0.26877746522867474,-606.0156993678762,608.2974764192455,15.429892141756548,0,-0.02656558690816563,,-10.777139613009439,-7.942377945491633,-8.752489068985213,-0.5851950507047246,0.7276361819090454,-9.239147210244305,-0.09853690944563276,0.5187406296851574
VWAP_2SD_FADE_1M,SPY,True,IS,opt_bach,200.0,0.01,649,244,0.2773497688751926,2224.5016085366933,-1865.290527384901,-730.9876237394668,-73.09876237394667,0.45770525827469066,-47441.096780691434,48401.116077475395,15.429892141756548,0,-0.02656558690816563,,-899.2855937503697,-565.0173292408984,-862.9690413064475,131.98141756698067,0.12243878060969515,-743.5289035617576,12.54127982229079,0.42028985507246375
VWAP_2SD_FADE_1M,SPY,True,IS,opt_bach_pess,500.0,0.02,649,244,0.24499229583975346,1880.5338830659562,-2373.093582070206,-1330.9876237394667,-133.09876237394667,0.2571386398514116,-86381.09678069147,86741.06431108093,15.429892141756548,0,-0.02656558690816563,,-1499.2855937503698,-1165.0173292408983,-1462.760251113231,131.7726273737644,0.12243878060969515,-1343.5289035617575,12.54127982229079,0.42028985507246375
VWAP_2SD_FADE_1M,SPY,True,IS,opt_delta_no_decay,200.0,0.01,649,244,0.3081664098613251,2141.234848649923,-1729.4129405884137,-536.6093075411603,-53.66093075411602,0.5515047448883108,-34825.944059421294,36174.695544687915,15.429892141756548,0,-0.02656558690816563,,-707.0374023141794,-372.13775298903994,-410.9607674141414,-125.64854012701892,0.8615692153923038,-536.3942385876893,-0.21506895347101818,0.47426286856571714
VWAP_2SD_FADE_1M,SPY,True,OOS,gross,0.0,,625,241,0.3808,14.798111297281803,-8.84207155069148,0.16011007781674635,0.016011007781674635,1.02924379265492,10.006879863546668,32.72439152159066,17.2192,0,-5.194769775117152e-05,,-0.8955805796208199,1.2541275408205486,-0.4620643092352773,0.6221743870520237,0.20789605197401298,-0.6420578754575574,0.8021679532743038,0.15692153923038482
VWAP_2SD_FADE_1M,SPY,True,OOS,quoted,0.25,,625,241,0.3712,14.673093746340324,-9.202516413525416,-0.3398899221832536,-0.03398899221832536,0.9412620001136003,-21.243120136453413,45.324391521590705,17.2192,0,-5.194769775117152e-05,,-1.3955805796208198,0.7541275408205487,-0.9620643092352773,0.6221743870520238,0.20789605197401298,-1.1420578754575574,0.8021679532743038,0.15692153923038482
VWAP_2SD_FADE_1M,SPY,True,OOS,low,0.5,,625,241,0.368,14.299273117161345,-9.655098780535804,-0.8398899221832536,-0.08398899221832537,0.8623587618835102,-52.49312013645342,61.26626853401532,17.2192,0,-5.194769775117152e-05,,-1.8955805796208198,0.2541275408205486,-1.4620643092352774,0.6221743870520238,0.20789605197401298,-1.6420578754575574,0.8021679532743038,0.15692153923038482
VWAP_2SD_FADE_1M,SPY,True,OOS,realistic,1.5,,625,241,0.3168,14.433305519998584,-10.849474693967807,-2.8398899221832536,-0.28398899221832535,0.6168710779619271,-177.4931201364534,177.4931201364534,17.2192,0,-5.194769775117152e-05,,-3.8955805796208205,-1.745872459179451,-3.462064309235277,0.6221743870520235,0.20789605197401298,-3.6420578754575574,0.8021679532743038,0.15692153923038482
VWAP_2SD_FADE_1M,SPY,True,OOS,pessimistic,4.0,,625,241,0.2512,12.510536930775196,-14.666849357897947,-7.8398899221832545,-0.7839889922183254,0.2861494511214723,-489.9931201364531,489.9931201364531,17.2192,0,-5.194769775117152e-05,,-8.895580579620821,-6.745872459179451,-8.462064309235277,0.6221743870520227,0.20789605197401298,-8.642057875457557,0.802167953274302,0.15692153923038482
VWAP_2SD_FADE_1M,SPY,True,OOS,opt_bach,200.0,0.01,625,241,0.2816,2865.4995842314765,-1875.8692879663824,-540.6998135554653,-54.06998135554653,0.5987756122200498,-33793.73834721657,33793.73834721657,17.2192,0,-5.194769775117152e-05,,-765.3773336622958,-294.4038654278799,-936.437946411179,395.73813285571373,0.0074962518740629685,-652.0875923274206,111.38777877195525,0.24887556221889057
VWAP_2SD_FADE_1M,SPY,True,OOS,opt_bach_pess,500.0,0.02,625,241,0.24,2708.668396343378,-2356.2897745761525,-1140.6998135554654,-114.06998135554653,0.3630151845055615,-71293.73834721661,71293.73834721661,17.2192,0,-5.194769775117152e-05,,-1365.3773336622958,-894.40386542788,-1536.3122172734656,395.6124037180002,0.0074962518740629685,-1252.087592327421,111.38777877195548,0.24887556221889057
VWAP_2SD_FADE_1M,SPY,True,OOS,opt_delta_no_decay,200.0,0.01,625,241,0.3344,2386.4109792691,-1758.6625657117788,-372.5499722701728,-37.25499722701728,0.6817351309250833,-23284.37326688578,23519.601880008104,17.2192,0,-5.194769775117152e-05,,-555.0309387455752,-187.13630468489782,-469.2840159581705,96.73404368799771,0.23488255872063968,-462.32157247256634,89.77160020239353,0.271864067966017
VWAP_2SD_FADE_1M,SPY,True,Y2024,gross,0.0,,212,78,0.33490566037735847,13.594771435385864,-7.553334657356689,-0.47071422063630575,-0.047071422063630575,0.9063009170884408,-9.97914147748968,20.60241031181653,15.268867924528301,0,-0.06918436391942448,,-2.3056906498840886,1.3407121006827405,-0.16642119377206896,-0.30429302686423676,0.6276861569215393,-1.1678213028923226,0.6971070822560168,0.27886056971514245
VWAP_2SD_FADE_1M,SPY,True,Y2024,quoted,0.25,,212,78,0.330188679245283,13.286566716868492,-7.99895130250487,-0.9707142206363056,-0.09707142206363056,0.8188218354495609,-20.57914147748968,28.002410311816533,15.268867924528301,0,-0.06918436391942448,,-2.8056906498840872,0.8407121006827405,-0.666421193772069,-0.30429302686423665,0.6276861569215393,-1.6678213028923226,0.6971070822560169,0.27886056971514245
VWAP_2SD_FADE_1M,SPY,True,Y2024,low,0.5,,212,78,0.32075471698113206,13.167202928084771,-8.383063985310148,-1.4707142206363062,-0.1470714220636306,0.7417151817100321,-31.179141477489676,37.492953559972214,15.268867924528301,0,-0.06918436391942448,,-3.3056906498840872,0.3407121006827407,-1.1664211937720694,-0.30429302686423676,0.6276861569215393,-2.1678213028923223,0.6971070822560161,0.27886056971514245
VWAP_2SD_FADE_1M,SPY,True,Y2024,realistic,1.5,,212,78,0.28773584905660377,12.579727849320696,-9.954667639625557,-3.4707142206363057,-0.34707142206363056,0.5105019069720436,-73.5791414774897,78.69295355997224,15.268867924528301,0,-0.06918436391942448,,-5.305690649884087,-1.6592878993172593,-3.1664211937720697,-0.3042930268642361,0.6276861569215393,-4.167821302892322,0.6971070822560161,0.27886056971514245
VWAP_2SD_FADE_1M,SPY,True,Y2024,pessimistic,4.0,,212,78,0.22169811320754718,10.405660285740705,-13.847620898210364,-8.470714220636305,-0.8470714220636304,0.214046628516842,-179.5791414774897,181.69295355997227,15.268867924528301,0,-0.06918436391942448,,-10.305690649884088,-6.659287899317261,-8.166421193772068,-0.30429302686423654,0.6276861569215393,-9.167821302892323,0.6971070822560179,0.27886056971514245
VWAP_2SD_FADE_1M,SPY,True,Y2024,opt_bach,200.0,0.01,212,78,0.25943396226415094,2173.286931901536,-1685.067502760553,-684.0793239567091,-68.40793239567091,0.45181724442161464,-14502.481667882234,15081.428116250721,15.268867924528301,0,-0.06918436391942448,,-991.4541031386037,-386.3359349955694,-963.8262427984388,279.74691884172967,0.07146426786606697,-822.169443861081,138.09011990437193,0.2448775612193903
VWAP_2SD_FADE_1M,SPY,True,Y2024,opt_bach_pess,500.0,0.02,212,78,0.22169811320754718,1894.19737659611,-2189.4066265384213,-1284.079323956709,-128.40793239567088,0.24644086036244955,-27222.48166788225,27441.428116250736,15.268867924528301,0,-0.06918436391942448,,-1591.4541031386038,-986.3359349955692,-1564.2329095264122,280.1535855697032,0.07096451774112944,-1422.1694438610812,138.09011990437216,0.2448775612193903
VWAP_2SD_FADE_1M,SPY,True,Y2024,opt_delta_no_decay,200.0,0.01,212,78,0.2971698113207547,2048.9237597461697,-1541.5931400393076,-474.599910386076,-47.4599910386076,0.561966349217067,-10061.518100184812,10866.280645428604,15.268867924528301,0,-0.06918436391942448,,-779.722153678294,-185.1355095441211,-430.1489328589475,-44.45097752712849,0.6036981509245377,-612.3397710780232,137.73986069194723,0.23938030984507747
VWAP_2SD_FADE_1M,SPY,True,Y2025,gross,0.0,,611,233,0.36333878887070375,17.108653455638485,-11.380235071441845,-1.0291168177399925,-0.10291168177399924,0.857961835522347,-62.87903756391345,113.62075059770245,15.97708674304419,0,0.02029382504120699,,-2.6700030008074314,0.41418214083695465,-0.7728819925444517,-0.25623482519554086,0.6021989005497251,-0.6620492094176471,-0.3670676083223454,0.623688155922039
VWAP_2SD_FADE_1M,SPY,True,Y2025,quoted,0.25,,611,233,0.3486088379705401,17.317483493836637,-11.615362713131507,-1.5291168177399925,-0.15291168177399925,0.7979001333534907,-93.42903756391328,120.34658455560843,15.97708674304419,0,0.02029382504120699,,-3.170003000807431,-0.0858178591630454,-1.2728819925444514,-0.2562348251955411,0.6021989005497251,-1.1620492094176473,-0.3670676083223452,0.623688155922039
VWAP_2SD_FADE_1M,SPY,True,Y2025,low,0.5,,611,233,0.3469721767594108,16.898489326942457,-12.085890007395832,-2.0291168177399928,-0.20291168177399926,0.7429031666414764,-123.9790375639138,145.1604632534036,15.97708674304419,0,0.02029382504120699,,-3.670003000807432,-0.5858178591630453,-1.7728819925444514,-0.2562348251955413,0.6021989005497251,-1.662049209417647,-0.36706760832234564,0.623688155922039
VWAP_2SD_FADE_1M,SPY,True,Y2025,realistic,1.5,,611,233,0.3109656301145663,16.702328508761845,-13.385351050603056,-4.029116817739993,-0.40291168177399933,0.563143091621479,-246.17903756391397,253.9250656328839,15.97708674304419,0,0.02029382504120699,,-5.670003000807431,-2.585817859163045,-3.772881992544452,-0.2562348251955413,0.6021989005497251,-3.662049209417647,-0.3670676083223463,0.623688155922039
VWAP_2SD_FADE_1M,SPY,True,Y2025,pessimistic,4.0,,611,233,0.2635024549918167,14.203741385203246,-17.34131719701524,-9.029116817739991,-0.9029116817739993,0.2930448114865773,-551.6790375639131,551.6790375639131,15.97708674304419,0,0.02029382504120699,,-10.670003000807432,-7.585817859163046,-8.772881992544452,-0.25623482519553953,0.6021989005497251,-8.662049209417647,-0.3670676083223441,0.623688155922039
VWAP_2SD_FADE_1M,SPY,True,Y2025,opt_bach,200.0,0.01,611,233,0.28477905073649756,2420.817149609337,-1937.818151182349,-696.5701277163043,-69.65701277163043,0.49741259641927926,-42560.43480346624,43559.88255960535,15.97708674304419,0,0.02029382504120699,,-880.8110235243493,-500.85945004223015,-839.620294304889,143.0501665885846,0.11094452773613193,-584.9581706508848,-111.61195706541957,0.7556221889055472
VWAP_2SD_FADE_1M,SPY,True,Y2025,opt_bach_pess,500.0,0.02,611,233,0.25368248772504093,2083.4910347021514,-2445.4944263453845,-1296.5701277163043,-129.65701277163043,0.2895955033868659,-79220.43480346624,79559.88255960535,15.97708674304419,0,0.02029382504120699,,-1480.8110235243491,-1100.8594500422303,-1439.257416757053,142.68728904074874,0.11144427786106946,-1184.9581706508848,-111.61195706541957,0.7556221889055472
VWAP_2SD_FADE_1M,SPY,True,Y2025,opt_delta_no_decay,200.0,0.01,611,233,0.32405891980360063,2217.5541677014435,-1804.005187065953,-500.7830066339648,-50.07830066339648,0.5893205611528572,-30597.841705335275,31844.788149810225,15.97708674304419,0,0.02029382504120699,,-684.3409868382307,-316.0679229905813,-411.46052487781026,-89.32248175615456,0.7576211894052973,-402.94619797801505,-97.83680865594977,0.7566216891554223
VWAP_2SD_FADE_1M,SPY,True,Y2026,gross,0.0,,451,174,0.37250554323725055,15.065802215987977,-9.083255042103355,-0.08759734951057493,-0.008759734951057493,0.9846312139994746,-3.95064046292692,32.72439152159066,17.24390243902439,0,-0.03327267220344448,,-1.367319021421051,1.2323944612746363,-0.5978789545878324,0.5102816050772574,0.2783608195902049,-1.2450016828692276,1.1574043333586528,0.10994502748625687
VWAP_2SD_FADE_1M,SPY,True,Y2026,quoted,0.25,,451,174,0.36807095343680707,14.744690851025503,-9.517982757542114,-0.5875973495105747,-0.05875973495105748,0.9023062914197767,-26.500640462926935,45.32439152159069,17.24390243902439,0,-0.03327267220344448,,-1.8673190214210516,0.7323944612746361,-1.097878954587832,0.5102816050772573,0.2783608195902049,-1.7450016828692274,1.1574043333586528,0.10994502748625687
VWAP_2SD_FADE_1M,SPY,True,Y2026,low,0.5,,451,174,0.36363636363636365,14.4225228601609,-9.950523183608562,-1.0875973495105749,-0.10875973495105748,0.828242041378662,-49.05064046292698,61.26626853401529,17.24390243902439,0,-0.03327267220344448,,-2.3673190214210518,0.2323944612746361,-1.5978789545878325,0.5102816050772576,0.2783608195902049,-2.2450016828692276,1.1574043333586528,0.10994502748625687
VWAP_2SD_FADE_1M,SPY,True,Y2026,realistic,1.5,,451,174,0.3148558758314856,14.492036168219258,-11.166263885166355,-3.0875973495105744,-0.30875973495105746,0.5964188859219486,-139.25064046292707,143.18599486799394,17.24390243902439,0,-0.03327267220344448,,-4.367319021421053,-1.767605538725364,-3.597878954587832,0.5102816050772576,0.2783608195902049,-4.245001682869227,1.1574043333586528,0.10994502748625687
VWAP_2SD_FADE_1M,SPY,True,Y2026,pessimistic,4.0,,451,174,0.25055432372505543,12.529507678794133,-14.980298142997057,-8.087597349510574,-0.8087597349510574,0.2796245465918683,-364.75064046292704,364.75064046292704,17.24390243902439,0,-0.03327267220344448,,-9.367319021421052,-6.767605538725363,-8.597878954587832,0.5102816050772585,0.2783608195902049,-9.245001682869228,1.1574043333586541,0.10994502748625687
VWAP_2SD_FADE_1M,SPY,True,Y2026,opt_bach,200.0,0.01,451,174,0.28159645232815966,2866.025599013666,-1869.4581408652195,-535.9627196576395,-53.596271965763954,0.6009288168545184,-24171.918656559552,25442.55443512177,17.24390243902439,0,-0.03327267220344448,,-809.5443209067253,-241.63374267053004,-949.0054568100112,413.0427371523717,0.022488755622188907,-797.5871038328788,261.62438417523936,0.06096951524237881
VWAP_2SD_FADE_1M,SPY,True,Y2026,opt_bach_pess,500.0,0.02,451,174,0.23725055432372505,2741.4650446742344,-2342.023099842263,-1135.9627196576394,-113.59627196576393,0.3640968096997832,-51231.91865655955,51231.91865655955,17.24390243902439,0,-0.03327267220344448,,-1409.5443209067253,-841.63374267053,-1548.831220200098,412.8685005424586,0.022488755622188907,-1397.5871038328787,261.62438417523936,0.06096951524237881
VWAP_2SD_FADE_1M,SPY,True,Y2026,opt_delta_no_decay,200.0,0.01,451,174,0.328159645232816,2424.655015731974,-1760.2591337828464,-386.9391911482714,-38.69391911482714,0.6728099965216637,-17450.957520787033,19099.113334936483,17.24390243902439,0,-0.03327267220344448,,-603.5664257806907,-172.88362191030384,-482.0888992443357,95.14970809606433,0.30184907546226886,-581.0815326614212,194.1423415131498,0.11094452773613193
VWAP_TREND_QQQ,QQQ,True,all,gross,0.0,,8271,513,0.17519042437431992,30.406966691716203,-6.245391860251216,0.1757503887876896,0.017575038878768958,1.0341179483405802,145.36314656629784,147.75020037345277,23.817192600652884,0,,,-0.362614912695799,0.7195341675634965,0.08242298156875753,0.09332740721893205,0.3953023488255872,-0.5136501356393995,0.6894005244270891,0.0544727636181909
VWAP_TREND_QQQ,QQQ,True,all,quoted,0.25,,8271,513,0.1655180752025148,31.668100694344876,-6.669878062140705,-0.32424961121231044,-0.03242496112123104,0.9417434669238431,-268.1868534337027,355.45867053022636,23.817192600652884,0,,,-0.862614912695799,0.21953416756349642,-0.41757701843124245,0.09332740721893201,0.3953023488255872,-1.0136501356393997,0.6894005244270892,0.0544727636181909
VWAP_TREND_QQQ,QQQ,True,all,low,0.5,,8271,513,0.1579011002297183,32.68404246368635,-7.107355059858061,-0.8242496112123104,-0.08242496112123104,0.8622829728605875,-681.7368534337015,749.9878881201563,23.817192600652884,0,,,-1.3626149126957992,-0.2804658324365035,-0.9175770184312424,0.09332740721893196,0.3953023488255872,-1.5136501356393997,0.6894005244270892,0.0544727636181909
VWAP_TREND_QQQ,QQQ,True,all,realistic,1.5,,8271,513,0.13674283641639462,35.60473731456761,-8.911530313321146,-2.824249611212311,-0.28242496112123106,0.6328778416414231,-2335.9368534336995,2372.5849343686054,23.817192600652884,0,,,-3.362614912695799,-2.2804658324365032,-2.9175770184312424,0.0933274072189314,0.3953023488255872,-3.5136501356393994,0.6894005244270884,0.0544727636181909
VWAP_TREND_QQQ,QQQ,True,all,pessimistic,4.0,,8271,513,0.1074839801716842,39.64182098717883,-13.540496801942428,-7.824249611212311,-0.782424961121231,0.352571105343193,-6471.436853433734,6489.291241503067,23.817192600652884,0,,,-8.3626149126958,-7.280465832436503,-7.917577018431241,0.09332740721893007,0.3953023488255872,-8.513650135639399,0.6894005244270875,0.0544727636181909
VWAP_TREND_QQQ,QQQ,True,all,opt_bach,200.0,0.01,8271,513,0.08124773304316286,6791.810721845062,-1416.8544608483387,-749.9190234441597,-74.99190234441598,0.4239095112389772,-620258.0242906655,622558.6092339943,23.817192600652884,0,,,-839.4365800393729,-657.7041315147947,-707.6854141337326,-42.23360931042714,0.8015992003998001,-811.7444014116694,61.82537796750967,0.06646676661669165
VWAP_TREND_QQQ,QQQ,True,all,opt_bach_pess,500.0,0.02,8271,513,0.06347479143997098,8021.33346959079,-1985.0373857330248,-1349.8850826203413,-134.98850826203414,0.2738796043116573,-1116489.9518352847,1118490.5367786135,23.817192600652884,0,,,-1439.3179225836177,-1257.759370047962,-1307.6315466310787,-42.25353598926267,0.800599700149925,-1411.710460587851,61.82537796750967,0.06646676661669165
VWAP_TREND_QQQ,QQQ,True,all,opt_delta_no_decay,200.0,0.01,8271,513,0.13444565348809093,4397.79869165815,-1119.501676731659,-377.72462321340635,-37.77246232134063,0.6101871003199233,-312416.0358598083,315535.3662034058,23.817192600652884,0,,,-439.23542926435437,-313.2411957248157,-345.7184102015771,-32.00621301182923,0.7851074462768616,-387.36222313274743,9.637599919341085,0.391304347826087
VWAP_TREND_QQQ,QQQ,True,IS,gross,0.0,,4258,257,0.17402536402066698,30.608798686273,-6.330181693165152,0.09813781391884735,0.009813781391884734,1.018769534104726,41.78708116664544,147.75020037345277,23.177078440582434,0,,,-0.7804712321932041,0.9846822973617857,0.3261038906182304,-0.22796607669938307,0.6676661669165417,-0.6160010253722202,0.7141388392910676,0.14842578710644677
VWAP_TREND_QQQ,QQQ,True,IS,quoted,0.25,,4258,257,0.16345702207609206,32.06993630432814,-6.746716691787181,-0.40186218608115265,-0.04018621860811526,0.9287973084595041,-171.1129188333549,233.0002003734531,23.177078440582434,0,,,-1.2804712321932044,0.48468229736178586,-0.17389610938176955,-0.2279660766993831,0.6676661669165417,-1.1160010253722201,0.7141388392910675,0.14842578710644677
VWAP_TREND_QQQ,QQQ,True,IS,low,0.5,,4258,257,0.15453264443400658,33.40917428797683,-7.1731571860617525,-0.9018621860811527,-0.09018621860811527,0.8512924609560212,-384.0129188333545,426.51682442546723,23.177078440582434,0,,,-1.7804712321932044,-0.015317702638214203,-0.6738961093817696,-0.22796607669938307,0.6676661669165417,-1.6160010253722203,0.7141388392910677,0.14842578710644677
VWAP_TREND_QQQ,QQQ,True,IS,realistic,1.5,,4258,257,0.1338656646312823,36.4257595452605,-8.98015513262799,-2.901862186081153,-0.29018621860811533,0.6269150855967801,-1235.6129188333516,1262.4080117387623,23.177078440582434,0,,,-3.780471232193204,-2.0153177026382143,-2.67389610938177,-0.22796607669938318,0.6676661669165417,-3.61600102537222,0.714138839291067,0.14842578710644677
VWAP_TREND_QQQ,QQQ,True,IS,pessimistic,4.0,,4258,257,0.10239549084077032,41.88788186287081,-13.581696933685302,-7.9018621860811535,-0.7901862186081153,0.3518278151180379,-3364.612918833365,3379.6243905156575,23.177078440582434,0,,,-8.780471232193202,-7.015317702638215,-7.6738961093817695,-0.22796607669938407,0.6676661669165417,-8.61600102537222,0.714138839291067,0.14842578710644677
VWAP_TREND_QQQ,QQQ,True,IS,opt_bach,200.0,0.01,4258,257,0.07797087834664161,6875.519438423281,-1413.3225475489478,-767.0342574261717,-76.70342574261717,0.4113883748749765,-326603.18681206333,328903.7717553921,23.177078440582434,0,,,-896.873360928504,-625.9133761711302,-705.5829558618301,-61.451301564341634,0.7881059470264867,-819.7722687155733,52.738011289401584,0.19090454772613694
VWAP_TREND_QQQ,QQQ,True,IS,opt_bach_pess,500.0,0.02,4258,257,0.0615312353217473,8045.3549565267,-1984.2613827665798,-1367.1266996066834,-136.71266996066834,0.2658411096853221,-582122.5486925239,584123.1336358526,23.177078440582434,0,,,-1496.656263662405,-1226.0755272553927,-1305.505980426957,-61.62071917972639,0.7881059470264867,-1419.864710896085,52.738011289401584,0.19090454772613694
VWAP_TREND_QQQ,QQQ,True,IS,opt_delta_no_decay,200.0,0.01,4258,257,0.13198684828558008,4350.9023846104155,-1110.5547335462209,-389.71422147387943,-38.97142214738794,0.5957221183746394,-165940.31550357764,167986.51025173513,23.177078440582434,0,,,-481.5219796852412,-292.8777462407999,-341.19992810846503,-48.5142933654144,0.7861069465267366,-387.5437057266619,-2.1705157472175074,0.5047476261869065
VWAP_TREND_QQQ,QQQ,True,OOS,gross,0.0,,4013,256,0.17642661350610517,30.1957272736843,-6.155163163622378,0.25810133416310194,0.02581013341631019,1.050915308028369,103.57606539965268,119.20392062037847,24.496386743084972,0,,,-0.36741487682295687,1.0037141734268749,-0.1761350325684603,0.43423636673156224,0.18990504747626186,-0.40505056213270846,0.6631518962958104,0.07746126936531735
VWAP_TREND_QQQ,QQQ,True,OOS,quoted,0.25,,4013,256,0.1677049588836282,31.25253221804717,-6.587932194236292,-0.24189866583689798,-0.0241898665836898,0.9558828909912265,-97.07393460034699,205.56091165147592,24.496386743084972,0,,,-0.8674148768229569,0.5037141734268749,-0.6761350325684603,0.4342363667315623,0.18990504747626186,-0.9050505621327085,0.6631518962958105,0.07746126936531735
VWAP_TREND_QQQ,QQQ,True,OOS,low,0.5,,4013,256,0.16147520558185896,31.947720333465462,-7.0369575399967585,-0.741898665836898,-0.0741898665836898,0.8742686001990662,-297.7239346003483,363.7021470452799,24.496386743084972,0,,,-1.3674148768229566,0.003714173426874921,-1.17613503256846,0.4342363667315621,0.18990504747626186,-1.4050505621327085,0.6631518962958105,0.07746126936531735
VWAP_TREND_QQQ,QQQ,True,OOS,realistic,1.5,,4013,256,0.13979566409170197,34.77054360423793,-8.838213878325883,-2.741898665836898,-0.2741898665836898,0.6393505568482568,-1100.3239346003484,1111.7529317646733,24.496386743084972,0,,,-3.367414876822957,-1.9962858265731251,-3.1761350325684603,0.4342363667315623,0.18990504747626186,-3.4050505621327085,0.6631518962958105,0.07746126936531735
VWAP_TREND_QQQ,QQQ,True,OOS,pessimistic,4.0,,4013,256,0.11288312982805881,37.48004937172255,-13.496264525672412,-7.7418986658368985,-0.7741898665836898,0.35337414974655884,-3106.82393460035,3109.666850987391,24.496386743084972,0,,,-8.367414876822956,-6.996285826573125,-8.17613503256846,0.43423636673156185,0.18990504747626186,-8.405050562132708,0.6631518962958092,0.07746126936531735
VWAP_TREND_QQQ,QQQ,True,OOS,opt_bach,200.0,0.01,4013,256,0.0847246449040618,6710.07162212751,-1420.6296559513635,-731.7588773451297,-73.17588773451297,0.43722427678095427,-293654.83747860044,297083.34776614496,24.496386743084972,0,,,-847.4632489672953,-591.6729058821145,-709.9162308099753,-21.84264653515436,0.6296851574212894,-803.2264201059072,71.46754276077752,0.09895052473763119
VWAP_TREND_QQQ,QQQ,True,OOS,opt_bach_pess,500.0,0.02,4013,256,0.0655370047346125,7997.40331910711,-1985.8642944940682,-1331.5908376345842,-133.15908376345843,0.28243851019182553,-534367.4031427581,534367.4031427581,24.496386743084972,0,,,-1447.3277565823919,-1191.5559664232203,-1309.8868820153675,-21.703955619216686,0.6281859070464768,-1403.0583803953616,71.4675427607774,0.09895052473763119
VWAP_TREND_QQQ,QQQ,True,OOS,opt_delta_no_decay,200.0,0.01,4013,256,0.1370545726389235,4445.718190859654,-1129.0505944369377,-365.0030410073026,-36.50030410073026,0.6253724197078854,-146475.72035623027,148192.11447466435,24.496386743084972,0,,,-443.93769427320103,-275.5499381847717,-350.51275277632703,-14.49028823097558,0.5987006496751625,-387.1696607393042,22.166619732001607,0.3238380809595202
VWAP_TREND_QQQ,QQQ,True,Y2024,gross,0.0,,1355,82,0.17416974169741697,26.972795614653673,-5.038378597518766,0.5369993464463235,0.05369993464463235,1.129060150545137,72.76341144347685,35.844403703299605,23.23837638376384,0,,,-0.3815374078178206,1.7535544293237042,0.718550738597295,-0.1815513921509715,0.6051974012993503,0.23586488509085254,0.30113446135547095,0.32283858070964516
VWAP_TREND_QQQ,QQQ,True,Y2024,quoted,0.25,,1355,82,0.16309963099630997,28.28293892513447,-5.467720800723059,0.03699934644632361,0.003699934644632361,1.0080856318504516,5.013411443476753,56.618356732785344,23.23837638376384,0,,,-0.8815374078178205,1.2535544293237042,0.21855073859729493,-0.18155139215097132,0.6051974012993503,-0.2641351149091476,0.30113446135547123,0.32283858070964516
VWAP_TREND_QQQ,QQQ,True,Y2024,low,0.5,,1355,82,0.15719557195571957,28.83290065232925,-5.927122350710475,-0.46300065355367626,-0.046300065355367626,0.9073146907994001,-62.73658855652335,115.11835673278544,23.23837638376384,0,,,-1.3815374078178206,0.7535544293237044,-0.28144926140270515,-0.1815513921509711,0.6051974012993503,-0.7641351149091477,0.3011344613554714,0.32283858070964516
VWAP_TREND_QQQ,QQQ,True,Y2024,realistic,1.5,,1355,82,0.13062730627306274,32.512470344879574,-7.718228469107739,-2.463000653553676,-0.24630006535536764,0.6329367532111633,-333.7365885565234,369.17055676755757,23.23837638376384,0,,,-3.3815374078178215,-1.2464455706762956,-2.281449261402705,-0.18155139215097105,0.6051974012993503,-2.7641351149091475,0.3011344613554714,0.32283858070964516
VWAP_TREND_QQQ,QQQ,True,Y2024,pessimistic,4.0,,1355,82,0.0996309963099631,36.83145767638512,-12.364436616292807,-7.463000653553675,-0.7463000653553675,0.3296237626029289,-1011.2365885565217,1034.3869355444378,23.23837638376384,0,,,-8.381537407817818,-6.246445570676294,-7.281449261402704,-0.18155139215097105,0.6051974012993503,-7.764135114909149,0.30113446135547406,0.32283858070964516
VWAP_TREND_QQQ,QQQ,True,Y2024,opt_bach,200.0,0.01,1355,82,0.07749077490774908,7346.654494881851,-1329.2189586170114,-656.9188017038155,-65.69188017038155,0.4642718745240875,-89012.4976308669,92293.82076756199,23.23837638376384,0,,,-859.8069986277322,-388.97687986369345,-675.4114553332834,18.492653629467895,0.45077461269365315,-699.1408384747832,42.22203677096775,0.26286856571714146
VWAP_TREND_QQQ,QQQ,True,Y2024,opt_bach_pess,500.0,0.02,1355,82,0.06199261992619926,8509.729468174915,-1902.0798450709283,-1256.6245075708173,-125.66245075708174,0.29567918026213874,-170272.62077584566,172607.71221887687,23.23837638376384,0,,,-1459.2555520036062,-988.8927198167881,-1274.8256480980644,18.201140527247162,0.4522738630684658,-1298.846544341785,42.222036770967634,0.26286856571714146
VWAP_TREND_QQQ,QQQ,True,Y2024,opt_delta_no_decay,200.0,0.01,1355,82,0.13136531365313653,4532.734013507179,-1002.6213857357702,-275.46768753263746,-27.546768753263745,0.6837019373547985,-37325.87166067229,40660.219673929016,23.23837638376384,0,,,-401.7109379290232,-108.28724390311125,-286.22959527493634,10.761907742298888,0.4612693653173413,-299.15393828375466,23.6862507511172,0.34782608695652173
VWAP_TREND_QQQ,QQQ,True,Y2025,gross,0.0,,3971,247,0.17854444724250818,31.132369673706158,-6.527635685839675,0.19634915423033103,0.019634915423033104,1.036617530946184,77.9702491448644,147.750200373453,23.885167464114833,0,,,-0.7646314629894111,1.2147442433179996,0.2671874082027655,-0.07083825397243446,0.5312343828085957,-0.7669135152118551,0.9632626694421862,0.07546226886556721
VWAP_TREND_QQQ,QQQ,True,Y2025,quoted,0.25,,3971,247,0.16696046335935533,32.77331755502906,-6.93304324290678,-0.30365084576966905,-0.030365084576966905,0.9474243110587841,-120.57975085513579,238.20799497321022,23.885167464114833,0,,,-1.2646314629894113,0.7147442433179994,-0.23281259179723462,-0.07083825397243443,0.5312343828085957,-1.2669135152118551,0.9632626694421861,0.07546226886556721
VWAP_TREND_QQQ,QQQ,True,Y2025,low,0.5,,3971,247,0.1586502140518761,33.979545818798634,-7.362589456568242,-0.8036508457696689,-0.0803650845769669,0.8702640808799014,-319.1297508551358,361.075946157227,23.885167464114833,0,,,-1.7646314629894115,0.21474424331799932,-0.7328125917972346,-0.07083825397243437,0.5312343828085957,-1.7669135152118554,0.9632626694421864,0.07546226886556721
VWAP_TREND_QQQ,QQQ,True,Y2025,realistic,1.5,,3971,247,0.13800050365147318,36.93042920361083,-9.164818203952699,-2.8036508457696696,-0.28036508457696696,0.6451105729864375,-1113.3297508551373,1118.5266410747588,23.885167464114833,0,,,-3.7646314629894104,-1.7852557566820004,-2.7328125917972343,-0.07083825397243526,0.5312343828085957,-3.7669135152118556,0.963262669442186,0.07546226886556721
VWAP_TREND_QQQ,QQQ,True,Y2025,pessimistic,4.0,,3971,247,0.10551498363132712,42.58964386228134,-13.74813014832411,-7.80365084576967,-0.780365084576967,0.36542767903599754,-3098.8297508551473,3102.1411653117257,23.885167464114833,0,,,-8.764631462989412,-6.785255756682,-7.732812591797235,-0.07083825397243437,0.5312343828085957,-8.766913515211856,0.9632626694421864,0.07546226886556721
VWAP_TREND_QQQ,QQQ,True,Y2025,opt_bach,200.0,0.01,3971,247,0.08259884160161168,6961.4965948477675,-1434.347800414935,-740.8607790988517,-74.08607790988518,0.4369812631856074,-294195.8153801534,294945.9951250445,23.885167464114833,0,,,-889.0944093935727,-580.9918301900763,-647.177599866831,-93.68317923202073,0.889055472263868,-814.2882848707156,73.42750577186393,0.12743628185907047
VWAP_TREND_QQQ,QQQ,True,Y2025,opt_bach_pess,500.0,0.02,3971,247,0.06421556283052128,8287.638847200196,-2001.796846625626,-1341.0549423381456,-134.10549423381457,0.2841026546417261,-532532.917602477,533223.097347368,23.885167464114833,0,,,-1489.4313011465204,-1181.3711229091177,-1247.3790850732355,-93.67585726491006,0.8875562218890555,-1414.4824481100093,73.42750577186371,0.12743628185907047
VWAP_TREND_QQQ,QQQ,True,Y2025,opt_delta_no_decay,200.0,0.01,3971,247,0.13548224628557037,4428.680045239783,-1147.0563129714953,-391.6430264649057,-39.16430264649057,0.6050594358864895,-155521.44580921376,156411.41126334624,23.885167464114833,0,,,-493.3441605901213,-281.97080208580195,-318.8375355893753,-72.80549087553038,0.8745627186406797,-404.384483864175,12.741457399269336,0.3963018490754623
VWAP_TREND_QQQ,QQQ,True,Y2026,gross,0.0,,2945,184,0.17113752122241085,30.99457315988263,-6.421536260877213,-0.018236040821878605,-0.0018236040821878606,0.9965738282002089,-5.37051402204319,119.2039206203783,23.991850594227504,0,,,-0.7752693199768157,0.8373503488372657,-0.45939455627073766,0.44115851544885903,0.24437781109445278,-0.5170063233498475,0.4987702825279689,0.21189405297351324
VWAP_TREND_QQQ,QQQ,True,Y2026,quoted,0.25,,2945,184,0.16468590831918506,31.699774864163185,-6.870160955016087,-0.5182360408218786,-0.051823604082187856,0.9096951879806303,-152.62051402204298,205.56091165147578,23.991850594227504,0,,,-1.275269319976816,0.33735034883726556,-0.9593945562707377,0.4411585154488591,0.24437781109445278,-1.0170063233498476,0.49877028252796907,0.21189405297351324
VWAP_TREND_QQQ,QQQ,True,Y2026,low,0.5,,2945,184,0.1572156196943973,32.692954109687065,-7.306826306609808,-1.0182360408218787,-0.10182360408218787,0.834650379207729,-299.87051402204435,344.260911651477,23.991850594227504,0,,,-1.775269319976816,-0.16264965116273433,-1.4593945562707376,0.44115851544885887,0.24437781109445278,-1.5170063233498476,0.49877028252796896,0.21189405297351324
VWAP_TREND_QQQ,QQQ,True,Y2026,realistic,1.5,,2945,184,0.13786078098471988,35.163486325501346,-9.12370247671287,-3.0182360408218787,-0.3018236040821879,0.6162886156898816,-888.8705140220436,909.9888628720283,23.991850594227504,0,,,-3.775269319976816,-2.1626496511627344,-3.459394556270738,0.4411585154488593,0.24437781109445278,-3.5170063233498476,0.49877028252796896,0.21189405297351324
VWAP_TREND_QQQ,QQQ,True,Y2026,pessimistic,4.0,,2945,184,0.11375212224108659,37.08737699401228,-13.807653805829327,-8.01823604082188,-0.8018236040821879,0.3447549646972752,-2361.3705140220427,2372.4787912295737,23.991850594227504,0,,,-8.775269319976815,-7.1626496511627336,-8.459394556270738,0.4411585154488584,0.24437781109445278,-8.517006323349849,0.4987702825279694,0.21189405297351324
VWAP_TREND_QQQ,QQQ,True,Y2026,opt_bach,200.0,0.01,2945,184,0.08115449915110357,6315.176569067868,-1433.7857770893033,-804.9226189461576,-80.49226189461577,0.3890194705534344,-237049.71127964382,238589.29375866643,23.991850594227504,0,,,-921.8181643023323,-676.4282793612234,-804.1226788632661,-0.7999400828915668,0.4992503748125937,-860.1233713823342,55.20075243617657,0.20789605197401298
VWAP_TREND_QQQ,QQQ,True,Y2026,opt_bach_pess,500.0,0.02,2945,184,0.06315789473684211,7435.671452539906,-2000.6810528242238,-1404.7008945906996,-140.47008945906995,0.25055529006581034,-413684.41345695965,414863.99593598227,23.991850594227504,0,,,-1521.5483774231502,-1276.231246375533,-1403.96924352698,-0.7316510637194824,0.49975012493753124,-1459.9016470268762,55.20075243617657,0.20789605197401298
VWAP_TREND_QQQ,QQQ,True,Y2026,opt_delta_no_decay,200.0,0.01,2945,184,0.13446519524617997,4295.1909757085405,-1136.3604591133,-406.00583494031224,-40.60058349403123,0.5872076642670817,-119568.71838992203,122390.62040961366,23.991850594227504,0,,,-489.3727503525977,-309.87135602708946,-409.335149526077,3.3293145857647346,0.47876061969015493,-404.99442299892274,-1.0114119413894969,0.5157421289355323
VWAP_TREND_QQQ,SPY,False,all,gross,0.0,,8433,513,0.16933475631447883,22.50131718863188,-4.54201059210948,0.037364727574933754,0.003736472757493375,1.0099034756523864,31.50967476394193,132.3693066797566,23.35965848452508,0,,,-0.39222744078004373,0.47703012289346997,-0.22091950933263613,0.25828423690756985,0.2353823088455772,-0.3570038008004422,0.39436852837537595,0.14842578710644677
VWAP_TREND_QQQ,SPY,False,all,quoted,0.25,,8433,513,0.15783232538835526,23.621979711887555,-4.9763810544752065,-0.46263527242506625,-0.046263527242506625,0.8896108102406305,-390.1403252360595,452.55134795546485,23.35965848452508,0,,,-0.8922274407800437,-0.02296987710653004,-0.7209195093326362,0.2582842369075699,0.2353823088455772,-0.8570038008004421,0.3943685283753759,0.14842578710644677
VWAP_TREND_QQQ,SPY,False,all,low,0.5,,8433,513,0.14787145736985652,24.69801348610994,-5.415575573272986,-0.9626352724250663,-0.09626352724250663,0.7914010886368185,-811.7903252360626,866.4513479554678,23.35965848452508,0,,,-1.3922274407800435,-0.5229698771065301,-1.2209195093326362,0.25828423690756985,0.2353823088455772,-1.3570038008004421,0.39436852837537584,0.14842578710644677
VWAP_TREND_QQQ,SPY,False,all,realistic,1.5,,8433,513,0.1207162338432349,28.044598995742614,-7.219596093058202,-2.9626352724250666,-0.29626352724250665,0.533301685028652,-2498.3903252360633,2522.0513479554693,23.35965848452508,0,,,-3.3922274407800437,-2.52296987710653,-3.220919509332636,0.2582842369075693,0.2353823088455772,-3.357003800800442,0.3943685283753755,0.14842578710644677
VWAP_TREND_QQQ,SPY,False,all,pessimistic,4.0,,8433,513,0.08822483102098898,32.503734101188215,-11.878226222349412,-7.962635272425066,-0.7962635272425066,0.2647797324469646,-6714.890325236093,6732.367960198236,23.35965848452508,0,,,-8.392227440780044,-7.52296987710653,-8.220919509332637,0.25828423690757063,0.2353823088455772,-8.357003800800442,0.3943685283753755,0.14842578710644677
VWAP_TREND_QQQ,SPY,False,all,opt_bach,200.0,0.01,8433,513,0.07529941894936559,7488.70805440104,-1413.6726771135602,-743.3285807644828,-74.33285807644829,0.4313686013235836,-626848.9921586863,631573.1112145748,23.35965848452508,0,,,-835.0277049935573,-643.4467399021028,-703.1800190086763,-40.148561755806554,0.7791104447776112,-772.8578793049893,29.52929854050649,0.2938530734632684
VWAP_TREND_QQQ,SPY,False,all,opt_bach_pess,500.0,0.02,8433,513,0.06130677101861734,8531.152605780733,-1988.4029134990014,-1343.4829320608867,-134.34829320608867,0.2802128694690263,-1132959.1566069487,1136584.8792800999,23.35965848452508,0,,,-1435.130710037555,-1243.6592118250517,-1303.1225071840831,-40.36042487680356,0.7816091954022989,-1373.012230601393,29.52929854050626,0.2938530734632684
VWAP_TREND_QQQ,SPY,False,all,opt_delta_no_decay,200.0,0.01,8433,513,0.12522234080398434,4707.441953951306,-1123.8022175761366,-393.6001726178799,-39.36001726178799,0.5996242987333374,-331923.02556865796,337676.1204475567,23.35965848452508,0,,,-458.0403177946401,-322.801037151897,-362.3219675574523,-31.27820506042758,0.7656171914042978,-361.4413124135039,-32.15886020437597,0.8030984507746127
VWAP_TREND_QQQ,SPY,False,IS,gross,0.0,,4291,257,0.16499650431134932,24.678125100931954,-4.882285162254823,-0.004920802819670548,-0.0004920802819670547,0.998792952037358,-2.1115164899205086,123.56255562324696,22.99883477044978,0,,,-0.6588204112986904,0.6677694012826155,-0.01541353668314931,0.010492733863478761,0.5122438780609695,-0.6643727401734824,0.6594519373538118,0.1539230384807596
VWAP_TREND_QQQ,SPY,False,IS,quoted,0.25,,4291,257,0.15474248426940107,25.79506489007203,-5.319696237084928,-0.5049208028196706,-0.050492080281967056,0.8877083692487401,-216.66151648992087,256.7259449129773,22.99883477044978,0,,,-1.1588204112986902,0.1677694012826155,-0.5154135366831493,0.01049273386347871,0.5122438780609695,-1.1643727401734822,0.6594519373538117,0.1539230384807596
VWAP_TREND_QQQ,SPY,False,IS,low,0.5,,4291,257,0.1433232346772314,27.331907826243423,-5.745712317203186,-1.0049208028196706,-0.10049208028196706,0.7958398524128789,-431.21151648992316,466.8759449129796,22.99883477044978,0,,,-1.6588204112986902,-0.3322305987173846,-1.0154135366831492,0.010492733863478598,0.5122438780609695,-1.6643727401734822,0.6594519373538117,0.1539230384807596
VWAP_TREND_QQQ,SPY,False,IS,realistic,1.5,,4291,257,0.11815427639244931,30.95686628842169,-7.55529766731739,-3.0049208028196706,-0.30049208028196706,0.5489872311912927,-1289.4115164899208,1307.5456575143037,22.99883477044978,0,,,-3.6588204112986906,-2.3322305987173846,-3.015413536683149,0.010492733863478598,0.5122438780609695,-3.6643727401734827,0.6594519373538121,0.1539230384807596
VWAP_TREND_QQQ,SPY,False,IS,pessimistic,4.0,,4291,257,0.08506175716616174,37.09795217260169,-12.1981323759294,-8.00492080281967,-0.8004920802819671,0.2827477541928194,-3434.911516489919,3449.1042266459,22.99883477044978,0,,,-8.658820411298688,-7.332230598717385,-8.015413536683148,0.01049273386347771,0.5122438780609695,-8.664372740173484,0.659451937353813,0.1539230384807596
VWAP_TREND_QQQ,SPY,False,IS,opt_bach,200.0,0.01,4291,257,0.07061291074341645,7947.001001444387,-1407.4695824367648,-746.9231860452501,-74.692318604525,0.4289945044226646,-320504.73913201544,323831.7115393235,22.99883477044978,0,,,-884.1279715651705,-599.5061597884207,-698.242259645703,-48.68092639954705,0.7486256871564217,-780.6774363369678,33.75425029171777,0.3153423288355822
VWAP_TREND_QQQ,SPY,False,IS,opt_bach_pess,500.0,0.02,4291,257,0.05756233978093685,9084.123662891609,-1984.4670255792344,-1347.3330474733618,-134.73330474733618,0.27959213927008364,-578140.6106708223,581347.5830781304,22.99883477044978,0,,,-1484.3350151210086,-1199.5995307570229,-1298.33061113297,-49.002436340391796,0.7491254372813593,-1381.0872977650797,33.75425029171788,0.3153423288355822
VWAP_TREND_QQQ,SPY,False,IS,opt_delta_no_decay,200.0,0.01,4291,257,0.1216499650431135,4752.737333812263,-1120.3226206013046,-405.86508245078437,-40.58650824507844,0.5875503288783346,-174156.70687963167,176407.44574989338,22.99883477044978,0,,,-496.2824365810569,-311.0199316833791,-353.29899356721546,-52.56608888356891,0.8075962018990505,-375.1583183585807,-30.706764092203684,0.712143928035982
VWAP_TREND_QQQ,SPY,False,OOS,gross,0.0,,4142,256,0.17382906808305165,20.360789408203466,-4.185726610569221,0.0811713936597349,0.00811713936597349,1.0234726559318854,33.62119125386246,72.43623527991073,23.733462095605987,0,,,-0.36537914903088087,0.5750678441282294,-0.43381814010012726,0.5149895337598621,0.08995502248875563,-0.03857789088983972,0.11974928454957462,0.38830584707646176
VWAP_TREND_QQQ,SPY,False,OOS,quoted,0.25,,4142,256,0.16103331723804926,21.458668530006758,-4.618048919993061,-0.4188286063402651,-0.041882860634026506,0.8918981582562325,-173.4788087461381,232.30977024296587,23.733462095605987,0,,,-0.8653791490308809,0.07506784412822935,-0.9338181401001272,0.5149895337598621,0.08995502248875563,-0.5385778908898395,0.11974928454957445,0.38830584707646176
VWAP_TREND_QQQ,SPY,False,OOS,low,0.5,,4142,256,0.15258329309512314,22.134967569682573,-5.069825524644092,-0.918828606340265,-0.0918828606340265,0.786132657797139,-380.57880874613875,423.1291817217394,23.733462095605987,0,,,-1.3653791490308809,-0.42493215587177063,-1.4338181401001273,0.5149895337598623,0.08995502248875563,-1.0385778908898395,0.11974928454957456,0.38830584707646176
VWAP_TREND_QQQ,SPY,False,OOS,realistic,1.5,,4142,256,0.12337035248672139,25.155128315922084,-6.869749010437225,-2.9188286063402646,-0.29188286063402646,0.5153239393093596,-1208.9788087461395,1214.5056904411624,23.733462095605987,0,,,-3.365379149030881,-2.4249321558717702,-3.4338181401001275,0.5149895337598629,0.08995502248875563,-3.0385778908898398,0.11974928454957512,0.38830584707646176
VWAP_TREND_QQQ,SPY,False,OOS,pessimistic,4.0,,4142,256,0.09150169000482858,28.07922329362642,-11.544462852975228,-7.918828606340265,-0.7918828606340265,0.2449719456447818,-3279.978808746139,3283.2637335523004,23.733462095605987,0,,,-8.365379149030879,-7.424932155871771,-8.433818140100128,0.5149895337598629,0.08995502248875563,-8.038577890889838,0.11974928454957379,0.38830584707646176
VWAP_TREND_QQQ,SPY,False,OOS,opt_bach,200.0,0.01,4142,256,0.08015451472718493,7070.446720201836,-1420.1655751637072,-739.6046668920123,-73.96046668920124,0.433831398527152,-306344.2530266726,307741.3996752532,23.733462095605987,0,,,-855.1073429830251,-610.221917200282,-708.2954041913218,-31.30926270069051,0.6761619190404797,-764.7570296612857,25.152362769273395,0.36431784107946025
VWAP_TREND_QQQ,SPY,False,OOS,opt_bach_pess,500.0,0.02,4142,256,0.06518590053114437,8025.2864905718925,-1992.5136394152046,-1339.4943166009805,-133.94943166009804,0.2808585553008905,-554818.5459361267,555237.29620197,23.733462095605987,0,,,-1454.600709447415,-1210.5113608683223,-1308.0867819197972,-31.40753468118328,0.6766616691654173,-1364.6466793702537,25.152362769273168,0.36431784107946025
VWAP_TREND_QQQ,SPY,False,OOS,opt_delta_no_decay,200.0,0.01,4142,256,0.12892322549493,4663.164447795089,-1127.4370848150895,-380.89405767510027,-38.08940576751003,0.6121574558711322,-157766.31868902687,161976.9035280411,23.733462095605987,0,,,-463.2071035477016,-293.9608780482405,-371.66952462942396,-9.22453304567631,0.5767116441779111,-347.23086516330494,-33.66319251179533,0.7386306846576711
VWAP_TREND_QQQ,SPY,False,Y2024,gross,0.0,,1363,82,0.16581071166544387,19.53351717444845,-3.587613640313218,0.2461175145922371,0.024611751459223712,1.0822379442211367,33.54581723892197,55.179631516094716,23.101980924431402,0,,,-0.5338873602198599,1.1632396239438396,0.2837905450790528,-0.03767303048681572,0.52023988005997,-0.05921510909129124,0.3053326236835283,0.2983508245877061
VWAP_TREND_QQQ,SPY,False,Y2024,quoted,0.25,,1363,82,0.1533382245047689,20.60386768333929,-4.031412628621051,-0.2538824854077629,-0.02538824854077629,0.925618396536971,-34.604182761078235,95.28266311880535,23.101980924431402,0,,,-1.03388736021986,0.6632396239438397,-0.21620945492094726,-0.03767303048681567,0.52023988005997,-0.5592151090912914,0.3053326236835284,0.2983508245877061
VWAP_TREND_QQQ,SPY,False,Y2024,low,0.5,,1363,82,0.14233308877476156,21.684853483435198,-4.477676136353471,-0.753882485407763,-0.0753882485407763,0.8036945668070042,-102.75418276107827,153.93266311880546,23.101980924431402,0,,,-1.5338873602198597,0.16323962394383973,-0.7162094549209471,-0.03767303048681592,0.52023988005997,-1.0592151090912916,0.30533262368352854,0.2983508245877061
VWAP_TREND_QQQ,SPY,False,Y2024,realistic,1.5,,1363,82,0.11151870873074102,25.412964027510647,-6.2892752764594535,-2.7538824854077633,-0.2753882485407763,0.5071707080415631,-375.3541827610782,394.4752131651457,23.101980924431402,0,,,-3.533887360219861,-1.83676037605616,-2.7162094549209472,-0.03767303048681603,0.52023988005997,-3.0592151090912916,0.3053326236835283,0.2983508245877061
VWAP_TREND_QQQ,SPY,False,Y2024,pessimistic,4.0,,1363,82,0.08143800440205429,28.910109848787727,-11.004444106091228,-7.753882485407763,-0.7753882485407763,0.23291651473109962,-1056.854182761078,1071.5337822967435,23.101980924431402,0,,,-8.53388736021986,-6.836760376056161,-7.716209454920947,-0.037673030486815584,0.52023988005997,-8.059215109091292,0.30533262368352965,0.2983508245877061
VWAP_TREND_QQQ,SPY,False,Y2024,opt_bach,200.0,0.01,1363,82,0.07043286867204696,8943.494031145392,-1403.120925818233,-674.3791533541771,-67.43791533541771,0.48295507933880316,-91917.87860217437,101595.77096426259,23.101980924431402,0,,,-935.0347218040771,-356.8986645104925,-628.5622452359753,-45.81690811820181,0.6261869065467266,-620.2394531277655,-54.139700226411605,0.6766616691654173
VWAP_TREND_QQQ,SPY,False,Y2024,opt_bach_pess,500.0,0.02,1363,82,0.06016140865737344,9814.669435098785,-1985.5867219453949,-1275.6666890197732,-127.56666890197731,0.31641097540537394,-173873.36971339484,177819.86903370303,23.101980924431402,0,,,-1536.009535607449,-957.6932211186115,-1229.102134613847,-46.564554405926174,0.6291854072963519,-1221.5269887933614,-54.13970022641183,0.6766616691654173
VWAP_TREND_QQQ,SPY,False,Y2024,opt_delta_no_decay,200.0,0.01,1363,82,0.11885546588407923,5213.272646258727,-1113.3242824794297,-361.37365705347133,-36.13736570534713,0.6316271130308159,-49255.22945638815,54687.15157394983,23.101980924431402,0,,,-519.2060274431926,-172.4785819508445,-318.5947715055214,-42.778885547949926,0.6541729135432284,-271.2108194120977,-90.16283764137364,0.8225887056471765
VWAP_TREND_QQQ,SPY,False,Y2025,gross,0.0,,4028,247,0.17154915590863953,24.93197689798805,-5.078875745925628,0.06946069323632655,0.0069460693236326546,1.016508392294001,27.978767235592347,132.36930667975653,23.547169811320753,0,,,-0.6767864736039612,0.7897180903073192,-0.23782005624401384,0.3072807494803404,0.33183408295852074,-0.7129435262055138,0.7824042194418404,0.13993003498250875
VWAP_TREND_QQQ,SPY,False,Y2025,quoted,0.25,,4028,247,0.16112214498510427,26.02706864280409,-5.512216595686277,-0.43053930676367336,-0.04305393067636734,0.9068918273966097,-173.4212327644075,228.51930667975628,23.547169811320753,0,,,-1.1767864736039613,0.2897180903073192,-0.7378200562440138,0.30728074948034045,0.33183408295852074,-1.2129435262055137,0.7824042194418404,0.13993003498250875
VWAP_TREND_QQQ,SPY,False,Y2025,low,0.5,,4028,247,0.14970208540218471,27.493637988258044,-5.934854316660928,-0.9305393067636736,-0.09305393067636736,0.8156031295084082,-374.82123276441024,397.3563305149411,23.547169811320753,0,,,-1.6767864736039617,-0.21028190969268085,-1.2378200562440138,0.30728074948034023,0.33183408295852074,-1.7129435262055135,0.7824042194418399,0.13993003498250875
VWAP_TREND_QQQ,SPY,False,Y2025,realistic,1.5,,4028,247,0.12462760675273088,30.84979759762442,-7.739878253446266,-2.930539306763673,-0.2930539306763673,0.567465677438485,-1180.421232764406,1195.3563305149369,23.547169811320753,0,,,-3.6767864736039613,-2.210281909692681,-3.237820056244014,0.3072807494803409,0.33183408295852074,-3.712943526205514,0.7824042194418408,0.13993003498250875
VWAP_TREND_QQQ,SPY,False,Y2025,pessimistic,4.0,,4028,247,0.08714001986097318,38.10030466453034,-12.324563302935607,-7.9305393067636745,-0.7930539306763674,0.2951008056985693,-3194.4212327644173,3197.50461365936,23.547169811320753,0,,,-8.676786473603961,-7.210281909692681,-8.237820056244015,0.30728074948034045,0.33183408295852074,-8.712943526205514,0.7824042194418395,0.13993003498250875
VWAP_TREND_QQQ,SPY,False,Y2025,opt_bach,200.0,0.01,4028,247,0.0749751737835154,7629.778023052493,-1413.1140985542036,-735.1216902311594,-73.51216902311594,0.4376216165346772,-296107.01682511123,297684.6215503076,23.547169811320753,0,,,-866.4423160854174,-591.8167023104738,-699.1437952735814,-35.97789495757797,0.68015992003998,-806.9830516751911,71.86136144403167,0.17891054472763618
VWAP_TREND_QQQ,SPY,False,Y2025,opt_bach_pess,500.0,0.02,4028,247,0.05958291956305859,8927.741007783723,-1985.443680721854,-1335.2042752498232,-133.52042752498232,0.284895298290856,-537820.2820706279,539337.8867958243,23.547169811320753,0,,,-1466.3828381936005,-1191.8689818914438,-1299.1341887433448,-36.07008650647845,0.68015992003998,-1407.0656366938551,71.8613614440319,0.17891054472763618
VWAP_TREND_QQQ,SPY,False,Y2025,opt_delta_no_decay,200.0,0.01,4028,247,0.12686196623634557,4658.525565134837,-1127.0979255385964,-393.1223536085753,-39.31223536085753,0.6005309080487087,-158349.6840335342,160848.60888663336,23.547169811320753,0,,,-489.08044866794665,-293.3370955517402,-364.21836816151455,-28.903985447060734,0.6756621689155422,-382.93522035973524,-10.187133248840041,0.5592203898050975
VWAP_TREND_QQQ,SPY,False,Y2026,gross,0.0,,3042,184,0.16798159105851412,20.52702549399457,-4.262923399659009,-0.09866834224382856,-0.009866834224382856,0.9721812656555564,-30.01490971057266,72.43623527991085,23.22682445759369,0,,,-0.6228174891018287,0.47224027039325694,-0.4246816399059769,0.32601329766214837,0.21889055472263869,-0.019121083137044487,-0.07954725910678408,0.5977011494252874
VWAP_TREND_QQQ,SPY,False,Y2026,quoted,0.25,,3042,184,0.15548980933596318,21.65555835417456,-4.696079485648227,-0.5986683422438286,-0.05986683422438285,0.8490455363474897,-182.11490971057282,205.23335212106537,23.22682445759369,0,,,-1.1228174891018285,-0.027759729606742976,-0.9246816399059767,0.32601329766214815,0.21889055472263869,-0.5191210831370445,-0.07954725910678406,0.5977011494252874
VWAP_TREND_QQQ,SPY,False,Y2026,low,0.5,,3042,184,0.14792899408284024,22.250883409940133,-5.152409965886877,-1.0986683422438286,-0.10986683422438287,0.7497463551191937,-334.2149097105736,353.34179140559587,23.22682445759369,0,,,-1.6228174891018285,-0.527759729606743,-1.4246816399059767,0.32601329766214815,0.21889055472263869,-1.0191210831370445,-0.07954725910678406,0.5977011494252874
VWAP_TREND_QQQ,SPY,False,Y2026,realistic,1.5,,3042,184,0.11965811965811966,25.274815526035457,-6.95525838259247,-3.0986683422438284,-0.3098668342243828,0.4939301504126553,-942.6149097105701,948.1417914055925,23.22682445759369,0,,,-3.6228174891018283,-2.5277597296067427,-3.4246816399059767,0.32601329766214837,0.21889055472263869,-3.0191210831370445,-0.07954725910678384,0.5977011494252874
VWAP_TREND_QQQ,SPY,False,Y2026,pessimistic,4.0,,3042,184,0.09270216962524655,26.95230156318597,-11.679963093450786,-8.09866834224383,-0.809866834224383,0.2357731864566161,-2463.6149097105704,2466.899834516732,23.22682445759369,0,,,-8.622817489101829,-7.5277597296067436,-8.424681639905977,0.32601329766214704,0.21889055472263869,-8.019121083137044,-0.07954725910678562,0.5977011494252874
VWAP_TREND_QQQ,SPY,False,Y2026,opt_bach,200.0,0.01,3042,184,0.07790927021696252,6719.667614315816,-1419.180817079101,-785.0890753826527,-78.50890753826526,0.4000603767327564,-238824.09673140303,240221.2433799838,23.22682445759369,0,,,-907.4022998183323,-648.6186092488227,-741.9577753719743,-43.13130001067839,0.6906546726636682,-796.0540399139252,10.964964531272472,0.4497751124437781
VWAP_TREND_QQQ,SPY,False,Y2026,opt_bach_pess,500.0,0.02,3042,184,0.0641025641025641,7503.308521243305,-1993.6073796528497,-1384.8307193389933,-138.48307193389934,0.2577865864794998,-421265.5048229218,421684.25508876506,23.22682445759369,0,,,-1507.0241959499294,-1248.494723446277,-1341.5691588910279,-43.261560447965394,0.6916541729135433,-1395.795683870266,10.964964531272699,0.4497751124437781
VWAP_TREND_QQQ,SPY,False,Y2026,opt_delta_no_decay,200.0,0.01,3042,184,0.12590401051939515,4558.751882231757,-1124.1756644159918,-408.6722948018931,-40.86722948018931,0.5841067332922133,-124318.11207873611,127997.8053884979,23.22682445759369,0,,,-503.1363370154606,-312.51811843036813,-379.4033175198517,-29.268977282041362,0.6506746626686657,-373.4093271253702,-35.26296767652286,0.7211394302848576
